tree
version=v4
num_class=1
num_tree_per_iteration=1
label_index=0
max_feature_idx=35
objective=regression
feature_names=day_of_month weekday is_weekend is_month_end days_to_month_end lag_1_net lag_2_net lag_3_net lag_7_net lag_14_net lag_1_outflow lag_2_outflow lag_3_outflow lag_7_outflow lag_1_inflow roll_3_inflow roll_3_outflow roll_3_net roll_7_inflow roll_7_outflow roll_7_net roll_14_outflow roll_14_net roll_28_inflow roll_28_outflow roll_28_net max_7_outflow shortfall_last_7 mtd_inflow mtd_outflow mtd_cash_out_bdt mtd_cash_out_count roll_7_cash_out_bdt roll_28_cash_out_bdt days_since_cash_out balance_end_bdt
feature_infos=[1:31] [0:6] [0:1] [0:1] [0:30] [-35624.599999999999:194800] [-35624.599999999999:194800] [-35624.599999999999:194800] [-35624.599999999999:194800] [-33358.660000000003:194800] [0:35040] [0:35040] [0:35040] [0:35040] [0:195400] [0:65133.333333333336] [0:16550] [-16842.856666666667:64933.333333333336] [0:27914.285714285714] [0:9166.3942857142865] [-9322.3885714285734:27828.571428571428] [0:5658.6300000000001] [-5615.1571428571433:13698.571428571429] [0:6978.5714285714284] [0:4304.6721428571427] [-4002.8653571428572:6430.7142857142853] [0:35040] [0:4] [0:228820] [0:111584.75999999999] [0:89484.75] [0:7] [0:8432.1071428571431] [0:3460.7432142857142] [0:28] [0:236740]
tree_sizes=5697 5650 5652 5672 5667 5654 5685 5675 5653 5660 5650 5641 5639 5676 5666 5684 5641 5652 5651 5664 5638 5622 5648 5652 5630 5667 5678 5624 5625 5661 5651 5661 5648 5607 5633 5671 5615 5636 5664 5648 5636 5639 5635 5605 5579 5603 5647 5640 5616 5624 5598 5595 5618 5599 5654 5612 5647 5593 5596 5623 5642 5676 5632 5601 5637 5549 5620 5628 5613 5611 5646 5644 5601 5590 5598 5638 5635 5567 5549 5554 5605 5638 5541 5540 5571 5537 5532 5598 5460 5461 5504 5435 5498 5453 5571 5501 5441 5437 5544 5524 5521 5534 5475 5488 5503 5450 5570 5471 5455 5374 5458 5455 5487 5435 5482 5412 5494 5444 5396 5540 5396 5611

Tree=0
num_leaves=63
num_cat=0
split_feature=22 22 4 22 25 25 25 25 25 22 22 28 28 25 22 35 25 25 35 35 21 30 28 28 22 24 4 28 24 20 28 20 15 4 24 22 25 28 25 24 25 15 24 34 24 28 34 24 35 30 25 21 33 19 14 33 20 25 35 35 28 22
split_gain=1.04664e+10 4.27717e+09 1.95197e+09 1.85004e+09 1.35394e+09 8.95579e+08 6.27025e+08 5.80893e+08 5.5266e+08 3.06532e+08 2.417e+08 2.37567e+08 2.3104e+08 1.95586e+08 1.89381e+08 1.54372e+08 1.53049e+08 1.38698e+08 1.38258e+08 1.29141e+08 1.23853e+08 1.05338e+08 9.76137e+07 9.23105e+07 9.22087e+07 8.23481e+07 8.18982e+07 8.25425e+07 8.13757e+07 7.36799e+07 7.10318e+07 6.92818e+07 6.19468e+07 5.87629e+07 5.53338e+07 5.49508e+07 5.45106e+07 5.33457e+07 5.30309e+07 5.29766e+07 4.73785e+07 4.73785e+07 5.394e+07 4.53729e+07 4.41605e+07 4.09571e+07 4.0562e+07 4.23474e+07 5.02969e+07 3.96475e+07 3.69884e+07 3.47012e+07 3.4446e+07 4.40509e+07 3.41484e+07 3.39302e+07 3.24104e+07 4.03756e+07 3.15079e+07 2.95028e+07 2.88099e+07 2.83819e+07
threshold=534.48392857142869 -470.34214285714285 13.500000000000002 1546.8121428571428 -392.85696428571424 2111.1917857142857 1207.6785714285716 -67.861428571428561 41.634464285714337 886.83464285714297 -925.02607142857107 19075.000000000004 48925.000000000007 -1097.8932142857141 1.0000000180025095e-35 110465.84000000001 -162.97946428571427 288.08267857142857 0.20000000000000004 19051.065000000006 942.50000000000011 38544.735000000008 32885.000000000007 32885.000000000007 -122.85571428571427 1075.8146428571433 13.500000000000002 29545.000000000004 974.71321428571434 1245.7464285714289 2075.0000000000005 -324.28285714285704 485.00000000000006 13.500000000000002 424.98357142857151 2421.9107142857151 101.06910714285719 56880.000000000007 -325.1832142857142 528.68303571428589 -60.9460714285714 508.33333333333343 930.42053571428585 8.5000000000000018 1801.2500000000002 9875.0000000000018 13.500000000000002 1306.1733928571432 22176.340000000004 2385.0000000000005 -11.882857142857215 1286.0714285714287 798.52232142857156 1729.882142857143 845.00000000000011 469.10714285714295 -1395.7314285714285 -162.97946428571427 76700.345000000016 2144.8700000000003 40250.000000000007 280.73500000000007
decision_type=2 2 2 2 2 2 2 2 2 2 2 2 2 2 2 2 2 2 2 2 2 2 2 2 2 2 2 2 2 2 2 2 2 2 2 2 2 2 2 2 2 2 2 2 2 2 2 2 2 2 2 2 2 2 2 2 2 2 2 2 2 2
left_child=1 2 4 9 13 10 12 19 14 33 25 -9 22 18 16 -8 21 24 -1 38 28 55 40 51 -10 -6 31 44 39 34 -21 -11 46 36 -16 -14 -2 -20 -4 -12 -5 42 -15 -26 -28 -35 47 -27 -49 58 -29 -13 -50 -54 -32 -3 -36 -58 -24 -44 -47 -45
right_child=3 8 7 6 5 -7 15 11 17 26 20 23 35 41 29 -17 -18 -19 37 30 -22 -23 49 -25 43 32 27 50 -30 -31 54 -33 -34 45 56 -37 -38 -39 -40 -41 -42 -43 59 61 -46 60 -48 48 52 -51 -52 -53 53 -55 -56 -57 57 -59 -60 -61 -62 -63
leaf_value=415.7632905303189 -3.7349468204540521 3.5846664146076748 70.030452945623693 -80.010507375277257 69.106748500901659 -277.2236951845054 -336.48394234001472 -14.312263570706033 -16.941461289294807 53.443090009117654 13.856921379439569 -120.00495928743408 -243.54139558886135 144.93561930856748 -41.47941006824415 -537.56049598000368 -9.8403405353477496 -73.717064013471543 256.39804672976175 88.715292641218198 -1.2036577929170207 178.91980222976085 -216.73626127076233 -199.73851053500081 -36.806649849662492 91.943861949452199 -120.56349855669905 -121.73786968560523 101.97039404717799 -81.718944010822852 -46.511888845153869 -94.814193874043198 16.213948247985982 -62.490446554409857 -73.608072133108863 -342.45566083601375 -73.145031936794254 129.59950509540442 15.62370544943591 58.63571408925948 -164.15593572960057 66.246642987973019 250.02379556837786 -44.651061139203577 -50.440430742869893 -94.389811635689298 193.12763340039086 153.96600059633693 122.84689334743697 -182.53397441945225 -159.04225916121939 -20.761371977981305 -21.894339086041256 105.27087572862621 33.492822161320504 30.829492498435265 7.4545267366564687 -20.80635642521554 -303.84446718795743 182.90975486329603 -172.78706722952438 -64.891400716352877
leaf_weight=51 153 816 326 83 773 75 113 224 1697 40 307 295 106 322 1340 58 6567 1233 179 50 381 42 450 164 4934 648 1654 359 390 228 423 148 68 437 103 121 434 41 398 1902 347 44 95 1776 95 1979 62 353 221 403 1031 40 45 69 61 1040 588 3603 46 217 48 1136
leaf_count=51 153 816 326 83 773 75 113 224 1697 40 307 295 106 322 1340 58 6567 1233 179 50 381 42 450 164 4934 648 1654 359 390 228 423 148 68 437 103 121 434 41 398 1902 347 44 95 1776 95 1979 62 353 221 403 1031 40 45 69 61 1040 588 3603 46 217 48 1136
internal_value=-29.328 -4.5419 58.0473 -131.246 85.4907 65.7719 -223.059 -28.4396 -25.0469 -106.384 70.7033 -99.8662 -203.074 195.482 -12.1788 -404.814 -2.61126 -42.1555 267.315 12.612 52.0468 22.3998 -187.137 -138.269 -38.0774 95.5317 -127.378 -131.218 59.8524 -25.9948 -24.6961 -63.2564 109.461 -83.4894 -23.7392 -296.324 -55.0528 232.809 40.127 52.4136 -147.922 166.749 173.716 -42.6489 -116.755 -90.2632 113.995 110.315 127.607 -205.886 -149.411 -108.155 99.8087 55.0995 -36.4232 18.8524 -18.2031 -16.8409 -224.842 203.387 -96.2498 -52.5475
internal_weight=41432 33327 8224 8105 6243 5294 1727 1981 25103 6378 5219 723 1556 949 14327 171 8465 10776 271 1258 2980 1898 1329 499 9543 2239 3327 3139 2599 5862 534 188 1466 3051 5634 227 587 220 724 2209 430 678 634 7846 1749 2464 1398 1336 688 899 1390 335 335 114 484 1856 4294 4191 496 312 2027 2912
internal_count=41432 33327 8224 8105 6243 5294 1727 1981 25103 6378 5219 723 1556 949 14327 171 8465 10776 271 1258 2980 1898 1329 499 9543 2239 3327 3139 2599 5862 534 188 1466 3051 5634 227 587 220 724 2209 430 678 634 7846 1749 2464 1398 1336 688 899 1390 335 335 114 484 1856 4294 4191 496 312 2027 2912
is_linear=0
shrinkage=1


Tree=1
num_leaves=63
num_cat=0
split_feature=22 22 4 22 25 23 23 25 25 22 22 22 18 25 33 35 22 33 35 18 23 35 25 24 25 4 25 24 4 35 25 25 25 25 24 15 23 35 25 22 14 25 35 25 34 14 30 20 35 24 25 30 20 24 35 18 29 35 25 35 35 32
split_gain=8.42617e+09 3.41303e+09 1.56527e+09 1.4626e+09 1.00157e+09 6.70944e+08 5.18549e+08 4.78135e+08 4.77021e+08 2.66703e+08 2.10789e+08 2.08471e+08 1.75855e+08 1.40294e+08 1.38037e+08 1.30608e+08 1.12525e+08 1.14046e+08 2.39628e+08 1.01591e+08 9.87672e+07 9.44908e+07 8.953e+07 8.40867e+07 7.41973e+07 7.41644e+07 7.15023e+07 6.56181e+07 6.34667e+07 6.22078e+07 6.00683e+07 5.44774e+07 5.32741e+07 5.02902e+07 4.93607e+07 4.93076e+07 4.79187e+07 4.69626e+07 4.58759e+07 4.58682e+07 4.35666e+07 4.10025e+07 4.04343e+07 3.47909e+07 3.4271e+07 3.41109e+07 3.40356e+07 3.1437e+07 3.05934e+07 3.00537e+07 2.81156e+07 2.79112e+07 2.68724e+07 2.48446e+07 2.38222e+07 2.34315e+07 2.32734e+07 2.23825e+07 2.77079e+07 2.19994e+07 2.19272e+07 2.12497e+07
threshold=534.48392857142869 -470.34214285714285 13.500000000000002 1620.2642857142862 -521.45321428571424 2666.9642857142862 2666.9642857142862 -60.9460714285714 -43.817142857142805 1015.6646428571431 -925.02607142857107 168.58285714285716 293.57142857142861 259.03267857142862 1877.3214285714287 110465.84000000001 221.20285714285723 1026.2500000000002 1044.9650000000004 132.85714285714286 1717.3214285714287 23482.060000000001 -1249.4976785714282 974.71321428571434 191.00232142857155 13.500000000000002 363.71267857142846 1075.8146428571433 13.500000000000002 23036.735000000004 199.02571428571426 177.92964285714291 -343.91214285714278 -293.03785714285709 504.68857142857149 485.00000000000006 1060.1785714285718 54286.910000000011 -293.03785714285709 -152.83999999999995 185.00000000000003 157.55821428571434 96433.185000000012 -135.58321428571421 8.5000000000000018 465.00000000000006 22345.000000000004 -425.71428571428538 15299.830000000002 1338.9603571428572 -521.45321428571424 4434.2050000000008 -46.607142857142854 862.94410714285721 39839.365000000013 236.42857142857147 46340.000000000007 22176.340000000004 108.57142857142865 38155.840000000004 8109.5100000000011 1630.714285714286
decision_type=2 2 2 2 2 2 2 2 2 2 2 2 2 2 2 2 2 2 2 2 2 2 2 2 2 2 2 2 2 2 2 2 2 2 2 2 2 2 2 2 2 2 2 2 2 2 2 2 2 2 2 2 2 2 2 2 2 2 2 2 2 2
left_child=1 2 4 9 14 10 13 21 16 25 27 24 36 33 22 -8 17 43 -19 23 54 32 29 34 39 31 44 -6 30 -1 -11 52 -4 -5 -12 38 -9 -22 -29 -10 -20 50 -7 -3 -13 -18 49 53 -27 51 -30 -40 -2 -24 -15 60 -48 58 -51 -38 -34 -50
right_child=3 8 7 6 5 42 15 12 11 28 19 26 -14 20 -16 -17 45 18 40 -21 37 -23 47 -25 -26 48 -28 35 41 -31 -32 -33 55 -35 -36 -37 59 -39 46 -41 -42 -43 -44 -45 -46 -47 56 -49 61 57 -52 -53 -54 -55 -56 -57 -58 -59 -60 -61 -62 -63
leaf_value=306.96692137393654 88.841248709194076 34.903708645050095 88.07155938757937 -31.87202530330746 91.858757126701832 -119.58420234028164 -301.96204949876073 -68.618432012768878 16.320960475244153 74.319969937328111 37.132333932301655 -10.073709236909131 18.691467700676416 -139.94861813290035 357.0979995446703 -529.10124740693516 -24.005519448955479 307.91747868570053 -14.13412928379163 27.575160384560309 -185.18784501411741 -0.007220893079416449 160.85800829651703 124.81667350921805 -19.837431022711453 -41.034307419292666 -64.587047202434519 193.27506182499098 -13.163976229535237 164.99123638728963 -71.921565451006003 -46.125570864506017 45.94550138990234 -128.2623777779099 80.497232758579983 45.802009762499182 -110.05121469494702 -258.20796614694081 192.43440375829218 1.5111881609806628 66.032675897374176 -112.69558508836343 -255.4020605922438 19.371526798936131 -26.119262197175402 15.735233796021062 16.882145705313054 92.638438076443151 -63.211639248671055 157.20901568801207 -89.665168291952114 113.51814604418082 -0.5760158552504191 203.26581861880106 -177.39686923427928 46.817247477331456 114.67376203858326 128.5310049277069 248.73260952191109 -178.778163963624 -52.899732687237453 -116.86469229322607
leaf_weight=105 40 2456 336 63 777 45 67 288 2838 40 304 2808 182 329 57 41 531 40 79 393 165 439 249 392 1305 684 346 112 50 44 94 388 40 386 1928 70 160 191 48 7948 477 1149 43 3494 2531 364 45 40 2603 196 1238 692 209 315 355 396 53 224 40 66 51 76
leaf_count=105 40 2456 336 63 777 45 67 288 2838 40 304 2808 182 329 57 41 531 40 79 393 165 439 249 392 1305 684 346 112 50 44 94 388 40 386 1928 70 160 191 48 7948 477 1149 43 3494 2531 364 45 40 2603 196 1238 692 209 315 355 396 53 224 40 66 51 76
internal_value=0.0244206 22.3212 78.6644 -91.005 103.378 87.7197 -176.84 0.760998 4.15596 -70.1427 92.2896 -4.74262 -65.778 -161.483 207.022 -388.396 25.4139 29.961 71.6646 74.9956 -181.655 37.4588 195.638 82.0972 2.68313 -53.9897 -20.5358 115.405 -95.2721 265.111 -28.2559 -22.7005 57.4425 -114.743 74.5919 127.763 -95.6863 -224.395 131.83 5.40798 54.6418 -98.9564 -186.057 25.783 -17.6804 -7.84282 126.521 178.48 -59.9159 131.15 -86.696 118.65 13.8031 184.559 -159.396 36.3034 69.801 151.244 172.771 -130.157 -9.44985 -64.7359
internal_weight=41515 33347 8130 8168 6172 5362 1597 1958 25217 6571 5274 17776 696 1489 810 108 7441 6546 596 3017 1040 1262 753 2624 12091 4000 5685 2257 2571 149 134 637 823 449 2232 1480 514 356 1410 10786 556 2437 88 5950 5339 895 1298 604 3363 1200 1288 740 249 564 684 487 98 460 236 226 91 2679
internal_count=41515 33347 8130 8168 6172 5362 1597 1958 25217 6571 5274 17776 696 1489 810 108 7441 6546 596 3017 1040 1262 753 2624 12091 4000 5685 2257 2571 149 134 637 823 449 2232 1480 514 356 1410 10786 556 2437 88 5950 5339 895 1298 604 3363 1200 1288 740 249 564 684 487 98 460 236 226 91 2679
is_linear=0
shrinkage=0.1


Tree=2
num_leaves=63
num_cat=0
split_feature=22 22 4 22 25 23 23 25 25 22 28 22 28 22 25 30 35 25 28 21 30 22 24 25 35 24 25 4 30 24 9 35 35 28 22 35 4 15 35 25 25 25 18 24 28 20 22 28 34 0 30 23 25 24 34 30 33 31 4 25 30 28
split_gain=6.85035e+09 2.73909e+09 1.26288e+09 1.23628e+09 8.56189e+08 5.921e+08 4.32173e+08 3.86414e+08 3.72514e+08 2.35813e+08 1.84566e+08 1.78737e+08 1.46132e+08 1.25256e+08 1.34801e+08 1.22399e+08 1.08366e+08 1.05705e+08 8.9333e+07 8.51698e+07 7.86805e+07 7.11138e+07 7.08192e+07 6.57428e+07 6.40417e+07 6.35216e+07 6.34716e+07 6.09585e+07 6.05704e+07 5.59498e+07 4.52127e+07 4.4081e+07 4.39277e+07 4.09513e+07 4.09046e+07 3.86442e+07 3.86376e+07 3.82341e+07 4.81398e+07 3.73138e+07 3.56463e+07 3.5141e+07 3.46381e+07 3.39106e+07 3.14232e+07 2.89329e+07 2.73614e+07 2.70133e+07 2.68977e+07 2.41903e+07 2.39833e+07 3.27111e+07 2.28693e+07 2.25102e+07 2.19828e+07 2.14475e+07 2.11076e+07 2.01634e+07 2.00441e+07 1.9876e+07 1.94787e+07 1.91064e+07
threshold=534.48392857142869 -455.83535714285716 13.500000000000002 1620.2642857142862 -521.45321428571424 2666.9642857142862 2666.9642857142862 -40.007321428571423 38.641785714285668 886.83464285714297 48925.000000000007 -901.79678571428565 29355.000000000004 153.07964285714291 -189.745 52175.000000000007 110465.84000000001 400.37482142857158 22415.000000000004 900.07464285714298 36388.780000000006 163.24500000000003 2506.5369642857149 -154.03535714285718 26690.895000000004 1075.8146428571433 -1249.4976785714282 13.500000000000002 6345.0000000000009 1288.6335714285717 1.0000000180025095e-35 20497.770000000004 96433.185000000012 29145.000000000004 2421.9107142857151 42667.910000000011 13.500000000000002 485.00000000000006 23036.735000000004 160.31196428571434 -65.547142857142831 373.61000000000007 1.0000000180025095e-35 592.32142857142867 9875.0000000000018 1106.4285714285718 -1058.5242857142855 17395.000000000004 16.500000000000004 18.500000000000004 18445.000000000004 1833.7500000000002 -308.05303571428573 1776.839285714286 7.5000000000000009 5964.7800000000016 771.8687500000002 2.5000000000000004 13.500000000000002 118.61714285714288 21725.000000000004 685.00000000000011
decision_type=2 2 2 2 2 2 2 2 2 2 2 2 2 2 2 2 2 2 2 2 2 2 2 2 2 2 2 2 2 2 2 2 2 2 2 2 2 2 2 2 2 2 2 2 2 2 2 2 2 2 2 2 2 2 2 2 2 2 2 2 2 2
left_child=1 2 4 9 15 11 10 18 13 36 23 29 28 14 20 26 -8 21 52 25 55 42 -20 -5 27 43 31 49 47 48 45 60 -7 56 -12 -25 39 38 -31 -2 -16 -14 58 -13 -38 -15 -28 -9 -6 -11 57 -52 61 -29 -23 -3 -26 -40 -10 -35 -1 -4
right_child=3 8 7 6 5 32 16 12 17 24 34 19 41 30 40 -17 -18 -19 22 -21 -22 54 -24 35 33 -27 46 53 -30 37 -32 -33 -34 59 -36 -37 44 -39 50 -41 -42 -43 -44 -45 -46 -47 -48 -49 -50 -51 51 -53 -54 -55 -56 -57 -58 -59 -60 -61 -62 -63
leaf_value=236.57569354523946 12.717118738765928 27.997938469436196 118.75707940541609 -50.198465052007187 88.187544286773175 -100.03324896305553 -273.70512204063982 -9.2958666921382669 23.453161291138731 69.498512912057933 -172.17055082364496 44.611717533854474 -105.61313824468243 -10.449732048551031 22.641612576357367 335.21647097892657 -475.27183865468942 -55.857118121188989 -14.62445720489046 24.3447709291937 168.16004565655294 -10.995875611596176 115.71402561382413 -119.34383317572201 -79.248233501119088 126.41053557647274 189.04719238466544 -72.143330482354699 42.451459731440075 150.59821872589313 10.654249518146729 149.79858678575079 -239.56861580976047 -88.426278585017471 -254.08581409566855 -156.51695631084976 -24.455761601070613 48.346079577253171 100.52889836157541 -39.184635906454986 9.8181037931936146 -200.98897385039891 -4.3365442549894491 74.126098272992394 -53.518842180253529 -48.064985101199845 146.32590459031368 -67.072214458132478 160.7530414088732 -27.436140651827188 5.2828467684909777 109.05958140044896 36.109559629763503 0.82386152795711531 -25.412766034964765 50.86422382351649 -31.364089156672364 164.71953304540432 -26.10571221514023 -112.21844418799685 326.59632655225892 59.194912006407257
leaf_weight=63 221 727 64 95 1435 42 74 124 720 41 99 492 171 1318 3297 52 42 489 440 427 50 2101 46 595 752 202 247 1080 96 446 1037 42 49 661 161 530 455 64 159 371 6329 50 5320 1870 2043 242 386 233 53 69 52 73 465 44 2130 942 105 71 92 753 40 341
leaf_count=63 221 727 64 95 1435 42 74 124 720 41 99 492 171 1318 3297 52 42 489 440 427 50 2101 46 595 752 202 247 1080 96 446 1037 42 49 661 161 530 455 64 159 371 6329 50 5320 1870 2043 242 386 233 53 69 52 73 465 44 2130 942 105 71 92 753 40 341
internal_value=-0.158536 20.1096 69.8517 -82.0349 92.0622 77.6143 -161.007 1.305 3.46792 -62.9223 -146.429 81.922 -60.5764 14.282 18.8169 186.659 -346.86 -10.4254 32.0642 65.6988 44.6112 -8.2813 -2.27725 -130.117 -80.6771 72.5852 176.709 -62.3343 -28.0474 102.542 -5.52874 236.438 -175.258 -90.6425 -222.934 -136.863 -42.782 122.773 128.717 -19.8097 14.2104 -127.232 -1.40022 67.9794 -48.2257 -16.2863 163.01 -47.0084 90.7775 8.70916 101.209 65.9079 51.2471 -69.287 -18.2539 40.905 -73.3836 120.376 17.8368 -101.1 271.677 68.6207
internal_weight=41280 33089 8295 8191 6265 5435 1596 2030 24794 6595 1480 5344 674 13942 11345 830 116 10852 1356 2991 1719 10363 486 1220 3505 2564 778 1234 453 2353 2597 145 91 2271 260 1125 3090 865 801 592 9626 221 6132 2362 2498 1560 633 357 1488 110 355 125 870 1124 4231 1669 857 230 812 1414 103 405
internal_count=41280 33089 8295 8191 6265 5435 1596 2030 24794 6595 1480 5344 674 13942 11345 830 116 10852 1356 2991 1719 10363 486 1220 3505 2564 778 1234 453 2353 2597 145 91 2271 260 1125 3090 865 801 592 9626 221 6132 2362 2498 1560 633 357 1488 110 355 125 870 1124 4231 1669 857 230 812 1414 103 405
is_linear=0
shrinkage=0.1


Tree=3
num_leaves=63
num_cat=0
split_feature=22 22 22 4 25 23 23 22 25 35 25 22 25 25 18 24 22 35 35 35 35 33 25 18 4 18 25 24 35 18 4 25 25 24 26 35 33 7 25 25 14 15 18 25 18 30 25 35 25 25 30 16 24 33 24 35 25 33 21 23 23 33
split_gain=5.57433e+09 2.29065e+09 1.04205e+09 1.03986e+09 6.74549e+08 4.75043e+08 3.72303e+08 3.42462e+08 3.22186e+08 1.64042e+08 1.57285e+08 1.49598e+08 1.29248e+08 1.23776e+08 8.66705e+07 1.33883e+08 7.95916e+07 7.66201e+07 7.63448e+07 6.88015e+07 6.7615e+07 1.128e+08 6.12592e+07 5.66219e+07 5.1148e+07 4.92406e+07 4.82679e+07 4.75121e+07 3.82382e+07 3.74836e+07 5.91586e+07 3.5994e+07 3.56919e+07 3.38556e+07 4.61985e+07 3.2135e+07 3.35856e+07 3.08142e+07 3.0521e+07 3.00849e+07 2.97862e+07 2.95537e+07 2.90116e+07 3.51175e+07 4.23617e+07 2.88296e+07 2.80793e+07 2.78044e+07 2.62976e+07 2.6047e+07 2.55815e+07 3.57914e+07 2.49845e+07 3.33166e+07 2.49316e+07 2.45504e+07 2.36299e+07 2.30566e+07 2.2728e+07 2.111e+07 2.09355e+07 2.803e+07
threshold=517.92571428571421 -550.99071428571426 1496.4060714285717 13.500000000000002 -278.15678571428566 2666.9642857142862 3657.8571428571436 1.0000000180025095e-35 -75.000892857142858 54286.910000000011 -293.03785714285709 886.83464285714297 160.31196428571434 -1097.8932142857141 257.85714285714295 1026.1398214285716 2226.7857142857151 0.20000000000000004 11956.015000000001 11850.110000000002 340.00500000000005 740.53571428571433 -58.684464285714235 132.85714285714286 13.500000000000002 939.28571428571433 145.33750000000001 293.81589285714296 96433.185000000012 1.0000000180025095e-35 13.500000000000002 -576.76535714285694 165.76678571428576 822.2025000000001 835.00000000000011 17614.795000000002 225.17857142857147 -509.15999999999991 457.18857142857149 269.74196428571435 955.00000000000011 161.66666666666671 2450.7142857142862 -38.214285714285694 1.0000000180025095e-35 945.00000000000011 145.33750000000001 18321.685000000001 130.36678571428567 -308.05303571428573 4391.1650000000009 1225.0000000000002 1306.1733928571432 798.52232142857156 539.7239285714287 38155.840000000004 -636.48410714285694 1180.1785714285718 1641.0714285714287 2153.7500000000005 1308.3928571428576 583.75000000000011
decision_type=2 2 2 2 2 2 2 2 2 2 2 2 2 2 2 2 2 2 2 2 2 2 2 2 2 2 2 2 2 2 2 2 2 2 2 2 2 2 2 2 2 2 2 2 2 2 2 2 2 2 2 2 2 2 2 2 2 2 2 2 2 2
left_child=1 3 11 4 13 14 9 10 18 26 20 35 27 17 15 48 45 -1 31 -10 21 -3 -12 33 25 -13 -4 -9 -7 30 54 -5 56 -15 -35 36 -2 -19 -14 -21 -20 -22 43 44 -29 -11 57 -36 -6 -46 51 -17 -52 58 -24 -41 -26 -31 -54 -18 -28 -62
right_child=2 7 6 8 5 28 -8 12 19 16 22 24 38 23 -16 50 59 37 40 39 41 -23 29 -25 32 -27 60 42 -30 46 -32 -33 -34 34 47 -37 -38 -39 -40 55 -42 -43 -44 -45 49 -47 -48 -49 -50 -51 52 -53 53 -55 -56 -57 -58 -59 -60 -61 61 -63
leaf_value=342.21346181765398 -43.494132844608416 62.781561279296881 -78.811363162885499 125.46034400223257 73.233760422981717 -89.10216367896922 -379.22542823957497 -19.909914999442208 20.425481800227139 -173.69868538148944 23.598249105263854 78.168424023664258 -23.358180623871618 117.64435130819578 18.650029221592931 106.57949621986332 -192.43485769907159 219.19313002685624 -2.9491737929926116 -62.570370577422011 16.761201410825304 263.94277473477587 20.834856463145073 58.516462072990663 9.3697578620689121 -45.612714350171203 -98.236103141412173 -27.329217987309704 -219.6329532320932 6.2727109478844163 -34.270224362643219 49.573414532112579 -86.36276959122803 255.57211389684537 166.2105155918444 -46.538909562453277 -10.373223902865881 134.78196708161468 -63.591469047736133 -82.738884634898625 54.442759688573609 63.358749952390099 -34.580568794596751 -2.1240833719474312 62.213707350883503 -101.52103978931133 -12.76165407001541 101.0205304808855 52.758486539159577 14.030736403404326 86.583216725934093 218.42497670597874 111.61435083457616 74.263328077833293 53.808859046133129 -181.86029543338009 -65.616180209999399 62.122260928169879 158.5668503406105 -251.0236415667454 -140.6494525091401 -93.20640344152234
leaf_weight=43 578 87 324 75 1586 44 62 1280 89 110 3949 41 2486 228 249 86 134 158 487 408 208 41 1490 76 43 148 257 243 46 4909 180 375 1137 50 347 1980 651 60 204 62 111 394 228 6718 119 112 829 81 1039 1950 897 43 367 175 271 42 1830 75 144 116 626 156
leaf_count=43 578 87 324 75 1586 44 62 1280 89 110 3949 41 2486 228 249 86 134 158 487 408 208 41 1490 76 43 148 257 243 46 4909 180 375 1137 50 347 1980 651 60 204 62 111 394 228 6718 119 112 829 81 1039 1950 897 43 367 175 271 42 1830 75 144 116 626 156
internal_value=0.0502871 18.465 -73.1848 67.6115 87.784 71.5626 -138.287 4.35356 -2.35065 -130.137 16.2695 -53.9111 -6.84622 160.501 76.0282 79.3222 -180.952 220.147 31.1224 -60.7173 61.3022 127.294 13.4602 140.581 -69.2144 -18.7471 -112.534 -1.85202 -155.903 8.29693 20.329 62.2338 -72.383 149.41 164.549 -38.6546 -25.9512 195.997 -26.4105 -74.8228 7.7075 47.2613 0.644737 1.53433 12.1644 -137.316 4.27921 153.886 65.1306 16.8035 101.08 143.932 97.5831 111.959 25.9106 -122.837 -63.8945 7.11376 124.86 -219.665 -123.045 -131.192
internal_weight=41334 33029 8305 7368 5719 4676 1897 25661 1649 1835 12433 6408 13228 1043 4586 4337 472 261 1048 601 730 128 11703 782 3199 189 1363 10538 90 7754 1941 450 3010 706 478 3209 1229 218 2690 512 598 602 9258 9030 2312 222 5813 428 2625 2069 1712 129 1583 686 1761 104 1873 4984 511 250 1039 782
internal_count=41334 33029 8305 7368 5719 4676 1897 25661 1649 1835 12433 6408 13228 1043 4586 4337 472 261 1048 601 730 128 11703 782 3199 189 1363 10538 90 7754 1941 450 3010 706 478 3209 1229 218 2690 512 598 602 9258 9030 2312 222 5813 428 2625 2069 1712 129 1583 686 1761 104 1873 4984 511 250 1039 782
is_linear=0
shrinkage=0.1


Tree=4
num_leaves=63
num_cat=0
split_feature=22 22 4 22 25 23 23 25 25 22 18 22 22 25 35 35 30 25 4 18 30 25 21 22 25 20 25 25 24 14 18 24 34 4 25 23 23 9 22 34 25 25 35 24 21 25 35 18 25 35 21 0 22 23 35 24 22 5 22 31 23 35
split_gain=4.5077e+09 1.86258e+09 8.2439e+08 7.6831e+08 5.7956e+08 3.99448e+08 2.88674e+08 2.68212e+08 2.46631e+08 1.62592e+08 1.06412e+08 1.04401e+08 1.01832e+08 9.92924e+07 1.02592e+08 8.36859e+07 8.27193e+07 6.93878e+07 6.37923e+07 5.81854e+07 5.78422e+07 5.20688e+07 5.04919e+07 4.45137e+07 4.42623e+07 4.23562e+07 4.20922e+07 4.20332e+07 3.99414e+07 3.77346e+07 3.39541e+07 3.3297e+07 3.69354e+07 3.26175e+07 3.13297e+07 3.03669e+07 2.9613e+07 2.90761e+07 2.80532e+07 2.75775e+07 2.73964e+07 2.70198e+07 2.69383e+07 2.45721e+07 2.42184e+07 2.27144e+07 2.25582e+07 2.20588e+07 2.27388e+07 2.17756e+07 1.94973e+07 1.76683e+07 1.71272e+07 1.70032e+07 1.66929e+07 1.6373e+07 1.60087e+07 1.58885e+07 1.58497e+07 1.57008e+07 1.56998e+07 1.55646e+07
threshold=563.50928571428574 -470.34214285714285 13.500000000000002 1690.0489285714286 -392.85696428571424 2666.9642857142862 2666.9642857142862 57.6121428571428 -67.861428571428561 1222.0625000000002 293.57142857142861 -901.79678571428565 64.39785714285712 -343.91214285714278 340.00500000000005 54286.910000000011 52175.000000000007 354.58410714285719 13.500000000000002 603.57142857142878 8745.0000000000018 -1249.4976785714282 900.07464285714298 -152.83999999999995 -293.03785714285709 1245.7464285714289 -97.975714285714261 952.44446428571439 888.39285714285722 1.0000000180025095e-35 257.85714285714295 1075.8146428571433 14.500000000000002 13.500000000000002 -696.60517857142838 3657.8571428571436 1388.214285714286 -219.24999999999997 886.83464285714297 7.5000000000000009 385.83892857142865 -113.83428571428568 23036.735000000004 528.68303571428589 544.34392857142871 64.645892857142869 8109.5100000000011 372.14285714285717 -293.03785714285709 96433.185000000012 2116.1796428571433 14.500000000000002 1939.0239285714285 364.82142857142861 23036.735000000004 1983.0357142857144 -901.79678571428565 -2423.9249999999997 280.73500000000007 3.5000000000000004 2188.3928571428573 12538.6
decision_type=2 2 2 2 2 2 2 2 2 2 2 2 2 2 2 2 2 2 2 2 2 2 2 2 2 2 2 2 2 2 2 2 2 2 2 2 2 2 2 2 2 2 2 2 2 2 2 2 2 2 2 2 2 2 2 2 2 2 2 2 2 2
left_child=1 2 4 9 16 11 15 12 20 18 36 31 13 14 -3 24 21 23 19 -2 46 42 28 -9 -5 30 -15 60 43 -16 -14 -6 47 -11 -20 -8 61 56 50 -25 -21 -32 -1 -13 -26 -35 -4 48 -33 -7 55 -48 -46 -43 -19 -36 -23 -50 -41 -45 -17 -10
right_child=3 7 8 6 5 49 35 17 10 33 -12 22 25 26 29 27 -18 54 34 40 -22 37 -24 39 44 -27 -28 -29 -30 -31 41 32 -34 45 38 -37 -38 -39 -40 58 -42 53 -44 59 52 -47 51 -49 57 -51 -52 -53 -54 -55 -56 -57 -58 -59 -60 -61 -62 -63
leaf_value=219.45290703771354 92.476940619603482 173.69036056883175 36.528621759895984 -13.911094570159912 66.164848812572799 -93.519109417964103 -232.0067043065265 9.0840254406806835 1.8988614581199774 -11.992584972396031 15.505535765425652 26.344023198525573 -19.310036697509851 23.952320661289164 1.3558770506611408 -136.6445139502971 268.12914196935441 -24.905690581247555 27.692272653139284 -9.4660024205590503 57.742498315883125 152.51132578699648 18.958856474999333 -5.7338122836727088 -81.784561524688286 -39.409533510681364 9.9851679217330158 -233.49483157302231 82.680094260514636 64.744340023318756 23.395111464651887 147.83015156745202 185.58548336814852 -64.800528361013946 -41.976033026446117 -340.05092342481532 -115.83938022459274 79.920270705982375 -58.692048037566089 -12.005075331763406 -57.617860920434282 -14.19645825836721 123.45301360512495 54.904241085315221 -104.03768358292342 -91.496412077788392 6.3756146579812008 33.7925115422914 110.32877540263158 -192.30215829458248 -107.22708260962754 -57.093189241883664 -135.50914403923002 4.423619885214281 -54.734456246680764 20.326008111508472 120.38619931610741 82.604878122848135 -26.31451280400826 109.26718808207916 -203.02841230793885 -63.806574152606984
leaf_weight=111 47 69 261 49 870 42 47 1319 40 66 204 318 687 3107 147 244 54 383 53 416 428 335 373 4472 211 271 7062 69 533 260 651 67 40 449 2145 60 110 102 1873 1880 165 595 40 1567 332 1104 503 71 258 48 45 48 364 2789 368 43 292 1052 1316 55 42 365
leaf_count=111 47 69 261 49 870 42 47 1319 40 66 204 318 687 3107 147 244 54 383 53 416 428 335 373 4472 211 271 7062 69 533 260 651 67 40 449 2145 60 110 102 1873 1880 165 595 40 1567 332 1104 503 71 258 48 45 48 364 2789 368 43 292 1052 1316 55 42 365
internal_value=0.149574 16.0838 57.5577 -68.2038 75.3546 62.5403 -134.808 2.70305 0.977843 -53.4596 -45.6168 66.1531 10.8159 16.3425 60.9799 -121.909 147.98 -10.3251 -44.1937 -14.4847 27.996 140.592 53.2587 -7.88479 -106.502 -0.96683 14.2527 -163.381 58.4316 41.8527 1.23983 81.7146 90.8037 -80.8545 -48.6795 -292.723 -69.8275 129.502 -49.6656 -10.8037 -23.1446 4.73885 194.072 51.7675 -111.503 -83.7805 12.3142 88.1791 90.982 -146.281 -42.0932 0.841884 -120.505 1.14954 -39.5249 -40.7512 137.561 88.069 -17.8975 56.7509 -146.427 -57.3177
internal_weight=41387 33563 8187 7824 6228 5294 1418 25376 1959 6406 719 5204 15638 10645 476 1311 934 9738 4787 628 1240 880 2846 8987 956 4993 10169 355 2473 407 4722 2358 1488 1619 4159 107 515 729 4106 7668 581 4035 151 1940 907 1553 812 1448 1377 90 2233 551 696 3384 751 2188 627 1310 3196 1622 286 405
internal_count=41387 33563 8187 7824 6228 5294 1418 25376 1959 6406 719 5204 15638 10645 476 1311 934 9738 4787 628 1240 880 2846 8987 956 4993 10169 355 2473 407 4722 2358 1488 1619 4159 107 515 729 4106 7668 581 4035 151 1940 907 1553 812 1448 1377 90 2233 551 696 3384 751 2188 627 1310 3196 1622 286 405
is_linear=0
shrinkage=0.1


Tree=5
num_leaves=63
num_cat=0
split_feature=22 22 22 4 25 25 25 25 25 28 28 35 18 24 25 33 33 35 23 25 18 28 35 35 28 22 24 14 22 33 30 26 22 14 35 28 30 25 33 22 24 17 23 23 31 21 0 25 30 28 25 4 25 34 21 21 25 4 19 31 25 34
split_gain=3.6727e+09 1.4117e+09 7.36141e+08 6.81625e+08 4.55684e+08 3.13421e+08 2.79654e+08 2.1523e+08 1.99871e+08 1.26559e+08 9.79093e+07 8.63132e+07 8.09044e+07 1.09821e+08 7.32247e+07 7.25857e+07 6.89888e+07 1.21165e+08 6.44483e+07 5.3035e+07 5.26892e+07 4.97963e+07 5.04577e+07 4.74328e+07 4.77012e+07 4.27457e+07 4.20728e+07 4.17362e+07 4.16774e+07 4.11244e+07 4.01872e+07 4.0018e+07 4.00168e+07 3.49611e+07 3.30062e+07 3.26473e+07 3.04246e+07 3.03032e+07 2.98297e+07 2.6492e+07 2.49288e+07 2.21143e+07 2.20919e+07 1.59628e+08 2.20693e+07 2.13692e+07 2.05867e+07 1.96732e+07 1.88684e+07 1.85613e+07 1.83324e+07 1.81094e+07 1.76323e+07 1.71861e+07 1.69186e+07 1.57013e+07 1.54385e+07 1.51453e+07 1.4629e+07 1.43474e+07 1.52501e+07 1.3805e+07
threshold=461.11071428571432 -455.83535714285716 1316.8892857142857 13.500000000000002 -293.03785714285709 2111.1917857142857 1207.6785714285716 -67.861428571428561 1.5026785714285733 46615.000000000007 27665.000000000004 17614.795000000002 257.85714285714295 930.42053571428585 211.7364285714286 1877.3214285714287 1074.464285714286 1480.0050000000003 3657.8571428571436 80.359642857142873 132.85714285714286 31945.000000000004 18321.685000000001 11956.015000000001 865.00000000000011 2421.9107142857151 1776.839285714286 775.00000000000011 -158.18142857142854 363.75000000000006 5800.0000000000009 955.00000000000011 163.24500000000003 445.00000000000006 6540.1550000000016 34945.000000000007 2385.0000000000005 -576.76535714285694 421.31017857142859 1042.3467857142859 583.24750000000006 -784.4316666666665 1497.6785714285718 1514.8214285714287 3.5000000000000004 457.42357142857151 16.500000000000004 476.79500000000013 18855.000000000004 32885.000000000007 -636.48410714285694 15.500000000000002 500.7098214285715 7.5000000000000009 1694.6428571428573 2254.013928571429 269.74196428571435 13.500000000000002 2362.1428571428573 4.5000000000000009 135.36857142857153 3.5000000000000004
decision_type=2 2 2 2 2 2 2 2 2 2 2 2 2 2 2 2 2 2 2 2 2 2 2 2 2 2 2 2 2 2 2 2 2 2 2 2 2 2 2 2 2 2 2 2 2 2 2 2 2 2 2 2 2 2 2 2 2 2 2 2 2 2
left_child=1 3 11 4 15 12 9 23 16 19 30 29 13 46 28 20 32 -18 -8 50 21 40 31 37 -25 51 39 -26 -10 -2 -9 -23 38 -19 -15 -21 -37 -5 -3 52 -1 42 -36 -44 -45 -40 -6 -16 -24 -48 -4 -11 58 -30 -34 -28 -12 -41 -13 60 -43 -27
right_child=2 8 6 7 5 -7 18 10 14 25 56 26 -14 34 47 -17 17 33 -20 35 -22 22 48 24 27 61 55 -29 53 -31 -32 -33 54 -35 41 36 -38 -39 45 57 -42 59 43 44 -46 -47 49 -49 -50 -51 -52 -53 -54 -55 -56 -57 -58 -59 -60 -61 -62 -63
leaf_value=31.85037933675255 -30.629845977849676 10.285676565537477 2.7197009823062683 101.21484523371765 -5.8090426463386491 -156.24589723535937 -179.07801923093993 -31.526363735648655 11.864932734887049 -60.520323339130073 -72.478734719466857 -40.662307763211828 16.330508430443565 118.06077956812096 -17.662964275319748 233.97385534053046 214.13744100696886 -22.965369697890637 -305.33656942631558 -78.172425384160988 43.362167359663339 261.69545329201372 154.14597766425521 96.777183850086573 -15.25565723606346 -151.94896443301388 -7.6896354344829492 44.303700109273528 -0.39210111943228426 1.0884194516926085 34.468506583267576 158.11360362587314 -1.2139177282716913 44.596642063221921 74.800995116109732 -126.97193584069119 -86.777875058926512 36.943638835743364 71.193501539621238 -10.383443839418376 111.81237451201451 77.128051258237065 292.57256311352336 59.3822009686155 117.50324832167047 21.391490066109395 51.038409666634287 -46.122865357020487 72.094624867083184 8.0551343417632939 -61.191425599421613 -135.16744098777255 -77.761665147703368 -8.9796938810216975 -48.87315253825372 -68.621585402751691 -123.02507835526443 -63.115549235407393 -92.301790445346484 6.086175884408541 49.697624626951161 -217.38638989125053
leaf_weight=43 1269 5592 50 85 70 69 121 352 1998 41 181 2657 423 190 1876 60 40 90 61 783 81 43 41 55 469 53 353 157 5522 603 125 287 1290 513 828 386 369 535 89 57 423 472 40 189 100 2663 2336 279 89 105 438 159 143 4032 79 48 91 1236 56 43 356 85
leaf_count=43 1269 5592 50 85 70 69 121 352 1998 41 181 2657 423 190 1876 60 40 90 61 783 81 43 41 55 469 53 353 157 5522 603 125 287 1290 513 828 386 369 535 89 57 423 472 40 189 100 2663 2336 279 89 105 438 159 143 4032 79 48 91 1236 56 43 356 85
internal_value=0.106934 15.7825 -56.5281 51.2422 67.5674 55.3967 -102.031 1.16707 3.49545 -92.8309 -41.5357 -38.488 58.2327 61.9805 -4.42635 127.115 13.9806 45.7017 -221.468 -83.3763 120.737 127.502 150.854 25.7522 7.53221 -149.482 -45.9242 -0.315893 -1.26948 -20.4131 -14.2303 171.648 11.8804 34.5117 78.1955 -92.491 -107.334 45.7625 14.4803 -48.9137 104.438 74.4578 83.5218 105.455 79.5102 23.0034 47.6564 -21.3486 98.0217 49.1897 -54.6435 -119.884 -43.5353 -4.01628 -3.96585 -14.9909 -89.409 -60.7914 -41.7299 62.4134 65.338 -192.319
internal_weight=41369 32401 8968 8338 6288 5221 2546 2050 24063 2364 749 6422 5152 4729 13707 1067 10356 643 182 2026 1007 926 460 1301 681 338 4550 626 11552 1872 477 330 9713 603 2218 1538 755 620 8344 4149 466 2028 1157 329 289 2752 2511 2155 130 2441 488 200 2856 9554 1369 401 272 1293 2713 871 828 138
internal_count=41369 32401 8968 8338 6288 5221 2546 2050 24063 2364 749 6422 5152 4729 13707 1067 10356 643 182 2026 1007 926 460 1301 681 338 4550 626 11552 1872 477 330 9713 603 2218 1538 755 620 8344 4149 466 2028 1157 329 289 2752 2511 2155 130 2441 488 200 2856 9554 1369 401 272 1293 2713 871 828 138
is_linear=0
shrinkage=0.1


Tree=6
num_leaves=63
num_cat=0
split_feature=22 22 22 4 25 25 25 25 25 35 28 25 35 25 28 35 24 18 33 22 28 24 35 28 15 28 25 18 20 28 22 26 30 28 35 30 35 35 22 35 24 30 28 24 28 28 35 1 25 25 25 25 25 33 30 30 30 31 18 4 24 33
split_gain=3.0134e+09 1.12733e+09 6.13499e+08 5.94614e+08 3.56359e+08 2.42779e+08 2.10118e+08 2.03394e+08 1.54501e+08 1.05234e+08 9.41031e+07 7.92638e+07 7.36663e+07 6.38413e+07 6.19351e+07 6.05819e+07 5.65011e+07 6.58124e+07 5.35702e+07 5.2466e+07 4.56663e+07 4.45341e+07 5.67935e+07 4.37814e+07 3.89782e+07 3.79988e+07 3.66308e+07 3.13188e+07 2.94587e+07 2.90571e+07 2.9031e+07 2.7674e+07 2.65761e+07 3.00577e+07 2.52683e+07 2.4885e+07 2.79417e+07 2.1889e+07 2.11679e+07 2.11978e+07 2.03609e+07 1.96308e+07 2.03924e+07 1.95921e+07 2.43945e+07 1.19025e+08 1.90527e+07 1.86196e+07 1.76695e+07 1.74423e+07 1.7335e+07 1.59983e+07 1.59194e+07 1.58646e+07 3.64888e+07 1.58324e+07 1.51691e+07 1.50764e+07 1.4974e+07 3.51048e+07 1.95934e+07 1.48843e+07
threshold=438.61428571428576 -596.65214285714285 1443.4375000000002 13.500000000000002 -576.76535714285694 2111.1917857142857 1207.6785714285716 -67.861428571428561 -67.861428571428561 25510.795000000002 48925.000000000007 160.31196428571434 1.0000000180025095e-35 -1249.4976785714282 36885.000000000007 161154.62500000003 980.43160714285716 257.85714285714295 372.67267857142866 -122.85571428571427 27425.000000000004 1709.7994642857145 2400.2700000000009 38815.000000000007 381.66666666666669 23625.000000000004 -195.42749999999998 2405.0000000000005 -1271.0307142857141 18695.000000000004 2421.9107142857151 11515.000000000002 8745.0000000000018 685.00000000000011 15962.340000000002 945.00000000000011 76700.345000000016 540.00500000000011 -192.06892857142853 27908.945000000003 280.36446428571429 22345.000000000004 52880.000000000007 1499.3994642857144 41980.000000000007 41110.000000000007 16817.345000000005 4.5000000000000009 130.36678571428567 -86.462142857143007 -293.03785714285709 253.94375000000005 587.27803571428592 89.821428571428584 1665.0000000000002 405.00000000000006 18855.000000000004 1.5000000000000002 1.0000000180025095e-35 13.500000000000002 517.73142857142864 823.03571428571433
decision_type=2 2 2 2 2 2 2 2 2 2 2 2 2 2 2 2 2 2 2 2 2 2 2 2 2 2 2 2 2 2 2 2 2 2 2 2 2 2 2 2 2 2 2 2 2 2 2 2 2 2 2 2 2 2 2 2 2 2 2 2 2 2
left_child=1 3 9 4 12 16 10 13 23 18 20 19 -1 -3 29 -8 48 26 46 58 50 27 -23 32 -24 -11 34 37 -14 47 -12 49 33 -5 -18 36 51 -15 39 -13 -21 43 -43 44 45 -28 -2 -10 53 -27 -4 -22 -40 54 -6 -39 -36 -51 59 60 -9 -20
right_child=2 7 6 8 5 -7 15 11 14 25 30 38 28 21 -16 -17 17 -19 61 40 35 22 24 -25 -26 31 41 -29 -30 -31 -32 -33 -34 -35 56 -37 -38 55 52 -41 -42 42 -44 -45 -46 -47 -48 -49 -50 57 -52 -53 -54 -55 -56 -57 -58 -59 -60 -61 -62 -63
leaf_value=229.76661562614811 -24.89771671920585 132.5894330902176 -6.4782658927871202 83.285500340373972 53.354311400908784 -140.86433687786436 -165.32835509319816 18.498098345627636 46.091488932389268 -30.645798144202583 -110.95323673106569 9.6419434004488167 147.79847605450934 33.935092422054453 -110.08425351273193 -295.15575608473563 125.63505638738773 21.23154436711884 -15.542763158916458 -13.287329844111582 -76.071181676647981 147.50471243759966 -33.905757280452981 -35.906685574534201 40.034972380158486 -34.8619757824899 68.259603926042956 -45.634055661486826 104.24446853804912 -45.590404110886688 -181.41712586849454 -126.74928633493255 52.932069865273903 6.5486090931835195 103.95302586926539 -76.137492272503891 -181.31795364708961 4.4577548141683732 -16.282526069666268 -39.515415073598255 0.46585365857176869 -27.965274102679128 69.479823338363602 102.93226377741946 42.853993382309469 230.58219188118593 -41.277266515103889 -37.11798800014882 35.846393982845925 -64.108969186333553 -60.82119664193641 -111.59542312788869 -52.235117788288953 48.669988310239702 134.98867643357593 17.716878389607785 20.430532806604326 -44.126450149570147 7.1932450221536532 -24.91686999354441 46.933689952057954 8.9040992940931947
leaf_weight=68 1320 50 70 57 203 62 129 1210 69 738 113 559 248 642 124 50 216 254 962 1205 202 46 78 126 825 363 1139 82 418 308 122 55 272 485 43 640 44 1221 2704 104 10086 41 45 183 302 47 1538 44 870 1413 364 343 129 1108 75 3432 44 516 2444 161 303 336
leaf_count=68 1320 50 70 57 203 62 129 1210 69 738 113 559 248 642 124 50 216 254 962 1205 202 46 78 126 825 363 1139 82 418 308 122 55 272 485 43 640 44 1221 2704 104 10086 41 45 183 302 47 1538 44 870 1413 364 343 129 1108 75 3432 44 516 2444 161 303 336
internal_value=-0.122185 14.3976 -50.1916 50.3787 65.8767 55.6171 -98.1012 4.64679 -5.62306 -36.4486 -88.329 -0.56226 130.613 20.0916 -47.9819 -201.665 58.2842 69.264 -26.0616 2.52199 -79.9541 19.2014 39.173 18.9373 33.6465 -50.441 75.1858 15.6763 120.473 -29.6795 -147.565 -56.6647 27.4283 14.6257 107.304 -89.8026 -104.643 16.6262 -14.1563 1.92858 -1.00197 69.6439 23.0341 72.042 68.2397 74.7017 -33.7128 13.6892 47.0209 -54.9802 -52.058 -98.4368 -17.9205 54.0336 75.3983 14.2376 61.7478 -58.765 12.1841 19.4702 24.1941 -9.21435
internal_weight=41450 32132 9318 6851 5366 4632 2077 25281 1485 7241 1898 18905 734 6376 545 179 4570 2314 4156 15409 1663 6326 949 940 903 3085 2060 5377 666 421 235 2347 814 542 303 1229 589 5295 3496 663 11291 1757 86 1671 1488 1186 2858 113 2256 2292 434 545 2833 1386 278 4653 87 1929 4118 1674 1513 1298
internal_count=41450 32132 9318 6851 5366 4632 2077 25281 1485 7241 1898 18905 734 6376 545 179 4570 2314 4156 15409 1663 6326 949 940 903 3085 2060 5377 666 421 235 2347 814 542 303 1229 589 5295 3496 663 11291 1757 86 1671 1488 1186 2858 113 2256 2292 434 545 2833 1386 278 4653 87 1929 4118 1674 1513 1298
is_linear=0
shrinkage=0.1


Tree=7
num_leaves=63
num_cat=0
split_feature=22 22 4 22 25 23 23 25 25 22 22 28 22 35 28 33 35 30 28 23 21 4 18 5 28 25 28 29 25 23 15 22 28 25 25 29 25 20 32 28 25 18 22 34 35 34 34 30 4 35 28 35 25 15 0 22 33 28 14 33 25 0
split_gain=2.42033e+09 1.02682e+09 4.07095e+08 3.97276e+08 3.51913e+08 2.12079e+08 1.61635e+08 1.56194e+08 1.47016e+08 8.59279e+07 7.32271e+07 6.80245e+07 6.78487e+07 5.73882e+07 5.5457e+07 5.22941e+07 4.34133e+07 4.10346e+07 4.33949e+07 4.53125e+07 3.83775e+07 3.5106e+07 3.945e+07 3.39143e+07 4.15743e+07 3.20983e+07 3.11146e+07 3.10749e+07 3.05125e+07 3.02857e+07 3.02157e+07 2.92568e+07 2.79206e+07 2.74818e+07 2.49579e+07 2.32825e+07 2.27391e+07 2.31923e+07 3.08721e+07 2.39527e+07 2.13439e+07 2.0746e+07 2.01735e+07 2.0712e+07 1.94379e+07 1.90068e+07 1.88402e+07 1.87638e+07 1.85575e+07 1.76878e+07 1.74429e+07 1.71393e+07 1.7123e+07 1.62841e+07 1.57591e+07 1.54765e+07 1.52766e+07 1.51281e+07 1.47825e+07 1.45316e+07 1.43925e+07 1.41401e+07
threshold=582.19035714285735 -440.00357142857138 13.500000000000002 1690.0489285714286 -576.76535714285694 2666.9642857142862 2346.9642857142862 105.00160714285717 -18.719999999999999 1189.7203571428574 1.0000000180025095e-35 29355.000000000004 -925.02607142857107 0.20000000000000004 39835.000000000007 1074.464285714286 3460.0400000000004 8745.0000000000018 17085.000000000004 236.42857142857147 936.5857142857144 13.500000000000002 603.57142857142878 -19.999999999999993 38815.000000000007 -1097.8932142857141 9725.0000000000018 17871.720000000005 457.18857142857149 3657.8571428571436 1.0000000180025095e-35 2723.2767857142862 21305.000000000004 -117.02767857142854 264.33857142857147 16790.785000000003 -293.03785714285709 -1185.5849999999998 450.71428571428578 41575.000000000007 433.92982142857153 5994.2857142857147 -23.402142857142859 6.5000000000000009 96433.185000000012 4.5000000000000009 8.5000000000000018 5964.7800000000016 13.500000000000002 51705.185000000005 27665.000000000004 1044.9650000000004 336.61250000000001 2398.3333333333335 16.500000000000004 -1224.1189285714283 1561.6071428571429 17395.000000000004 655.00000000000011 823.03571428571433 -16.929107142857138 1.5000000000000002
decision_type=2 2 2 2 2 2 2 2 2 2 2 2 2 2 2 2 2 2 2 2 2 2 2 2 2 2 2 2 2 2 2 2 2 2 2 2 2 2 2 2 2 2 2 2 2 2 2 2 2 2 2 2 2 2 2 2 2 2 2 2 2 2
left_child=1 2 4 9 13 12 14 10 17 21 15 27 36 25 34 33 -17 18 19 -4 35 22 -2 24 -15 -1 59 57 42 -8 50 45 -11 -3 -5 54 46 38 39 -38 -13 60 -9 -44 -7 -16 -6 53 -34 -39 -12 -37 -24 -32 -14 -40 -19 -10 -18 -23 -28 -20
right_child=3 7 8 6 5 44 29 28 11 32 30 40 20 23 31 16 58 56 61 -21 -22 26 52 -25 -26 -27 41 -29 -30 -31 47 -33 48 -35 -36 51 37 49 55 -41 -42 -43 43 -45 -46 -47 -48 -49 -50 -51 -52 -53 -54 -55 -56 -57 -58 -59 -60 -61 -62 -63
leaf_value=246.6027632291879 84.682340864025875 20.024807241966737 130.92869223595855 -33.841369689466298 72.802516493406387 -56.016725998741279 -163.24096375271765 0.57079390732043156 -0.46083503006984761 -17.395662746330931 -7.4968709322739002 -68.736624514206952 -10.574801885719481 95.057222556034148 -76.999564844732674 146.60234916391741 -20.512649415167388 35.579377415346649 -3.9111676872392809 20.190396379509327 11.809783568306059 -20.593642234282612 -3.9907366517335578 23.370041457448835 151.36948418440738 138.21659002815599 -27.562365928608912 51.580133029147319 -39.829396373293662 -260.17544606110926 1.5060948342850968 -161.04242362647415 -13.936173047263333 7.450320652028747 -78.694203397845399 117.3059067058206 84.549284460811862 49.668353875566908 69.372981694845961 166.69810659258269 -150.33127643332799 -108.13681723808439 -6.8151942969271531 -19.969511098642482 -148.80848472043039 -113.26116673962252 143.69384911815362 11.882034513943461 -64.892598538127814 -11.453804252828872 -41.498597039498364 50.797597373236677 -40.94091689043853 -21.373408199827843 36.773818590692173 43.02533197773851 79.795158172200857 -42.101635580578773 44.060450851084866 23.313285751478944 -42.177692925930963 -45.704207989399009
leaf_weight=46 41 2317 40 179 114 42 79 1343 145 150 2389 162 74 452 239 40 40 386 353 478 463 326 358 47 185 68 920 61 370 55 4348 87 75 6956 405 40 169 886 619 45 40 43 2429 2360 49 368 56 1800 1532 50 161 1222 193 335 1396 349 98 219 310 98 2522 105
leaf_count=46 41 2317 40 179 114 42 79 1343 145 150 2389 162 74 452 239 40 40 386 353 478 463 326 358 47 185 68 920 61 370 55 4348 87 75 6956 405 40 169 886 619 45 40 43 2429 2360 49 368 56 1800 1532 50 161 1222 193 335 1396 349 98 219 310 98 2522 105
internal_value=-0.0251985 11.5274 41.6736 -50.7194 54.2284 45.3356 -98.6314 1.40726 3.34117 -39.9083 6.05026 -37.1578 47.8488 116.337 -87.6692 12.1012 47.9704 20.7342 8.92746 28.7534 38.4341 -32.5865 -9.89159 105.374 111.422 182.04 -36.0233 -14.4459 -11.9433 -203.11 -0.422679 -106.781 -58.6636 10.5923 -64.9506 42.9459 60.9946 58.1674 67.4812 101.858 -84.9272 -39.1353 -10.2603 -13.2977 -106.036 -98.9911 96.1904 3.20461 -62.5149 46.4028 -9.64442 52.9102 -16.9359 -0.130808 34.39 59.8764 44.5395 -25.5163 36.6788 -10.4438 -38.2717 -13.4965
internal_weight=41327 33657 8459 7670 6372 5574 1412 25198 2087 6258 18696 627 5483 798 1278 9663 390 1460 976 518 3195 4501 592 684 637 114 3909 425 6502 134 9033 694 1757 9273 584 2732 2288 2118 1182 214 202 3485 6132 4789 91 607 170 6483 1607 936 2550 1262 551 4683 1470 968 484 364 350 424 3442 458
internal_count=41327 33657 8459 7670 6372 5574 1412 25198 2087 6258 18696 627 5483 798 1278 9663 390 1460 976 518 3195 4501 592 684 637 114 3909 425 6502 134 9033 694 1757 9273 584 2732 2288 2118 1182 214 202 3485 6132 4789 91 607 170 6483 1607 936 2550 1262 551 4683 1470 968 484 364 350 424 3442 458
is_linear=0
shrinkage=0.1


Tree=8
num_leaves=63
num_cat=0
split_feature=22 22 22 4 25 25 23 25 25 28 22 35 25 25 28 25 35 25 35 22 24 18 25 35 30 25 31 31 28 28 30 28 35 35 24 25 30 14 16 26 4 30 28 18 24 8 25 28 20 25 24 33 33 33 23 24 24 28 34 30 30 18
split_gain=1.95906e+09 6.98914e+08 4.59153e+08 3.73178e+08 2.40427e+08 1.59567e+08 1.46571e+08 1.31063e+08 1.13653e+08 8.22363e+07 6.89843e+07 5.38767e+07 4.84044e+07 4.81734e+07 4.51346e+07 4.4325e+07 3.98497e+07 3.9624e+07 3.58937e+07 3.37395e+07 3.16315e+07 4.11541e+07 2.82849e+07 4.75482e+07 2.56886e+07 2.54441e+07 2.48861e+07 2.42867e+07 2.31484e+07 2.15172e+07 2.11429e+07 2.06991e+07 2.05143e+07 1.90745e+07 1.89804e+07 1.89137e+07 1.8577e+07 1.74515e+07 1.72204e+07 1.66144e+07 1.66018e+07 1.64203e+07 1.5966e+07 1.56269e+07 1.6213e+07 2.35979e+07 1.55264e+07 1.53851e+07 1.50876e+07 1.48066e+07 1.4681e+07 1.73243e+07 1.90902e+07 3.60656e+07 1.47671e+07 1.44642e+07 1.43861e+07 1.40619e+07 1.39785e+07 1.36161e+07 1.33774e+07 1.31694e+07
threshold=367.17750000000007 -567.17928571428558 1316.8892857142857 13.500000000000002 -293.03785714285709 2111.1917857142857 2666.9642857142862 -58.684464285714235 -92.190714285714265 48925.000000000007 791.33857142857153 110465.84000000001 -1097.8932142857141 -1249.4976785714282 29355.000000000004 211.7364285714286 0.20000000000000004 228.56321428571431 17443.335000000003 -122.85571428571427 899.46428571428589 257.85714285714295 -367.92607142857133 14513.445000000002 5405.0000000000009 385.83892857142865 1.5000000000000002 1.5000000000000002 7525.0000000000009 32885.000000000007 26290.435000000001 38385.000000000007 62309.450000000004 30501.650000000005 1414.2994642857145 54.753035714285708 655.00000000000011 775.00000000000011 551.66666666666686 9686.4000000000015 13.500000000000002 24730.615000000002 36625.000000000007 132.85714285714286 746.607142857143 -118.96499999999999 269.74196428571435 27425.000000000004 124.26285714285711 952.44446428571439 504.68857142857149 102.53892857142858 56.607142857142868 61.250000000000007 884.82142857142867 1514.1071428571429 1650.5357142857144 34945.000000000007 3.5000000000000004 16540.000000000004 2465.0000000000005 1.0000000180025095e-35
decision_type=2 2 2 2 2 2 2 2 2 2 2 2 2 2 2 2 2 2 2 2 2 2 2 2 2 2 2 2 2 2 2 2 2 2 2 2 2 2 2 2 2 2 2 2 2 2 2 2 2 2 2 2 2 2 2 2 2 2 2 2 2 2
left_child=1 3 10 4 12 20 9 13 18 17 25 -8 16 -3 24 19 -1 47 41 61 29 35 23 30 -10 26 28 32 -2 50 -15 -20 -11 34 40 -22 -24 39 -18 -25 48 -5 -19 44 -14 -46 -16 -4 -12 -34 -6 52 -52 -54 -55 59 -57 -35 -21 -37 -44 -9
right_child=2 7 6 8 5 -7 11 15 14 27 33 -13 43 22 46 -17 38 42 31 58 21 -23 36 37 -26 -27 -28 -29 -30 -31 -32 -33 49 57 -36 55 -38 -39 -40 -41 -42 -43 60 -45 45 -47 -48 -49 -50 -51 51 -53 53 54 -56 56 -58 -59 -60 -61 -62 -63
leaf_value=221.64718919595987 -6.8956899468217827 119.5266023866609 -23.316997560026763 32.039847236220162 7.4938652165133632 -110.55644564475702 -134.69621678603184 16.206657451658778 -28.810796754476996 -184.19557513850319 51.457591684748628 -279.60201981409961 59.909631755769503 48.545007230130629 -52.855508048030266 -14.556369020003016 58.605437347746658 -63.490170698335334 10.737421044258845 3.7549620769758967 65.841008755910352 12.192582030404305 3.6544525111323516 0.26236017559006902 34.972150667036871 -43.867935284627329 -3.5221948587693355 -79.169474957630172 -26.301746333515787 -19.533918400349435 120.08257637307698 -37.197102535855613 -82.618325549132479 -39.388754019508525 -5.0021250217969735 48.113105599173622 16.819812819784186 36.956689735732823 131.25827168267807 -75.35879237915475 -36.788610671363557 97.42917761127957 -100.96449318412087 38.103086382235105 90.676707426413145 167.25675670610792 -107.76806572102187 -54.043825853985417 -22.707029805191631 -154.46982749773579 38.06887976813362 32.75777570270747 151.46177710514672 36.487193850189257 92.328913228402484 124.52330534202261 48.12982845984321 -62.658770067450533 -3.736728753965247 10.79706746167135 -70.911392779898719 4.6315966234673169
leaf_weight=44 880 45 219 445 152 67 72 1673 299 70 40 40 151 341 152 1913 41 674 391 3737 1085 234 1414 94 80 340 1236 95 2039 69 47 117 63 862 252 1037 4429 75 162 42 1740 42 298 67 476 44 78 638 87 53 335 1153 49 135 73 47 52 372 7467 108 296 2383
leaf_count=44 880 45 219 445 152 67 72 1673 299 70 40 40 151 341 152 1913 41 674 391 3737 1085 234 1414 94 80 340 1236 95 2039 69 47 117 63 862 252 1037 4429 75 162 42 1740 42 298 67 476 44 78 638 87 53 335 1153 49 135 73 47 52 372 7467 108 296 2383
internal_value=0.0224679 12.662 -37.5875 39.9777 52.1953 42.5858 -74.7428 4.3668 -2.53305 -69.5344 -25.666 -186.55 97.0288 16.4765 -36.5558 -0.207595 135.356 -62.8087 18.2917 1.59121 44.8525 52.1725 15.7557 36.4504 -15.3445 -17.5682 -15.4156 -120.376 -20.4516 35.3086 57.225 -0.305181 -141.395 -36.5213 -30.7641 56.189 13.6339 -1.75576 116.603 -23.1103 -34.2411 37.6886 -74.036 84.1928 88.7917 97.172 -71.4974 -46.1936 0.662925 -115.499 37.3038 39.9002 53.807 74.3102 56.103 47.7684 84.442 -46.406 -1.23793 44.594 -85.9958 9.40617
internal_weight=41211 30845 10366 7185 5581 4596 2518 23660 1604 2406 7848 112 985 6487 609 17173 247 2125 995 15260 4529 2563 6442 599 379 4495 4155 281 2919 1966 388 508 186 3353 2119 2329 5843 211 203 136 1867 487 1268 738 671 520 230 857 127 116 1897 1745 592 257 208 1244 99 1234 11204 1145 594 4056
internal_count=41211 30845 10366 7185 5581 4596 2518 23660 1604 2406 7848 112 985 6487 609 17173 247 2125 995 15260 4529 2563 6442 599 379 4495 4155 281 2919 1966 388 508 186 3353 2119 2329 5843 211 203 136 1867 487 1268 738 671 520 230 857 127 116 1897 1745 592 257 208 1244 99 1234 11204 1145 594 4056
is_linear=0
shrinkage=0.1


Tree=9
num_leaves=63
num_cat=0
split_feature=22 22 22 4 25 23 25 25 25 28 35 35 4 30 33 25 35 28 35 28 28 25 24 18 20 33 29 25 22 18 4 25 35 31 28 29 25 33 23 22 0 25 28 28 23 31 30 23 19 35 25 33 28 31 28 30 25 33 24 33 30 30
split_gain=1.56865e+09 5.2245e+08 4.23579e+08 2.85434e+08 1.88144e+08 1.2947e+08 1.28801e+08 1.00206e+08 9.36227e+07 6.06348e+07 5.99143e+07 4.79707e+07 4.43721e+07 4.0051e+07 3.99458e+07 3.82598e+07 3.65935e+07 3.53854e+07 3.14599e+07 3.32112e+07 2.84912e+07 2.81694e+07 2.67033e+07 2.57169e+07 2.34372e+07 2.34345e+07 2.31638e+07 2.41436e+07 2.15199e+07 2.14694e+07 3.63558e+07 2.13845e+07 3.56307e+07 2.0923e+07 2.18558e+07 2.05734e+07 2.05423e+07 1.95211e+07 1.89315e+07 1.55763e+07 1.50732e+07 1.48102e+07 1.47312e+07 4.20596e+07 7.07083e+07 2.61514e+07 1.63161e+07 1.61742e+07 1.34962e+07 1.83287e+07 1.34486e+07 1.56271e+07 1.3375e+07 1.25158e+07 1.22712e+07 1.15903e+07 1.12995e+07 1.11194e+07 1.07473e+07 1.26179e+07 2.13242e+07 1.06858e+07
threshold=288.04285714285714 -610.09499999999991 1222.0625000000002 13.500000000000002 -576.76535714285694 2666.9642857142862 952.44446428571439 -135.58321428571421 -97.975714285714261 36625.000000000007 17142.280000000002 161154.62500000003 13.500000000000002 14695.000000000002 460.89285714285717 105.00160714285717 1.0000000180025095e-35 33135.000000000007 9878.3650000000034 7645.0000000000009 7975.0000000000009 -1249.4976785714282 804.61714285714299 132.85714285714286 -2085.6414285714277 89.821428571428584 3725.0000000000005 -521.45321428571424 -216.49571428571429 132.85714285714286 12.500000000000002 -43.817142857142805 28939.045000000002 1.5000000000000002 30855.000000000004 17871.720000000005 237.60839285714289 372.67267857142866 875.89285714285722 2723.2767857142862 8.5000000000000018 -898.20660714285702 38815.000000000007 41980.000000000007 1470.8928571428576 3.5000000000000004 13255.000000000002 1423.3928571428576 2316.428571428572 35298.930000000008 457.18857142857149 476.96428571428578 38125.000000000007 2.5000000000000004 4495.0000000000009 16540.000000000004 -754.76267857142841 1008.7500000000001 534.34500000000014 84.043035714285722 1665.0000000000002 18445.000000000004
decision_type=2 2 2 2 2 2 2 2 2 2 2 2 2 2 2 2 2 2 2 2 2 2 2 2 2 2 2 2 2 2 2 2 2 2 2 2 2 2 2 2 2 2 2 2 2 2 2 2 2 2 2 2 2 2 2 2 2 2 2 2 2 2
left_child=1 3 10 4 16 22 9 21 18 37 14 39 -11 36 -2 28 -1 35 53 -20 -12 -3 58 25 -23 -24 54 40 -9 30 -17 32 38 34 50 -10 -14 -4 -27 -8 -28 -18 46 44 47 -45 -33 -44 -35 -50 51 -22 55 -5 -26 -21 -39 -16 -6 60 -60 -47
right_child=2 7 6 8 5 -7 11 15 17 12 20 -13 13 -15 57 29 41 -19 19 52 33 24 23 -25 26 31 27 -29 -30 -31 -32 42 -34 48 -36 -37 -38 56 -40 -41 -42 -43 43 45 -46 61 -48 -49 49 -51 -52 -53 -54 -55 -56 -57 -58 -59 59 -61 -62 -63
leaf_value=165.88465445999955 -15.601770476248189 99.051022985428745 -51.957615347100983 32.140292404781484 4.6268985216440459 -82.839020428041991 -59.440434834424877 12.656525575470496 -28.778507383909393 11.986485329913062 1.1003976607991157 -217.02679817580804 -56.144658294032013 -150.09353648254097 4.6232134076807512 19.662668340148194 101.9762021926939 -76.053829839407953 66.154263070326977 -2.0088105863412626 -31.223584897836606 -36.584888698563525 118.49850508041459 16.27496994225336 12.516310285977418 33.330717957014393 3.8043521351872496 21.299378642421576 2.8423066437048732 -8.5374221952550879 -34.352081235806992 40.397255917533798 -7.1697587776332981 -15.461062547889298 -54.37919239934925 36.132136872648466 -82.644773996753187 23.221840727225082 78.95491912555724 -123.78982983152883 68.586772725448881 71.389981842832853 86.924686685350608 23.455057349731934 187.58835498050962 107.94637948386404 -9.0930942930212026 29.30692656515458 -19.117396449318875 -96.012851363321246 -55.473193070718871 -8.3288935487246931 -32.353539158427949 79.714650000469817 -21.462629548660093 51.5258569193456 -31.885136980079025 37.683290841191173 37.087552616914188 25.950155663528751 98.663994988973911 51.798338000168762
leaf_weight=67 3051 45 850 219 146 84 49 2762 339 60 337 51 497 69 667 652 352 153 75 332 2374 73 49 246 278 110 45 2733 11692 4030 154 1371 64 1252 428 57 713 40 528 164 178 289 105 347 56 57 70 91 79 51 196 341 133 74 172 46 527 120 304 744 69 84
leaf_count=67 3051 45 850 219 146 84 49 2762 339 60 337 51 497 69 667 652 352 153 75 332 2374 73 49 246 278 110 45 2733 11692 4030 154 1371 64 1252 428 57 713 40 528 164 178 289 105 347 56 57 70 91 79 51 196 341 133 74 172 46 527 120 304 744 69 84
internal_value=-0.209613 12.1683 -30.8272 36.8074 47.621 40.1198 -63.186 4.97439 -2.81983 -56.7923 -19.8418 -129.909 -72.0516 -75.9943 -10.4204 2.14169 95.5562 -35.2173 17.4156 4.03715 -26.9905 20.4801 42.4465 47.3352 19.4624 49.9409 20.6641 23.8817 4.71773 -5.55766 9.34074 48.7737 63.9569 -28.9957 -33.2788 -19.4319 -71.7628 -42.3708 71.0919 -109.004 55.5179 88.1928 43.8853 55.3561 88.5307 38.2176 37.9929 60.1879 -18.6467 -49.3094 -30.1755 -28.3483 -5.08541 44.1672 -0.472126 4.51193 -27.9958 9.66622 30.1439 33.4788 48.4901 74.5267
internal_weight=41391 29475 11916 6661 5233 4525 3020 22814 1428 2756 8896 264 1339 1279 3838 19290 708 549 879 586 5058 3524 4441 3178 3479 2932 3406 2956 14454 4836 806 2883 702 4721 3339 396 1210 1417 638 213 223 641 2181 740 252 488 1441 196 1382 130 2911 2715 511 293 450 378 567 787 1263 1117 373 141
internal_count=41391 29475 11916 6661 5233 4525 3020 22814 1428 2756 8896 264 1339 1279 3838 19290 708 549 879 586 5058 3524 4441 3178 3479 2932 3406 2956 14454 4836 806 2883 702 4721 3339 396 1210 1417 638 213 223 641 2181 740 252 488 1441 196 1382 130 2911 2715 511 293 450 378 567 787 1263 1117 373 141
is_linear=0
shrinkage=0.1


Tree=10
num_leaves=63
num_cat=0
split_feature=22 22 22 4 25 23 25 25 28 35 28 30 25 4 4 30 23 35 24 24 25 28 18 4 28 31 32 28 32 28 18 18 4 28 25 35 25 35 14 23 35 34 30 25 22 25 28 25 23 35 30 31 24 30 30 4 4 30 25 28 23 31
split_gain=1.3011e+09 4.18279e+08 3.71161e+08 2.46904e+08 1.38978e+08 1.15949e+08 1.04055e+08 8.11234e+07 8.06209e+07 5.56754e+07 5.13339e+07 4.61777e+07 4.27834e+07 3.81568e+07 3.79935e+07 3.67212e+07 3.55704e+07 2.95292e+07 2.88946e+07 2.85746e+07 2.81686e+07 2.79096e+07 2.59006e+07 2.53099e+07 2.47941e+07 2.14091e+07 1.98868e+07 1.8379e+07 1.81705e+07 1.80275e+07 1.7254e+07 1.71907e+07 3.79569e+07 1.63314e+07 1.60068e+07 1.60106e+07 1.59021e+07 1.68841e+07 1.54665e+07 1.5257e+07 1.52521e+07 1.52498e+07 1.47218e+07 1.36171e+07 1.31063e+07 1.27452e+07 1.256e+07 1.24806e+07 1.23091e+07 1.35701e+07 1.18262e+07 1.15789e+07 1.12969e+07 2.11624e+07 1.45838e+07 1.26798e+07 1.12887e+07 1.2373e+07 1.12494e+07 1.07305e+07 8.89327e+07 1.19929e+07
threshold=247.00678571428574 -610.09499999999991 1222.0625000000002 13.500000000000002 -521.45321428571424 3657.8571428571436 952.44446428571439 -158.7019642857143 20465.000000000004 17614.795000000002 36625.000000000007 38544.735000000008 106.81964285714291 14.500000000000002 13.500000000000002 52175.000000000007 3657.8571428571436 8198.2200000000012 1461.1592857142859 899.46428571428589 57.6121428571428 60820.000000000007 257.85714285714295 15.500000000000002 9435.0000000000018 1.5000000000000002 2368.5714285714289 32885.000000000007 273.57142857142861 47855.000000000007 4365.0000000000009 132.85714285714286 12.500000000000002 30855.000000000004 -392.85696428571424 17142.280000000002 -1249.4976785714282 4540.005000000001 1.0000000180025095e-35 814.107142857143 6540.1550000000016 11.500000000000002 655.00000000000011 -72.491428571428557 2723.2767857142862 457.18857142857149 41980.000000000007 -100.80660714285716 806.25000000000011 54286.910000000011 7813.0900000000011 2.5000000000000004 1549.1071428571429 19545.000000000004 24050.000000000004 8.5000000000000018 29.500000000000004 2015.0000000000002 269.74196428571435 41980.000000000007 1485.1785714285718 2.5000000000000004
decision_type=2 2 2 2 2 2 2 2 2 2 2 2 2 2 2 2 2 2 2 2 2 2 2 2 2 2 2 2 2 2 2 2 2 2 2 2 2 2 2 2 2 2 2 2 2 2 2 2 2 2 2 2 2 2 2 2 2 2 2 2 2 2
left_child=1 3 9 4 15 19 10 11 13 18 43 30 17 -5 -12 36 44 -10 50 27 42 28 40 -15 -11 33 -27 -6 29 -16 34 32 -22 45 35 51 37 -1 48 -34 41 -21 -9 -4 -8 -26 -14 -24 49 -19 -2 -3 53 59 -54 -56 57 -25 -33 60 -42 -61
right_child=2 7 6 8 5 -7 16 20 12 24 14 -13 46 23 21 -17 -18 38 -20 22 31 -23 47 56 25 26 -28 -29 -30 -31 -32 58 39 -35 -36 -37 -38 -39 -40 -41 52 -43 -44 -45 -46 -47 -48 -49 -50 -51 -52 -53 54 -55 55 -57 -58 -59 -60 61 -62 -63
leaf_value=160.8925147384299 -13.471551743210094 32.051711062857713 -12.218706216641451 105.67834821066401 31.158337248970003 -108.44734237628552 -53.178234077857581 0.80341524785372087 65.452103540340815 -1.7719154797406234 17.513229278794562 112.36701415394546 -47.25888228562269 -48.806045683137668 -72.848074604198061 164.49052696557828 -188.33796849055904 2.4051179870853021 18.292609194803767 60.292969399630778 17.753005054450732 -134.32098652682507 34.142652058737823 -5.6415467755255841 -26.19685270741839 -14.067303845937667 -85.548891801393594 -18.493578194098014 -54.543635488242174 -131.90666489712029 -43.771523678787361 -2.6719523862816867 -15.046496356733693 -48.850047198473185 16.304256492425584 8.4550380501539149 70.086354134778162 84.534015577641782 43.688197067206318 -82.252521876122032 44.272363698929126 124.7089435070787 8.3038087893052026 -41.812581043623524 -111.91608202718862 -53.221761892078327 -105.05669687978039 -12.246938863274917 -36.086236475925638 -45.802021720097706 1.2500961227422955 67.259213843310718 78.005092234567257 -12.831844429749601 65.714021956245858 -11.132902237907253 76.168961961028359 32.562330543862238 -15.563467340381948 15.613794357664313 193.49797110714374 57.800896482452757
leaf_weight=42 3702 231 177 56 1671 54 50 3912 49 452 53 54 152 50 479 52 55 291 357 224 964 62 131 121 2615 1383 40 78 671 58 43 5119 216 434 2253 157 571 94 42 40 1480 44 7905 1282 160 187 50 104 250 73 640 157 210 66 45 41 41 283 780 226 41 96
leaf_count=42 3702 231 177 56 1671 54 50 3912 49 452 53 54 152 50 479 52 55 291 357 224 964 62 131 121 2615 1383 40 78 671 58 43 5119 216 434 2253 157 571 94 42 40 1480 44 7905 1282 160 187 50 104 250 73 640 157 210 66 45 41 41 283 780 226 41 96
internal_value=0.0368465 11.9292 -26.3794 33.7291 43.8052 37.1432 -56.8658 5.21077 -2.69151 -16.9101 -51.1606 20.801 -21.0192 27.4769 -65.4262 83.3944 -116.739 -9.39177 -9.05307 38.9083 2.82723 -68.888 45.3436 18.62 -24.1335 -26.3029 -16.0796 28.9435 -65.5242 -79.2385 19.0586 -2.14191 8.66339 -30.7982 20.0249 35.4031 77.4185 108.166 -14.9868 -25.5615 48.3583 70.89 5.82083 -38.2229 -97.9469 -28.0014 -61.5878 13.6145 -19.0037 -7.26775 -11.3016 46.3049 45.6183 42.7973 63.8013 29.0925 26.2006 21.1208 -4.37666 44.7897 48.3011 28.1984
internal_weight=41416 28559 12857 6728 5270 4511 3047 21831 1458 9810 2782 2895 907 551 1323 759 265 705 4699 4457 18936 1270 2708 495 5111 4659 1423 1749 1208 537 2841 7119 1220 3236 2798 545 707 136 656 256 2473 268 11817 1459 210 2802 202 235 614 364 4342 388 2205 1909 296 86 445 404 5899 1843 1521 322
internal_count=41416 28559 12857 6728 5270 4511 3047 21831 1458 9810 2782 2895 907 551 1323 759 265 705 4699 4457 18936 1270 2708 495 5111 4659 1423 1749 1208 537 2841 7119 1220 3236 2798 545 707 136 656 256 2473 268 11817 1459 210 2802 202 235 614 364 4342 388 2205 1909 296 86 445 404 5899 1843 1521 322
is_linear=0
shrinkage=0.1


Tree=11
num_leaves=63
num_cat=0
split_feature=22 22 4 22 23 23 23 18 22 28 30 18 29 30 35 35 23 35 19 33 28 31 35 32 29 23 28 28 28 33 30 33 21 29 21 30 35 33 33 23 5 31 1 29 4 20 35 32 23 35 23 1 23 30 30 35 28 31 35 29 23 21
split_gain=1.07145e+09 4.44598e+08 1.89688e+08 1.76645e+08 1.00781e+08 8.13651e+07 7.63214e+07 7.59796e+07 7.08511e+07 6.51883e+07 6.0307e+07 4.88718e+07 4.68531e+07 4.60119e+07 4.22854e+07 3.06286e+07 3.4013e+07 2.96143e+07 2.91251e+07 2.79599e+07 2.43203e+07 2.28011e+07 2.2634e+07 2.2431e+07 2.24155e+07 2.24536e+07 2.22042e+07 2.18417e+07 1.94122e+07 1.93354e+07 1.9315e+07 1.87662e+07 1.84368e+07 1.81624e+07 1.68156e+07 1.68087e+07 2.46616e+07 2.11441e+07 3.43421e+07 2.96834e+07 1.66187e+07 1.66082e+07 1.52429e+07 1.39947e+07 1.39792e+07 3.92541e+07 1.29831e+07 1.26672e+07 1.73012e+07 1.22777e+07 1.21084e+07 1.65222e+07 1.21068e+07 1.19938e+07 1.14497e+07 1.33921e+07 1.12349e+07 1.53646e+07 1.12037e+07 1.56946e+07 1.11358e+07 1.10566e+07
threshold=582.19035714285735 -391.20392857142843 13.500000000000002 1690.0489285714286 3657.8571428571436 162.67857142857147 2116.6071428571436 1.0000000180025095e-35 99.992500000000021 5325.0000000000009 52175.000000000007 132.85714285714286 39762.455000000009 36388.780000000006 26977.480000000003 7347.4750000000013 394.46428571428578 6170.005000000001 1729.882142857143 688.03571428571433 30855.000000000004 2.5000000000000004 0.20000000000000004 308.68714285714287 11694.360000000002 894.46428571428589 24915.000000000004 29145.000000000004 54560.000000000007 567.32142857142867 1305.0000000000002 703.39285714285722 2205.4039285714289 19451.420000000002 2304.6428571428573 19545.000000000004 11324.580000000002 369.46428571428578 378.03571428571433 1380.1785714285718 -449.06999999999994 4.5000000000000009 2.5000000000000004 30265.000000000004 13.500000000000002 -237.19285714285715 10637.695000000002 282.14285714285717 1717.3214285714287 8832.1950000000015 1434.1071428571429 4.5000000000000009 3657.8571428571436 945.00000000000011 14335.000000000002 37438.345000000008 6595.0000000000009 1.5000000000000002 23241.460000000003 40732.455000000009 2188.3928571428573 196.07142857142858
decision_type=2 2 2 2 2 2 2 2 2 2 2 2 2 2 2 2 2 2 2 2 2 2 2 2 2 2 2 2 2 2 2 2 2 2 2 2 2 2 2 2 2 2 2 2 2 2 2 2 2 2 2 2 2 2 2 2 2 2 2 2 2 2
left_child=1 2 4 14 5 18 20 9 13 23 11 12 24 22 19 -11 -17 34 33 44 -5 26 61 -4 25 -7 31 -16 35 49 -9 56 53 -1 42 37 -37 -26 39 -39 52 43 -14 54 45 -2 -31 48 -22 -24 -18 -52 -8 -29 55 -40 -10 -58 59 -35 -19 -3
right_child=3 8 7 6 -6 10 40 30 21 15 -12 -13 17 -15 27 16 50 60 -20 -21 47 -23 29 -25 28 -27 -28 32 -30 46 -32 -33 -34 58 -36 36 -38 38 41 -41 -42 -43 -44 -45 -46 -47 -48 -49 -50 -51 51 -53 -54 -55 -56 -57 57 -59 -60 -61 -62 -63
leaf_value=19.367258585930422 77.434650232789622 40.833094391263849 107.29094028967603 -32.768346434365377 -95.891296510261057 20.224607798455978 -119.18852624905844 -1.6019967635918306 -2.5470659384213081 38.39153528080076 150.61735781715032 7.5625182792737782 175.74314701803428 89.025512480094392 -24.691415421659997 -4.5654873277766281 -35.445564334174989 60.271439435501328 126.96353472611257 8.2593177612050326 -65.58571961495943 3.5617872637582746 4.5700214549897948 10.285956815098256 31.693991463635736 -45.076171367623402 -28.563803126021011 -51.67876894819257 -27.100740467418326 21.012316191190237 27.271090169118771 13.298809828872733 -106.63414948537653 67.830609045394269 57.513223535127224 44.583770246066734 -53.710510887571935 53.231827402843976 37.097244059590615 167.84271875448377 -78.570622185759973 -9.6777349404689073 90.245420275436956 61.329000567376106 -24.137862317233729 -17.13434166669045 6.2620393034383133 -49.265907128006461 -113.78898416124139 -2.213106960647901 -96.283357119804265 -19.292923987861482 -181.74331885502869 -34.2073582087178 -5.7817693653327886 85.216412028010936 -14.711347440232675 -1.3556596710227331 31.448915592114645 126.73628774973602 6.025377212429146 13.265411978447895
leaf_weight=87 52 229 52 348 58 383 113 312 2294 75 43 728 44 65 1247 382 475 179 77 352 434 2028 7702 44 2888 61 508 607 50 960 900 431 43 403 42 51 51 49 705 42 73 58 40 368 2530 280 1577 349 90 4083 83 42 43 1116 56 63 3250 1172 70 51 48 399
leaf_count=87 52 229 52 348 58 383 113 312 2294 75 43 728 44 65 1247 382 475 179 77 352 434 2028 7702 44 2888 61 508 607 50 960 900 431 43 403 42 51 51 49 705 42 73 58 40 368 2530 280 1577 349 90 4083 83 42 43 1116 56 63 3250 1172 70 51 48 399
internal_value=0.0858386 7.75433 26.7022 -33.6346 35.3021 36.4493 -65.0691 2.35684 0.803615 -16.0196 32.6834 31.8235 35.2344 5.10476 -26.3144 -23.1862 -27.8909 70.4019 69.0073 -18.3352 -55.1292 -5.86597 4.73959 62.8589 32.6608 11.249 -8.36363 -34.8254 34.8307 3.92477 19.8387 -6.92764 -41.9803 61.6937 109.276 35.546 -4.56556 36.5135 46.8912 106.192 -118.044 42.57 135.108 45.1125 -21.6062 -2.31289 11.8438 -64.0404 -73.875 2.21996 -42.7398 -70.4327 -136.484 -40.3637 37.8669 41.0498 -8.22576 -11.1716 68.7187 74.461 48.8048 23.3204
internal_weight=41435 33758 9060 7677 6695 6637 1450 2365 24698 1153 5949 5906 5178 15015 6227 1057 982 353 688 3214 1221 9683 14950 96 4825 444 7655 3013 4381 14322 1212 7147 1766 611 126 4331 102 4229 1341 91 229 1250 84 1192 2862 332 2537 873 524 11785 600 125 156 1723 824 768 6716 4422 524 454 227 628
internal_count=41435 33758 9060 7677 6695 6637 1450 2365 24698 1153 5949 5906 5178 15015 6227 1057 982 353 688 3214 1221 9683 14950 96 4825 444 7655 3013 4381 14322 1212 7147 1766 611 126 4331 102 4229 1341 91 229 1250 84 1192 2862 332 2537 873 524 11785 600 125 156 1723 824 768 6716 4422 524 454 227 628
is_linear=0
shrinkage=0.1


Tree=12
num_leaves=63
num_cat=0
split_feature=22 22 4 25 22 25 23 15 23 28 1 35 29 28 15 24 35 25 25 4 20 33 5 22 35 34 33 25 28 34 24 20 25 0 30 30 23 25 28 24 20 34 33 30 23 35 22 26 16 23 24 25 22 28 9 35 9 23 25 28 23 30
split_gain=8.43724e+08 3.77526e+08 1.42644e+08 1.21262e+08 1.14528e+08 7.74178e+07 7.34384e+07 6.3625e+07 6.00295e+07 5.34221e+07 5.60226e+07 4.30807e+07 9.19735e+07 3.98948e+07 3.78795e+07 4.10881e+07 3.32029e+07 3.21101e+07 3.19432e+07 4.47365e+07 2.97227e+07 3.14538e+07 2.73881e+07 2.58365e+07 2.32724e+07 2.21548e+07 2.2093e+07 2.06413e+07 1.9665e+07 1.92694e+07 1.93615e+07 1.8641e+07 1.83878e+07 1.88946e+07 1.78887e+07 1.76318e+07 1.9822e+07 1.75743e+07 1.68184e+07 1.55491e+07 1.541e+07 1.51747e+07 1.49853e+07 3.36421e+07 3.43093e+07 1.48055e+07 1.82067e+07 1.48031e+07 1.78771e+07 3.43348e+07 1.47316e+07 1.45087e+07 1.44941e+07 1.41074e+07 1.35968e+07 1.28296e+07 1.17453e+07 1.11579e+07 1.11297e+07 1.06744e+07 1.00355e+07 9.94483e+06
threshold=754.0328571428571 -361.75428571428569 13.500000000000002 -754.76267857142841 1850.9525000000001 130.36678571428567 3657.8571428571436 255.00000000000003 2116.6071428571436 8585.0000000000018 5.5000000000000009 0.20000000000000004 24885.000000000004 1.0000000180025095e-35 128.33333333333337 1083.3928571428576 0.20000000000000004 -367.92607142857133 149.8721428571429 13.500000000000002 -2222.9414285714279 488.75000000000006 -78.954999999999984 201.58964285714282 10831.660000000002 1.0000000180025095e-35 518.63571428571447 318.49571428571431 40860.000000000007 8.5000000000000018 1447.6785714285718 -354.99071428571426 135.36857142857153 16.500000000000004 7875.0000000000009 22345.000000000004 1534.1071428571429 476.79500000000013 34945.000000000007 1499.3994642857144 1556.3692857142858 1.0000000180025095e-35 72.678571428571445 1665.0000000000002 731.607142857143 54286.910000000011 -1696.8382142857138 5735.0000000000009 1291.6666666666667 1497.6785714285718 1983.0357142857144 -100.80660714285716 -688.00428571428563 38385.000000000007 -339.78999999999991 22176.340000000004 -8.3899999999999988 875.89285714285722 -207.97071428571425 18035.000000000004 1060.1785714285718 1935.0000000000002
decision_type=2 2 2 2 2 2 2 2 2 2 2 2 2 2 2 2 2 2 2 2 2 2 2 2 2 2 2 2 2 2 2 2 2 2 2 2 2 2 2 2 2 2 2 2 2 2 2 2 2 2 2 2 2 2 2 2 2 2 2 2 2 2
left_child=1 2 3 16 18 11 14 9 26 10 13 12 -3 52 15 32 53 45 19 31 55 23 28 -22 29 -7 -6 -27 -18 -17 -31 -2 42 -34 -9 39 -37 -19 50 47 41 -23 43 59 -45 46 -11 48 -26 -50 -21 -16 -4 -1 -20 -13 -25 -44 -43 -5 -59 -35
right_child=4 5 7 6 8 25 -8 34 -10 17 -12 20 -14 -15 51 24 22 37 54 38 21 40 -24 56 35 27 -28 -29 -30 30 -32 -33 33 61 -36 36 -38 -39 -40 -41 -42 58 57 44 -46 -47 -48 -49 49 -51 -52 -53 -54 -55 -56 -57 -58 60 -60 -61 -62 -63
leaf_value=92.693227915213086 96.077513011795034 18.18879344032306 149.29899882748634 76.91020926455414 -63.255102649733743 3.8901734589978534 -85.417353600001775 8.3260223496284933 -109.21293616456234 70.851819221029871 -66.194315696409816 -20.939982773970318 174.65217037581922 12.405717178196575 20.341994165666502 52.815027607194317 57.879441500019766 -32.108633781887214 -43.292569520710536 -20.462728104504841 1.9967644007513448 29.463286139076985 -15.448404240578453 -12.466891430737126 30.533397693976067 -9.9629669126038518 -30.358687450578049 -25.8211304704549 103.92885517414481 59.919049922670332 155.51413812114609 4.9879124206640268 -47.249918896536272 30.475599855917416 32.710074951352162 -56.785176040706574 27.355093577496156 -98.342838077345789 -37.230203597974935 64.425334294940427 -19.257477495466862 18.895229870079159 20.60766033484623 43.058101581983543 168.88557862991539 -39.782422408267252 -0.66691572101129959 10.348009045054992 42.076550613260558 128.3583794268109 22.752143370763768 -8.2078948426389005 65.598220434200471 172.24548126928306 -27.367867006548114 -98.380488066369679 -0.50690729727336181 42.016738744095051 5.8306161671498486 24.187447114165224 11.327563612354661 11.335603703135417
leaf_weight=48 43 607 42 45 571 864 58 681 226 40 46 46 40 92 352 338 331 580 1317 2050 11515 385 40 2128 513 3649 318 1059 129 44 41 47 47 394 539 40 93 43 645 220 181 831 1276 46 41 82 320 195 189 61 82 360 41 42 905 40 1337 572 3028 261 131 873
leaf_count=48 43 607 42 45 571 864 58 681 226 40 46 46 40 92 352 338 331 580 1317 2050 11515 385 40 2128 513 3649 318 1059 129 44 41 47 47 394 539 40 93 43 645 220 181 831 1276 46 41 82 320 195 189 61 82 360 41 42 905 40 1337 572 3028 261 131 873
internal_value=-0.180231 5.84508 23.1273 30.6623 -34.168 -0.396987 26.533 2.741 -63.1945 -12.7784 31.959 2.48948 27.8747 57.7708 27.5926 30.4413 73.9787 -22.0631 -27.8078 -20.8323 1.64676 1.9068 63.9022 -0.28138 43.1359 -10.829 -51.4903 -13.5303 70.8032 63.5325 106.094 48.5377 24.4689 14.9784 19.0999 36.5526 2.03788 -36.6877 -23.0814 40.4492 9.31437 10.5331 29.7258 47.5627 102.419 -1.44775 7.28833 34.9401 41.2241 63.1508 -18.8001 5.90709 108.017 129.893 -36.8073 -56.9951 -7.8521 26.1825 8.64417 31.9521 36.2992 17.2886
internal_weight=41200 34996 9286 6780 6204 25710 6190 2506 1115 1286 221 20138 647 175 6132 5420 590 1065 5089 2867 19491 19405 500 14980 1734 5572 889 4708 460 423 85 90 3686 1314 1220 1311 133 623 2777 1178 4425 4244 2372 393 87 442 360 958 763 250 2132 712 83 90 2222 86 3465 1979 3859 306 703 1267
internal_count=41200 34996 9286 6780 6204 25710 6190 2506 1115 1286 221 20138 647 175 6132 5420 590 1065 5089 2867 19491 19405 500 14980 1734 5572 889 4708 460 423 85 90 3686 1314 1220 1311 133 623 2777 1178 4425 4244 2372 393 87 442 360 958 763 250 2132 712 83 90 2222 86 3465 1979 3859 306 703 1267
is_linear=0
shrinkage=0.1


Tree=13
num_leaves=63
num_cat=0
split_feature=4 28 18 24 30 19 28 25 28 35 24 25 23 25 25 24 0 25 30 16 19 30 25 23 25 21 25 31 23 25 25 31 33 18 33 25 25 34 19 26 23 31 18 24 26 28 28 25 25 24 25 33 28 29 35 7 28 30 28 31 23 23
split_gain=4.5327e+08 3.9144e+08 3.68231e+08 1.27153e+08 1.15017e+08 1.01426e+08 9.50445e+07 9.4339e+07 8.73757e+07 6.81444e+07 4.99132e+07 4.49439e+07 3.86358e+07 3.7209e+07 3.69038e+07 3.31588e+07 3.41396e+07 2.92121e+07 2.7414e+07 3.12382e+07 2.61476e+07 2.61147e+07 2.46254e+07 2.43768e+07 2.13368e+07 2.51429e+07 2.0844e+07 2.01938e+07 1.7867e+07 1.74375e+07 1.72836e+07 1.68271e+07 2.01201e+07 1.64898e+07 1.58096e+07 1.55835e+07 1.50079e+07 1.49253e+07 1.47324e+07 1.33121e+07 6.70374e+07 1.32132e+07 1.44349e+07 1.14215e+07 9.71754e+06 9.45983e+06 9.01214e+06 8.63913e+06 8.59671e+06 8.59327e+06 8.5316e+06 8.35266e+06 7.84549e+06 9.73546e+06 7.77472e+06 9.19603e+06 7.73056e+06 7.58094e+06 7.75361e+06 7.42027e+06 7.38424e+06 1.12023e+07
threshold=13.500000000000002 27915.000000000004 1.0000000180025095e-35 1026.1398214285716 5195.0000000000009 1.0000000180025095e-35 51315.000000000007 745.4953571428573 11105.000000000002 1.0000000180025095e-35 1754.3467857142857 142.62857142857146 2666.9642857142862 675.68732142857152 211.7364285714286 539.7239285714287 15.500000000000002 -392.85696428571424 4391.1650000000009 1291.6666666666667 319.16714285714289 16335.000000000002 -139.97124999999991 3657.8571428571436 264.33857142857147 1736.5514285714287 25.159642857142856 2.5000000000000004 201.60714285714289 345.14303571428576 86.790000000000035 3.5000000000000004 1760.3571428571431 5404.2857142857147 960.89285714285722 -22.13678571428569 219.99232142857147 8.5000000000000018 1537.8571428571431 6275.0000000000009 1497.6785714285718 2.5000000000000004 306.4285714285715 2347.3214285714289 5962.4600000000009 9045.0000000000018 16345.000000000002 -18.719999999999999 29.003392857142849 230.29964285714289 -34.546785714285654 363.75000000000006 40250.000000000007 34805.000000000007 540.00500000000011 -739.7149999999998 6595.0000000000009 575.00000000000011 18900.000000000004 3.5000000000000004 1201.2500000000002 1181.2500000000002
decision_type=2 2 2 2 2 2 2 2 2 2 2 2 2 2 2 2 2 2 2 2 2 2 2 2 2 2 2 2 2 2 2 2 2 2 2 2 2 2 2 2 2 2 2 2 2 2 2 2 2 2 2 2 2 2 2 2 2 2 2 2 2 2
left_child=2 4 3 12 7 9 10 8 20 -5 14 22 15 17 34 16 -1 31 19 48 56 41 -4 -9 -8 -26 -17 29 -22 -13 -10 -7 54 52 35 -3 47 -16 44 40 -40 42 -6 59 -20 49 -44 -30 -19 -18 -41 60 53 -12 -33 -56 -2 -32 -59 -24 61 -28
right_child=1 6 11 5 21 13 24 23 30 -11 33 27 -14 -15 37 26 45 18 38 -21 28 -23 43 -25 25 -27 51 -29 36 -31 57 32 -34 -35 -36 -37 -38 -39 39 50 -42 -43 46 -45 -46 -47 -48 -49 -50 -51 -52 -53 -54 -55 55 -57 -58 58 -60 -61 -62 -63
leaf_value=-72.048282625672726 -5.321828805163304 -16.670379852609589 17.189165364552832 238.55948713685777 -13.734403906329383 86.015602426819726 -41.491890083792526 -55.016292925965232 -11.048843405959039 66.341207251310607 2.5776127018781345 -18.219636345658458 -54.259459666390939 -42.555747634312191 -41.413117431625615 39.235827046589371 10.0525653677389 76.093197324071483 31.835117372086088 151.97279672525258 68.852319439281985 45.37478769155765 -1.2139864790459496 -136.83199140993949 -88.54655305623487 -168.64899860715548 22.82472195789105 -5.859243851134206 7.3041294657321716 -53.783184645712879 -29.25907709664007 59.747497714690795 96.807110805347691 -55.63275398786309 -75.999104072334703 -33.952900727648569 -11.139424548086041 -63.34595420497093 37.705089343543385 57.34580423286814 177.38207027930665 26.200189726679483 16.372003930868598 53.359511974116344 -6.4052452926313608 0.92899771714158241 3.0152440776460372 0.47366745578337482 14.673201255464972 24.896121035728878 25.855013098152643 -3.4151598293671812 -15.18806098818219 42.892800143379503 50.199684025909399 -7.130714336674254 -16.55248176074841 -8.4241490702665303 -24.677672287848523 6.9939730095007695 42.466254157628342 -24.690087140388755
leaf_weight=48 1940 901 1054 45 255 241 62 142 2586 47 183 589 69 49 886 1023 835 53 1034 44 40 253 5424 49 160 52 1783 1221 3129 180 1047 63 64 48 67 1240 799 478 145 141 45 530 1362 41 71 479 803 4536 40 732 221 123 117 89 47 69 896 520 674 1382 185 51
leaf_count=48 1940 901 1054 45 255 241 62 142 2586 47 183 589 69 49 886 1023 835 53 1034 44 40 253 5424 49 160 52 1783 1221 3129 180 1047 63 64 48 67 1240 799 478 145 141 45 530 1362 41 71 479 803 4536 40 732 221 123 117 89 47 69 896 520 674 1382 185 51
internal_value=0.21095 -8.77954 12.3648 28.691 -2.78406 47.7043 -36.1613 -6.17718 -5.35162 150.662 -32.266 -0.422647 20.0583 43.6307 -36.1687 21.0339 11.2713 45.4854 39.6014 82.589 -0.555228 14.5447 2.96036 -76.036 -93.1386 -108.229 27.4926 -13.8541 2.21778 -26.547 -16.6196 67.2888 48.7023 -0.364891 -28.1787 -26.6804 1.90247 -49.1013 36.0448 49.387 70.8245 11.8999 8.76755 0.769924 29.3779 13.2278 11.4182 3.26202 49.6981 16.9871 38.127 21.8834 6.46105 15.7745 31.4806 16.1096 -8.87025 -23.0475 -17.5997 0.452728 23.4247 21.5028
internal_weight=41482 23844 17638 7747 19561 2419 4283 16358 16167 92 4009 9891 5328 2327 3572 5259 2094 2278 1794 137 11340 3203 7901 191 274 212 3165 1990 8504 769 4827 484 243 437 2208 2141 8464 1364 1657 552 190 2950 2420 6847 1105 2046 2165 7665 93 1567 362 2142 389 272 179 116 2836 2241 1194 6806 2019 1834
internal_count=41482 23844 17638 7747 19561 2419 4283 16358 16167 92 4009 9891 5328 2327 3572 5259 2094 2278 1794 137 11340 3203 7901 191 274 212 3165 1990 8504 769 4827 484 243 437 2208 2141 8464 1364 1657 552 190 2950 2420 6847 1105 2046 2165 7665 93 1567 362 2142 389 272 179 116 2836 2241 1194 6806 2019 1834
is_linear=0
shrinkage=0.1


Tree=14
num_leaves=63
num_cat=0
split_feature=22 22 22 4 25 23 18 23 25 25 18 25 35 24 33 35 29 24 33 35 2 32 25 35 34 18 18 31 30 24 25 22 30 2 19 19 16 34 30 24 23 0 5 34 33 26 1 35 23 25 25 31 23 17 23 26 16 31 25 32 25 25
split_gain=5.72128e+08 2.12695e+08 1.17924e+08 9.06227e+07 7.80309e+07 5.51563e+07 4.47325e+07 4.39474e+07 4.20465e+07 4.16348e+07 2.69452e+07 2.48826e+07 2.44692e+07 2.39344e+07 2.07213e+07 1.95362e+07 5.09043e+07 1.84118e+07 1.74575e+07 1.63997e+07 1.63067e+07 2.03965e+07 1.56333e+07 1.48208e+07 1.47226e+07 1.46592e+07 1.41653e+07 1.27126e+07 1.14823e+07 1.13169e+07 1.12785e+07 1.0806e+07 1.07758e+07 1.01565e+07 2.67433e+07 2.20562e+07 9.95144e+06 2.95388e+07 1.48591e+07 1.11909e+07 1.13351e+07 9.81726e+06 9.78893e+06 9.07174e+06 1.13753e+07 2.99675e+07 9.04473e+06 1.13191e+07 8.69364e+06 8.46456e+06 8.31339e+06 7.99365e+06 7.75427e+06 7.64658e+06 7.62551e+06 2.65548e+07 2.43706e+07 8.68179e+06 7.53337e+06 7.52644e+06 9.81238e+06 7.15238e+06
threshold=438.61428571428576 -391.20392857142843 1316.8892857142857 13.500000000000002 -278.15678571428566 2666.9642857142862 1.0000000180025095e-35 2666.9642857142862 1.0000000180025095e-35 -325.1832142857142 257.85714285714295 237.60839285714289 110465.84000000001 1690.1785714285718 1877.3214285714287 0.20000000000000004 23490.960000000003 804.61714285714299 89.821428571428584 25510.795000000002 1.0000000180025095e-35 25.000000000000004 400.37482142857158 5710.9150000000009 5.5000000000000009 3756.428571428572 1.0000000180025095e-35 1.5000000000000002 16335.000000000002 1709.7994642857145 500.7098214285715 2421.9107142857151 16335.000000000002 1.0000000180025095e-35 1.0000000180025095e-35 350.71428571428578 1291.6666666666667 12.500000000000002 22345.000000000004 1499.3994642857144 1060.1785714285718 16.500000000000004 -569.6149999999999 14.500000000000002 58.750000000000007 1795.0000000000002 1.5000000000000002 54286.910000000011 2037.5000000000002 135.36857142857153 29.003392857142849 1.5000000000000002 2116.6071428571436 -951.27666666666653 1497.6785714285718 6275.0000000000009 1978.3333333333337 4.5000000000000009 -308.05303571428573 1630.714285714286 211.7364285714286 -1249.4976785714282
decision_type=2 2 2 2 2 2 2 2 2 2 2 2 2 2 2 2 2 2 2 2 2 2 2 2 2 2 2 2 2 2 2 2 2 2 2 2 2 2 2 2 2 2 2 2 2 2 2 2 2 2 2 2 2 2 2 2 2 2 2 2 2 2
left_child=1 3 13 4 14 10 9 11 15 20 17 -4 -9 19 33 16 -3 41 -19 27 46 -22 32 -11 25 26 -17 50 58 -28 -25 -13 49 34 -1 -35 38 54 39 40 -20 -6 -23 -43 -45 -46 -5 -48 -21 -10 -2 -42 -33 -37 57 56 -56 -38 -8 60 -15 -36
right_child=2 8 7 6 5 -7 28 12 22 23 -12 31 -14 59 -16 24 -18 18 36 48 21 42 -24 30 -26 -27 29 -29 -30 -31 -32 52 -34 35 61 53 37 -39 -40 -41 51 43 -44 44 45 -47 47 -49 -50 -51 -52 -53 -54 -55 55 -57 -58 -59 -60 -61 -62 -63
leaf_value=131.14279763434314 -8.6786415502671375 15.831761423600222 -24.523384267052041 20.425543161622123 -24.300028359148197 -58.163432326741955 25.959288799063518 -66.680956462780259 -0.75458294901062528 19.212416689679785 1.367146009641564 -40.86646005630211 -163.8079239329744 17.992525011724663 106.15842435076077 -19.508361531379421 132.29420416411688 87.099352716488895 33.27326788232741 -22.304300378285518 97.534841565818652 -11.992644881264878 -21.242056504374517 -29.169876630466973 0.76381484324174209 -45.577384953737024 8.5584139276262565 -3.1370323201539909 39.09598136030688 23.707873926287235 -83.506769050663195 -52.585101281650559 12.306807393205247 -28.674371155562298 76.709760730503291 58.791761011628026 29.989231246068982 115.52064087430593 -29.298774926973024 55.744332511463689 -6.7117623173407059 13.411832143209203 46.73607953005979 19.436070881607513 26.002101866310763 126.02273189280363 -1.9168092875332847 -56.139454776868916 -56.687886878520857 -6.5827770635721352 -20.181025647932078 20.060454589176427 -88.569469827417279 27.857462934336759 43.710272216796881 21.240383823227774 147.2886413806539 -16.979091329495208 6.6791875811588142 -23.583943744639708 -10.266589989998895 44.325010386005161
leaf_weight=41 956 597 938 119 57 88 277 74 8893 60 586 1180 40 351 60 164 40 51 697 2246 41 61 427 554 4275 49 4073 1008 182 561 41 240 520 51 77 148 618 45 51 114 127 1354 53 388 119 40 179 49 76 3462 1834 914 80 174 51 145 41 42 755 87 189 602
leaf_count=41 956 597 938 119 57 88 277 74 8893 60 586 1180 40 351 60 164 40 51 697 2246 41 61 427 554 4275 49 4073 1008 182 561 41 240 520 51 77 148 618 45 51 114 127 1354 53 388 119 40 179 49 76 3462 1834 914 80 174 51 145 41 42 755 87 189 602
internal_value=0.0126633 6.33768 -21.8299 19.3275 25.2881 20.3521 2.53161 -40.1402 1.23882 -11.538 21.6227 -37.301 -100.818 -14.904 48.9515 6.224 23.1548 24.0681 29.1323 -16.8104 10.1301 37.0913 -2.41855 -28.1441 5.04158 8.81448 9.37043 -12.7625 15.9405 10.3927 -32.9208 -45.2902 -1.79419 45.8064 52.746 32.4055 28.0917 36.4987 23.9293 25.3958 23.4036 16.5772 15.3195 17.8034 28.6719 51.1963 -1.91668 -13.5797 -23.4309 -2.38772 -16.2399 16.7941 -61.5936 42.0826 32.5282 47.9162 89.9252 26.9993 11.8552 3.70367 8.10179 48.0029
internal_weight=41412 32113 9299 9052 6681 5528 2371 2552 23061 1157 5440 2438 114 6747 1153 9759 637 4854 2896 6120 502 155 13302 655 9122 4847 4798 3798 1214 4634 595 1500 12875 1093 720 373 2845 942 1903 1852 1738 1958 114 1901 547 159 347 228 2322 12355 2790 1041 320 322 897 237 92 660 1032 627 540 679
internal_count=41412 32113 9299 9052 6681 5528 2371 2552 23061 1157 5440 2438 114 6747 1153 9759 637 4854 2896 6120 502 155 13302 655 9122 4847 4798 3798 1214 4634 595 1500 12875 1093 720 373 2845 942 1903 1852 1738 1958 114 1901 547 159 347 228 2322 12355 2790 1041 320 322 897 237 92 660 1032 627 540 679
is_linear=0
shrinkage=0.1


Tree=15
num_leaves=63
num_cat=0
split_feature=22 25 22 4 22 4 35 29 20 23 23 16 35 15 23 30 34 25 25 9 4 18 35 17 33 25 25 23 18 4 20 32 23 30 30 20 0 24 33 34 32 35 25 2 33 24 25 15 23 33 29 31 21 25 18 31 7 32 23 0 33 34
split_gain=4.66574e+08 1.43462e+08 1.3613e+08 8.94995e+07 6.92623e+07 7.55769e+07 4.85099e+07 7.35571e+07 5.69819e+07 4.26965e+07 4.26314e+07 3.95762e+07 2.83044e+07 2.77045e+07 2.03282e+07 1.96813e+07 1.93746e+07 1.91103e+07 1.87862e+07 2.69475e+07 1.72414e+07 1.51893e+07 1.383e+07 1.38241e+07 1.38209e+07 1.37963e+07 1.11003e+07 1.14956e+07 1.09168e+07 2.15314e+07 1.06204e+07 2.32217e+07 4.9689e+07 1.05586e+07 1.00806e+07 1.33102e+07 1.0042e+07 9.7513e+06 1.12895e+07 9.12626e+06 8.72905e+06 8.96038e+06 8.67989e+06 8.41992e+06 1.06845e+07 7.93538e+06 7.86888e+06 7.80668e+06 7.6585e+06 7.41519e+06 7.25478e+06 7.0787e+06 7.05654e+06 6.9733e+06 8.65097e+06 6.58893e+06 7.46715e+06 7.24502e+06 9.46222e+06 6.49627e+06 6.20923e+06 6.19203e+06
threshold=233.6114285714286 -293.03785714285709 1189.7203571428574 14.500000000000002 -610.09499999999991 13.500000000000002 0.20000000000000004 39762.455000000009 -1.0000000180025095e-35 3657.8571428571436 3657.8571428571436 1.0000000180025095e-35 42667.910000000011 291.66666666666669 1169.1071428571429 14135.000000000002 1.0000000180025095e-35 1.5026785714285733 187.85964285714292 -8.3899999999999988 13.500000000000002 212.14285714285717 23482.060000000001 -423.3333333333332 511.25000000000006 -898.20660714285702 80.359642857142873 753.39285714285722 1.0000000180025095e-35 13.500000000000002 -1299.3328571428569 629.17428571428582 1497.6785714285718 265.00000000000006 265.00000000000006 -778.15071428571412 16.500000000000004 1222.1482142857146 375.53571428571433 1.0000000180025095e-35 1572.8571428571429 40681.380000000012 526.83160714285725 1.0000000180025095e-35 105.50732142857144 1776.839285714286 526.83160714285725 3175.0000000000005 757.67857142857156 285.1785714285715 2655.0000000000005 4.5000000000000009 189.64285714285717 476.79500000000013 2702.1428571428573 3.5000000000000004 -339.78999999999991 100.71428571428574 1024.1071428571431 27.500000000000004 1146.4285714285718 1.0000000180025095e-35
decision_type=2 2 2 2 2 2 2 2 2 2 2 2 2 2 2 2 2 2 2 2 2 2 2 2 2 2 2 2 2 2 2 2 2 2 2 2 2 2 2 2 2 2 2 2 2 2 2 2 2 2 2 2 2 2 2 2 2 2 2 2 2 2
left_child=1 3 16 6 5 9 7 -1 59 23 12 -8 20 14 43 34 49 33 19 40 -4 -7 -16 26 50 -13 51 -28 29 -19 31 32 -29 -6 35 -14 -32 38 -37 -30 45 -42 -36 -5 -45 -18 60 -15 -31 -2 -22 -3 -35 -20 -55 56 57 58 -27 -9 -41 -54
right_child=2 4 10 13 17 21 11 8 -10 -11 -12 25 15 47 22 -17 18 28 53 -21 24 -23 -24 -25 -26 55 27 30 39 48 36 -33 -34 52 42 37 -38 -39 -40 46 41 -43 -44 44 -46 -47 -48 -49 -50 -51 -52 -53 61 54 -56 -57 -58 -59 -60 -61 -62 -63
leaf_value=27.005872786697367 -6.6240879850831451 31.175160216342757 22.537415953908742 -4.6981326501380112 0.31990305367715371 -22.904041966128972 -28.574314478052159 114.08817252993708 224.42562254774964 -69.503142466256534 -116.27281048483385 59.24159445294876 -104.98065485054045 28.066699660926748 -11.716100808160695 -112.88216752851204 -13.847756121719636 10.216933023549965 -17.313387030004893 -0.61521591129582254 -14.19682127166841 6.4074313754673362 -86.647055434766472 8.742625704115035 -13.141478639097157 49.685990874451328 69.336420888824989 20.990121365968719 6.8166107880862761 -13.111398342386446 -36.20879990081216 17.30020841343962 152.97040038102736 25.37954526095335 -21.665182234593342 -47.430068422988704 14.623677534904505 -31.731695880595954 -90.695738928902998 -3.0406261914929615 -20.586035859439715 -78.325883075932495 -48.918010844401358 67.352195233024773 6.4785736786630883 11.370733379126058 -29.282768857747989 -17.652074147580418 -60.516018631038605 9.5765013947381146 -35.001735665720609 -7.0164082194660811 16.707270393685086 -41.298571948704961 8.3502552418122189 15.424357434958274 25.572943504204236 36.979465961074652 105.37802419129508 60.437689395067174 20.984601979909389 6.1673984687505943
leaf_weight=116 507 1633 75 405 2638 527 84 48 47 52 61 344 41 557 53 40 3779 1749 1872 2503 197 266 46 697 558 112 44 81 1051 229 40 351 44 221 337 267 1315 266 78 7945 78 41 179 40 103 129 113 40 40 638 1127 50 618 243 41 139 239 235 42 43 109 5682
leaf_count=116 507 1633 75 405 2638 527 84 48 47 52 61 344 41 557 53 40 3779 1749 1872 2503 197 266 46 697 558 112 44 81 1051 229 40 351 44 221 337 267 1315 266 78 7945 78 41 179 40 103 129 113 40 40 638 1127 50 618 243 41 139 239 235 42 43 109 5682
internal_value=-0.0459273 7.19283 -15.6732 29.1432 4.8742 15.2973 46.0342 85.7195 135.045 20.5207 -33.4978 37.5958 -31.9006 9.4675 -4.86754 -43.9375 -9.82405 2.26777 -11.4358 -8.76347 -24.4697 -13.0722 -46.5587 21.6217 -26.3435 42.5998 24.1445 18.8517 -0.495929 6.16589 17.6366 30.486 67.4898 5.65817 -41.5716 -49.8377 13.1218 -46.1292 -57.2236 -1.95436 -13.828 -40.5042 -31.123 2.66781 23.5238 -13.0152 -3.08312 25.0022 -20.1704 2.40298 -31.9068 30.0404 7.81769 -19.5294 -34.1307 35.1326 39.4932 48.0414 64.904 88.784 -2.71535 7.20143
internal_weight=41245 28188 13057 2693 25495 5100 1449 254 138 4307 3226 1195 3165 1244 647 1208 9831 20395 8686 6530 1957 793 99 4255 1882 1111 3558 1875 11236 2018 1831 476 125 9159 1168 652 1355 611 345 9218 4027 119 516 548 143 3908 8167 597 269 1145 1324 1683 6521 2156 284 767 628 389 154 91 8054 6300
internal_count=41245 28188 13057 2693 25495 5100 1449 254 138 4307 3226 1195 3165 1244 647 1208 9831 20395 8686 6530 1957 793 99 4255 1882 1111 3558 1875 11236 2018 1831 476 125 9159 1168 652 1355 611 345 9218 4027 119 516 548 143 3908 8167 597 269 1145 1324 1683 6521 2156 284 767 628 389 154 91 8054 6300
is_linear=0
shrinkage=0.1


Tree=16
num_leaves=63
num_cat=0
split_feature=35 25 4 28 29 18 29 19 4 20 25 35 23 28 24 25 25 28 30 24 28 23 30 8 30 4 24 30 21 28 20 25 28 28 30 25 25 35 32 30 30 26 29 25 30 19 23 30 18 35 28 23 34 26 30 26 33 19 34 4 25 28
split_gain=2.38417e+08 1.68497e+08 1.23194e+08 9.87441e+07 6.28663e+07 7.06793e+07 5.46692e+07 6.28274e+07 4.53303e+07 4.30558e+07 3.8764e+07 3.70415e+07 2.75836e+07 2.38549e+07 2.17454e+07 2.12827e+07 2.08756e+07 2.08112e+07 2.31949e+07 2.02535e+07 2.01802e+07 1.89013e+07 1.85111e+07 1.54055e+07 1.52318e+07 1.52112e+07 1.50885e+07 1.48067e+07 1.41782e+07 1.38918e+07 1.24904e+07 1.40077e+07 1.1465e+07 1.10726e+07 1.10529e+07 1.08894e+07 1.04597e+07 1.03261e+07 1.02783e+07 1.46213e+07 9.82837e+06 9.6704e+06 9.26033e+06 9.7539e+06 1.00614e+07 1.76634e+07 9.45486e+06 9.41742e+06 9.25777e+06 8.93772e+06 8.88774e+06 8.87937e+06 8.31816e+06 8.05565e+06 9.6828e+06 1.33705e+07 7.93816e+06 9.88966e+06 7.51931e+06 7.45734e+06 7.37752e+06 7.32224e+06
threshold=26088.510000000006 -392.85696428571424 13.500000000000002 46615.000000000007 15721.135000000002 416.4285714285715 38145.000000000007 139.28571428571431 13.500000000000002 -669.55571428571409 215.71982142857146 4293.1850000000004 2309.8214285714289 27665.000000000004 1172.3214285714287 1207.6785714285716 310.54607142857145 8295.0000000000018 455.00000000000006 1296.964285714286 15485.000000000002 2346.9642857142862 52175.000000000007 -99.899999999999991 16335.000000000002 13.500000000000002 1296.964285714286 655.00000000000011 678.67142857142869 27915.000000000004 -2425.9364285714282 -131.57071428571427 47855.000000000007 34015.000000000007 725.00000000000011 303.38107142857143 59.111607142857103 15170.640000000001 319.28571428571433 14865.000000000002 3495.0000000000005 13805.000000000002 18218.835000000003 -810.40696428571437 14335.000000000002 1253.5714285714287 1793.7500000000002 3625.0000000000005 2450.7142857142862 9013.5800000000017 25525.000000000004 2079.4642857142862 7.5000000000000009 1835.0000000000002 10275.000000000002 4365.0000000000009 583.75000000000011 1785.7885714285719 5.5000000000000009 11.500000000000002 -56.523392857142881 29545.000000000004
decision_type=2 2 2 2 2 2 2 2 2 2 2 2 2 2 2 2 2 2 2 2 2 2 2 2 2 2 2 2 2 2 2 2 2 2 2 2 2 2 2 2 2 2 2 2 2 2 2 2 2 2 2 2 2 2 2 2 2 2 2 2 2 2
left_child=1 6 9 10 11 8 37 -8 14 12 13 40 42 48 61 19 23 27 25 50 -7 38 41 32 36 -19 -23 -13 -17 -20 -15 -32 59 -26 -29 56 -22 -1 -5 -40 -3 -9 47 -44 53 -46 -47 -2 60 -10 -12 -37 -35 -45 -55 -56 -11 -58 -14 -16 -4 -6
right_child=2 4 3 21 5 20 7 22 49 35 15 17 58 30 16 28 -18 18 29 -21 24 26 -24 -25 33 -27 -28 34 -30 -31 31 -33 -34 52 -36 51 -38 -39 39 -41 -42 -43 43 44 45 46 -48 -49 -50 -51 -52 -53 -54 54 55 -57 57 -59 -60 -61 -62 -63
leaf_value=30.298378543847178 33.445269431579412 3.8652640596340966 15.202034240928164 -77.024380568170031 23.176429948039051 24.691708719348956 187.12146769320029 56.055112854512416 29.481509877084648 11.988240591113957 -20.490623814279143 -2.2736643980029809 -3.9281021633006312 -73.47480667415536 30.283975697446984 -40.116768543120116 103.81206373117386 2.2555146859429143 -2.419851172117315 -7.6302241840920519 2.6955674994803758 -69.263337486648169 118.58531180201994 83.609806663519649 24.170090291980031 -18.40656262842861 -151.58805930849698 57.761695536614582 -117.62969595555144 -22.985193025258006 -4.430873831123896 -24.449760131414976 -12.558872786579585 8.3718790921812971 6.580270104017365 -9.7837819055998487 -6.4437136283505865 8.3553367022059728 -30.525001649654691 -84.944243211190326 13.989099061538509 13.616529617472944 59.141323708542565 65.11417680792853 -50.235889369220722 -11.480301860568428 35.935249846928905 87.477034247719871 -11.801172156744457 -20.971404005619249 -37.481694769063559 -40.502517968139848 -16.901918930769046 8.7939228144055956 72.741481862011923 13.342252092477608 -25.599194188732241 17.592507102409531 -61.781645725440768 63.211353420768312 -3.8114550065041204 10.402066440380395
leaf_weight=896 121 3655 335 151 1440 400 40 231 40 279 425 5083 47 43 583 51 46 432 6464 403 3051 49 40 59 415 2033 41 43 44 346 482 1272 57 1031 2125 247 2124 282 196 66 1300 70 63 49 52 72 101 44 713 285 1119 152 149 224 72 80 175 76 43 78 522 652
leaf_count=896 121 3655 335 151 1440 400 40 231 40 279 425 5083 47 43 583 51 46 432 6464 403 3051 49 40 59 415 2033 41 43 44 346 482 1272 57 1031 2125 247 2124 282 196 66 1300 70 63 49 52 72 101 44 713 285 1119 152 149 224 72 80 175 76 43 78 522 652
internal_value=-0.074964 3.59794 -15.8078 -22.9226 2.02868 8.40654 35.6977 68.6234 20.6641 6.36535 -18.9811 -1.06214 21.1237 -12.3881 24.6136 -29.8516 38.384 -3.33595 -6.47361 -27.595 2.86746 -65.3009 54.6979 34.5041 1.57782 -14.7855 -106.83 0.677542 -76.0605 -3.46489 -20.2556 -18.9488 30.4634 10.1216 7.59671 -9.01286 -1.05554 25.046 -56.239 -44.2473 6.52148 46.1896 26.5285 21.5853 17.941 0.841205 16.204 47.8759 -3.38279 -14.7582 -32.8056 -21.4898 5.17994 26.9926 22.0166 41.4934 0.381265 -12.5203 -31.5883 34.174 3.62134 19.1955
internal_weight=41259 33450 7809 5912 31891 10410 1559 381 3240 1897 5409 21481 968 3367 2915 2042 823 16526 9275 1947 7170 503 341 777 6770 2465 90 7251 95 6810 1797 1754 718 1595 2168 929 5175 1178 413 262 4955 301 878 713 650 225 173 165 1570 325 1544 399 1180 425 376 152 530 251 90 661 857 2092
internal_count=41259 33450 7809 5912 31891 10410 1559 381 3240 1897 5409 21481 968 3367 2915 2042 823 16526 9275 1947 7170 503 341 777 6770 2465 90 7251 95 6810 1797 1754 718 1595 2168 929 5175 1178 413 262 4955 301 878 713 650 225 173 165 1570 325 1544 399 1180 425 376 152 530 251 90 661 857 2092
is_linear=0
shrinkage=0.1


Tree=17
num_leaves=63
num_cat=0
split_feature=22 22 22 31 4 25 35 35 28 25 23 22 22 34 33 29 23 35 4 34 25 21 21 24 25 25 21 31 26 21 24 33 25 4 34 25 24 24 25 4 4 0 23 25 31 24 21 33 33 19 26 28 33 22 25 26 28 33 26 26 0 31
split_gain=3.18795e+08 1.13298e+08 9.04119e+07 6.11926e+07 3.71559e+07 4.87792e+07 3.39934e+07 3.16797e+07 2.381e+07 2.3591e+07 2.35804e+07 2.30589e+07 2.26258e+07 2.2192e+07 2.79542e+07 3.60797e+07 1.83267e+07 1.74913e+07 1.7487e+07 1.67749e+07 1.44345e+07 1.4656e+07 1.39008e+07 2.3394e+07 1.37056e+07 1.40799e+07 1.33456e+07 1.32718e+07 1.28182e+07 1.3356e+07 1.23325e+07 1.1804e+07 1.10855e+07 1.15032e+07 1.04871e+07 1.09109e+07 1.03903e+07 1.03266e+07 1.01518e+07 1.69156e+07 9.66279e+06 1.8244e+07 9.56532e+06 1.11146e+07 1.40853e+07 1.04722e+07 9.3221e+06 1.18422e+07 9.15235e+06 9.06043e+06 2.6663e+07 8.99292e+06 9.54136e+06 8.84876e+06 8.65692e+06 7.74559e+06 7.58558e+06 7.31232e+06 9.25654e+06 7.22425e+06 7.20055e+06 7.0974e+06
threshold=233.6114285714286 -610.09499999999991 1443.4375000000002 2.5000000000000004 12.500000000000002 526.83160714285725 1.0000000180025095e-35 47885.770000000011 62725.000000000007 -110.37482142857151 2214.1071428571436 -1696.8382142857138 735.01321428571453 14.500000000000002 375.53571428571433 23252.525000000005 2346.9642857142862 4624.545000000001 13.500000000000002 5.5000000000000009 135.36857142857153 1244.524285714286 1.0000000180025095e-35 618.6382142857143 142.62857142857146 -810.40696428571437 1133.6028571428576 2.5000000000000004 2345.0000000000005 743.13535714285729 1730.8928571428576 798.52232142857156 318.49571428571431 14.500000000000002 1.0000000180025095e-35 264.33857142857147 1591.5871428571429 1514.1071428571429 93.924642857142928 13.500000000000002 13.500000000000002 14.500000000000002 1060.1785714285718 203.02089285714285 3.5000000000000004 1050.1785714285718 3102.5000000000005 1429.464285714286 427.67339285714291 797.61000000000001 1975.0000000000002 6205.0000000000009 366.60714285714295 -212.13750000000002 -56.523392857142881 4365.0000000000009 27915.000000000004 89.821428571428584 1405.0000000000002 9425.0000000000018 8.5000000000000018 1.0000000180025095e-35
decision_type=2 2 2 2 2 2 2 2 2 2 2 2 2 2 2 2 2 2 2 2 2 2 2 2 2 2 2 2 2 2 2 2 2 2 2 2 2 2 2 2 2 2 2 2 2 2 2 2 2 2 2 2 2 2 2 2 2 2 2 2 2 2
left_child=1 3 12 4 10 40 19 18 11 22 13 17 27 20 49 -16 28 -8 -4 -5 21 -1 23 -3 25 -19 -18 32 29 -9 38 37 51 48 -11 53 -33 42 39 -14 -6 -42 56 44 -44 -46 47 59 -34 50 -15 52 -2 -36 -20 -45 57 58 -13 -24 -56 -31
right_child=2 9 7 6 5 -7 8 16 -10 34 -12 31 30 14 15 -17 26 24 54 -21 -22 -23 46 -25 -26 -27 -28 -29 -30 61 -32 36 33 -35 35 -37 -38 -39 -40 -41 41 -43 43 55 45 -47 -48 -49 -50 -51 -52 -53 -54 -55 60 -57 -58 -59 -60 -61 -62 -63
leaf_value=14.089891106304131 -3.7059730693453283 13.708404227599608 39.204180428931515 54.497253082061292 21.128782143279235 -102.85560182901803 102.74274092221651 -25.317739712767374 -21.290214015244832 8.7726013204796232 -38.104171137282407 72.688421182952382 51.849914027337661 23.958290731847299 158.27900561071962 31.420158466933174 -58.290102669002522 66.45111623076842 -0.3366264487142609 135.10884757928932 1.0988209624246059 39.145341705490644 8.6756798991770889 105.1325094558773 82.879788226489325 13.911196281632389 -123.60252892213471 4.0478201655825625 -28.112164344259799 -83.256680846737254 4.2877267805086516 -27.598023776880048 -28.537941513438053 -13.382180485527407 5.7353079178555673 -10.737680280533876 16.552122772329014 67.948276448987187 -20.988802535432278 -12.304761714237802 5.7435383647544507 -20.005137283012367 21.992155064654796 42.312453434276513 -59.241743868828991 -0.79003083844758037 -37.37035962038766 31.99765394061442 -87.007997098963216 10.385701340644138 108.75185124051161 -8.5221463448074513 16.065758258492064 -0.33199258886820981 -17.688997914901549 4.0766347823867966 45.62847899425546 21.729147542802707 17.278541955174873 -10.197433191857984 -34.096498134179257 -40.477166185899542
leaf_weight=1065 1008 93 45 73 198 47 58 94 98 1597 75 70 42 210 40 51 94 76 135 40 612 299 3568 40 66 155 47 1210 372 139 316 67 81 478 3015 852 260 63 2109 1820 845 408 259 218 41 121 44 210 40 197 45 3654 322 11856 463 70 325 523 53 215 634 54
leaf_count=1065 1008 93 45 73 198 47 58 94 98 1597 75 70 42 210 40 51 94 76 135 40 612 299 3568 40 66 155 47 1210 372 139 316 67 81 478 3015 852 260 63 2109 1820 845 408 259 218 41 121 44 210 40 197 45 3654 322 11856 463 70 325 523 53 215 634 54
internal_value=0.229238 6.22303 -12.6257 17.5476 9.893 -2.64632 29.4298 -31.7718 27.0254 2.67755 17.1342 28.9783 -9.03655 18.7796 36.6841 87.2386 -47.3753 52.5249 -21.9953 83.0795 13.8587 19.5835 9.42995 41.2336 42.7024 31.2077 -80.097 -5.44662 -40.3686 -56.2473 -14.7249 24.939 -7.50436 -20.3573 1.05181 0.267573 7.50322 28.2097 -16.2379 -10.8563 0.603037 -2.64117 26.7175 17.885 7.52773 -15.5971 8.38167 8.88629 -47.8949 26.4976 38.9403 -5.95945 1.08129 0.898129 -24.2322 33.0214 33.1656 26.8925 48.8294 7.60294 -27.1727 -71.3009
internal_weight=41375 28218 13157 6728 4092 1498 2636 2077 2523 21490 2594 2425 11080 2519 543 91 800 355 1277 113 1976 1364 4170 133 297 231 141 6793 659 287 4287 2070 5583 599 17320 15723 327 1743 3971 1862 1451 1253 1680 709 421 162 4037 3993 121 452 255 4984 1330 14871 1232 288 971 646 123 3783 1097 193
internal_count=41375 28218 13157 6728 4092 1498 2636 2077 2523 21490 2594 2425 11080 2519 543 91 800 355 1277 113 1976 1364 4170 133 297 231 141 6793 659 287 4287 2070 5583 599 17320 15723 327 1743 3971 1862 1451 1253 1680 709 421 162 4037 3993 121 452 255 4984 1330 14871 1232 288 971 646 123 3783 1097 193
is_linear=0
shrinkage=0.1


Tree=18
num_leaves=63
num_cat=0
split_feature=22 22 35 0 25 22 25 25 25 35 28 23 18 20 4 9 21 26 26 35 23 18 28 30 18 32 28 17 28 28 21 24 0 25 18 4 4 30 28 33 14 32 35 7 35 24 24 33 23 8 33 4 35 5 23 23 24 30 9 25 25 23
split_gain=2.48319e+08 8.07238e+07 7.31625e+07 5.14624e+07 4.3815e+07 2.6811e+07 2.31611e+07 2.0365e+07 1.98967e+07 1.91199e+07 1.7813e+07 1.65896e+07 1.56179e+07 1.53512e+07 1.51207e+07 1.59974e+07 1.28173e+07 1.25121e+07 1.35814e+07 1.15236e+07 1.22678e+07 1.2806e+07 1.12969e+07 1.22885e+07 1.08525e+07 1.08499e+07 9.84605e+06 9.83978e+06 9.81602e+06 4.07144e+07 9.68391e+06 1.59527e+07 8.7205e+06 8.44352e+06 9.6438e+06 1.79577e+07 8.33425e+06 7.52178e+06 8.17576e+06 7.49023e+06 7.4001e+06 8.89132e+06 8.27843e+06 7.36879e+06 7.25665e+06 6.9951e+06 6.49968e+06 6.45542e+06 6.40099e+06 6.38996e+06 5.99069e+06 7.03983e+06 8.43822e+06 5.88985e+06 6.22535e+06 4.76071e+07 7.29948e+06 6.52924e+06 6.26798e+06 6.18559e+06 5.92598e+06 5.88341e+06
threshold=233.6114285714286 -623.6039285714287 34124.030000000006 16.500000000000004 -898.20660714285702 2226.7857142857151 587.27803571428592 -75.000892857142858 78.833214285714305 1.0000000180025095e-35 29355.000000000004 2666.9642857142862 257.85714285714295 -2222.9414285714279 13.500000000000002 6685.0000000000009 724.49964285714293 2455.0000000000005 5285.0000000000009 6540.1550000000016 884.82142857142867 550.71428571428589 30645.000000000004 945.00000000000011 2405.0000000000005 177.74357142857147 5325.0000000000009 -416.66666666666657 21195.000000000004 20515.000000000004 133.21428571428575 626.77642857142871 23.500000000000004 242.64714285714288 1.0000000180025095e-35 13.500000000000002 13.500000000000002 3035.0000000000005 14625.000000000002 1125.1785714285718 815.00000000000011 1865.0000000000002 14513.445000000002 -739.7149999999998 28573.085000000003 2427.3214285714289 800.04053571428585 1877.3214285714287 1434.1071428571429 -248.78999999999999 1.0000000180025095e-35 12.500000000000002 5480.0650000000014 -629.15999999999997 1497.6785714285718 1514.8214285714287 1514.1071428571429 12835.000000000002 -477.94999999999993 44.561785714285733 56.122500000000002 1453.3928571428576
decision_type=2 2 2 2 2 2 2 2 2 2 2 2 2 2 2 2 2 2 2 2 2 2 2 2 2 2 2 2 2 2 2 2 2 2 2 2 2 2 2 2 2 2 2 2 2 2 2 2 2 2 2 2 2 2 2 2 2 2 2 2 2 2
left_child=1 3 8 6 9 13 10 30 14 -5 50 19 -10 -4 15 -2 -7 -18 -19 20 -6 32 45 24 61 -12 -16 28 29 46 31 -3 -22 34 35 -9 53 38 -14 -36 41 -32 -43 -11 -41 -15 48 -42 -21 -34 -1 -52 -53 54 57 -56 -57 -30 -58 -55 -59 -24
right_child=2 7 5 4 11 16 -8 33 12 43 25 -13 37 22 26 -17 17 18 -20 27 21 -23 23 -25 -26 -27 -28 -29 36 -31 40 -33 49 -35 39 -37 -38 -39 -40 44 47 42 -44 -45 -46 -47 -48 -49 -50 -51 51 52 -54 59 55 56 58 60 -60 -61 -62 -63
leaf_value=42.707416858125583 7.0970497283049445 15.069773278936692 -76.628974436622002 117.26344492480104 16.647636291263524 -26.296971443096158 -75.474118454306094 11.125797319999277 -20.039313115743891 61.757384502033545 -43.728254256914475 -29.082158122969329 -7.0033559889301307 -11.853502516752181 5.0531021618956169 72.097105305322856 -84.879044529083131 -18.873434529182131 -67.812191381540757 4.260550331709835 82.237280689271273 1.1658458071246138 -41.117341711147056 -16.489830899075528 -28.642779316689719 -7.3068445272717888 -7.5048361868024962 3.0440500089950295 20.210414163276099 115.95994106670085 4.4332407073752309 85.603862250967424 34.306056676981306 -7.529175108207868 -0.16428928091278003 -12.508982342764931 -8.7675117895975898 -3.3358021679193977 -19.070398911598968 30.84010792613563 10.212084338499512 0.4504118445804608 -59.099035152741024 32.224707873919478 -14.004573745261125 28.809575603116766 56.367180078246932 50.69710639639294 42.964551080604991 77.472503511565918 44.033021583515719 21.844868277965585 -2.1373805553987015 20.219834438358852 132.55347911458236 4.6677924641873823 45.063804035377423 14.76981524733484 1.3985044265036959 6.688100934570584 -27.307539104819814 -85.554503413122973
leaf_weight=47 694 161 48 40 407 219 42 1922 1517 143 112 77 1373 695 780 40 111 111 116 191 66 65 64 848 542 303 3128 547 1014 51 2908 40 210 1188 12380 386 133 1807 950 145 2387 51 43 207 48 45 40 40 55 41 46 195 592 566 42 165 130 79 44 838 58 56
leaf_count=47 694 161 48 40 407 219 42 1922 1517 143 112 77 1373 695 780 40 111 111 116 191 66 65 64 848 542 303 3128 547 1014 51 2908 40 210 1188 12380 386 133 1807 950 145 2387 51 43 207 48 45 40 40 55 41 46 195 592 566 42 165 130 79 44 838 58 56
internal_value=0.0492781 5.33319 -11.3052 15.0665 19.5585 -25.4684 -2.43466 2.39689 -7.37513 51.7957 -0.0629899 16.949 -11.3621 -20.6966 -2.52488 10.644 -45.1516 -57.3623 -43.8912 17.6968 28.7311 41.6015 -19.5017 -24.4621 -34.6722 -17.1403 -4.99836 15.4941 17.4934 33.6937 7.57249 29.1242 49.8912 0.583527 1.23121 7.17283 15.714 -8.17466 -11.9385 0.1405 6.77431 3.45459 -26.8072 44.298 19.6863 -9.37896 19.0061 10.8804 12.9209 41.3712 7.99104 6.0298 3.80586 16.8231 21.1111 32.1912 19.7392 17.4421 34.0256 12.1437 -3.04738 -61.8817
internal_weight=41389 28245 13144 6546 5209 2855 1337 21699 10289 390 1295 4819 5647 2298 4642 734 557 338 227 4742 789 382 2250 1510 662 415 3908 3953 3406 337 5630 201 317 16069 14881 2308 3069 4130 2323 12573 5429 3002 94 350 193 740 286 2427 246 251 880 833 787 2936 1532 381 339 1151 174 1404 137 120
internal_count=41389 28245 13144 6546 5209 2855 1337 21699 10289 390 1295 4819 5647 2298 4642 734 557 338 227 4742 789 382 2250 1510 662 415 3908 3953 3406 337 5630 201 317 16069 14881 2308 3069 4130 2323 12573 5429 3002 94 350 193 740 286 2427 246 251 880 833 787 2936 1532 381 339 1151 174 1404 137 120
is_linear=0
shrinkage=0.1


Tree=19
num_leaves=63
num_cat=0
split_feature=35 25 4 28 31 28 18 4 28 35 23 0 25 20 24 30 4 24 33 4 28 24 25 35 28 24 18 25 24 30 28 26 23 23 18 30 24 20 30 35 18 31 24 23 30 35 35 30 25 33 34 8 33 30 33 21 24 23 30 21 35 23
split_gain=1.32962e+08 1.05597e+08 6.63878e+07 6.24184e+07 3.76589e+07 3.28691e+07 3.0048e+07 5.1009e+07 2.97996e+07 3.26455e+07 2.80839e+07 2.76037e+07 2.44673e+07 2.26761e+07 2.11287e+07 1.96108e+07 1.65512e+07 1.67116e+07 1.58201e+07 1.57654e+07 1.50532e+07 1.28036e+07 1.28033e+07 1.25331e+07 1.24076e+07 1.40676e+07 1.20535e+07 1.15643e+07 1.14479e+07 1.13509e+07 2.24934e+07 8.62063e+06 8.50106e+06 1.05632e+07 8.47702e+06 8.31942e+06 8.22429e+06 7.3053e+06 7.26966e+06 7.09311e+06 6.73642e+06 6.71181e+06 6.66562e+06 6.65258e+06 1.16424e+07 6.64215e+06 6.78477e+06 6.55827e+06 6.39438e+06 8.08489e+06 5.92696e+06 7.68192e+06 5.86489e+06 6.23576e+06 5.84428e+06 5.69756e+06 5.64512e+06 5.44819e+06 1.57284e+07 5.27332e+06 1.05501e+07 5.17815e+06
threshold=26088.510000000006 -392.85696428571424 13.500000000000002 47855.000000000007 1.5000000000000002 9045.0000000000018 132.85714285714286 13.500000000000002 38385.000000000007 2144.8700000000003 2079.4642857142862 14.500000000000002 215.71982142857146 -485.95214285714275 1338.9603571428572 27265.000000000004 12.500000000000002 858.23053571428579 538.39285714285722 13.500000000000002 24685.000000000004 631.06553571428583 -993.66624999999988 110465.84000000001 65425.000000000007 1296.964285714286 132.85714285714286 -11.882857142857215 1288.6335714285717 16540.000000000004 41980.000000000007 1365.0000000000002 1809.1071428571429 1728.3928571428576 1.0000000180025095e-35 7955.0000000000009 1063.3928571428576 -2748.2528571428566 1125.0000000000002 183683.19000000003 2363.5714285714289 2.5000000000000004 539.7239285714287 1608.0357142857144 17595.000000000004 110465.84000000001 38155.840000000004 945.00000000000011 128.76839285714291 61.250000000000007 1.0000000180025095e-35 -938.69999999999993 338.39285714285717 14865.000000000002 723.75000000000011 528.67642857142869 492.25732142857152 875.89285714285722 2975.0000000000005 1483.214285714286 12071.515000000001 711.607142857143
decision_type=2 2 2 2 2 2 2 2 2 2 2 2 2 2 2 2 2 2 2 2 2 2 2 2 2 2 2 2 2 2 2 2 2 2 2 2 2 2 2 2 2 2 2 2 2 2 2 2 2 2 2 2 2 2 2 2 2 2 2 2 2 2
left_child=1 8 10 12 5 16 7 14 37 -10 13 35 20 29 48 -12 17 -3 -16 34 -4 -18 -22 28 52 -26 -21 40 -14 32 -31 -20 33 -2 36 -8 56 -1 -23 43 -13 -29 -39 44 -24 46 -32 -28 49 -6 51 -50 -5 54 -54 -44 -7 -51 -59 -33 -61 -58
right_child=2 4 3 24 6 19 11 -9 9 -11 15 27 23 -15 18 -17 21 -19 31 26 22 38 39 -25 25 -27 47 41 -30 30 45 59 -34 -35 -36 -37 -38 42 -40 -41 -42 -43 55 -45 -46 -47 -48 -49 50 57 -52 -53 53 -55 -56 -57 61 58 -60 60 -62 -63
leaf_value=-19.758301722904168 24.425877579490969 8.7073871623226822 0.15452691311217401 -63.905866052968385 50.258341465361468 -5.1684930848006241 8.1433663354236856 -11.863106912960239 111.76676480111826 37.145849118952881 -34.5666146279382 4.0932987250348791 -25.137604081087456 -6.2906992171936951 78.998712638237294 14.581505846294874 -3.3042628026441649 73.972536435168934 61.144901436058539 -18.25110302098183 17.31718628214913 0.96593973512074138 -14.909458298524147 -62.992103909512458 -49.836289870423741 -128.56684789111642 -12.405538219309141 -7.7591375022524351 -6.7600898577045285 -58.213859190194228 34.64345127644696 9.4574574800769877 -10.819430543612889 68.217164895139476 -6.6092149261299697 21.233998425708783 49.959223721625555 -13.848452556542625 9.7646492864520802 -54.027634363144038 37.357772491633369 -0.21367810234846318 61.237651214647236 10.525173250031798 -69.407782449138907 52.143614187705538 -19.728922128585761 -3.2234946015725594 62.057455455951953 9.8539316719755856 3.5429643263326636 12.733989969529796 -39.678534247259542 -61.06005426885983 -3.640332958104354 22.837627219847501 22.155036057406328 78.803151090706862 18.949298976718655 3.5606020960930636 55.553290221477859 3.287127734659955
leaf_weight=42 669 1927 1217 106 77 359 1338 668 78 236 265 3229 1536 506 79 117 5277 40 72 1375 125 2581 1855 74 51 41 1335 1816 435 52 41 153 61 60 917 762 42 48 1476 47 62 3360 40 99 40 42 52 1864 41 633 658 137 126 73 70 1113 238 46 945 64 100 374
leaf_count=42 669 1927 1217 106 77 359 1338 668 78 236 265 3229 1536 506 79 117 5277 40 72 1375 125 2581 1855 74 51 41 1335 1816 435 52 41 153 61 60 917 762 42 48 1476 47 62 3360 40 99 40 42 52 1864 41 633 658 137 126 73 70 1113 238 46 945 64 100 374
internal_value=0.0172616 2.74192 -11.7809 -16.9833 1.50622 -1.55954 5.33948 13.1309 28.1734 55.6971 4.66333 2.63121 -13.9648 10.8914 18.687 -19.5134 1.69999 10.0364 38.2096 -7.22309 -8.74461 -0.056835 -13.7446 -22.6 -52.0629 -84.9736 -10.4212 0.0858103 -21.082 19.7901 -2.36388 29.9168 25.0339 28.0345 0.356267 12.8938 6.66166 21.2186 4.16713 -15.6474 4.72054 -2.86105 22.6523 -14.7414 -16.0616 19.1623 4.24738 -7.05546 15.085 18.6046 7.9231 24.1093 -43.9785 -36.1157 -26.812 24.1724 4.78637 17.1023 21.7314 22.8154 35.2708 10.6259
internal_weight=41362 33602 7760 5895 32045 17805 14240 3673 1557 314 1865 10567 5428 1483 3005 382 11301 1967 468 6504 3383 9334 2166 2045 467 92 4574 8467 1971 977 187 389 790 729 1930 2100 1013 1243 4057 2041 3291 5176 1201 1994 1895 135 93 3199 2537 1701 836 178 375 269 196 1153 971 1624 991 317 164 612
internal_count=41362 33602 7760 5895 32045 17805 14240 3673 1557 314 1865 10567 5428 1483 3005 382 11301 1967 468 6504 3383 9334 2166 2045 467 92 4574 8467 1971 977 187 389 790 729 1930 2100 1013 1243 4057 2041 3291 5176 1201 1994 1895 135 93 3199 2537 1701 836 178 375 269 196 1153 971 1624 991 317 164 612
is_linear=0
shrinkage=0.1


Tree=20
num_leaves=63
num_cat=0
split_feature=22 22 35 29 25 23 28 35 25 25 25 25 33 4 25 35 21 18 0 4 35 33 16 34 21 26 28 23 20 33 24 10 4 25 34 20 21 1 25 4 18 28 35 35 35 25 18 33 28 23 23 28 25 28 28 34 24 11 26 0 28 20
split_gain=1.68583e+08 7.8336e+07 3.30373e+07 2.81093e+07 2.71484e+07 2.12104e+07 1.96569e+07 1.77735e+07 1.839e+07 1.72843e+07 1.68128e+07 1.68041e+07 1.3754e+07 1.369e+07 4.79447e+07 1.26541e+07 1.38347e+07 1.13902e+07 1.60867e+07 1.14321e+07 1.0593e+07 1.77625e+07 1.00977e+07 4.1822e+07 1.07349e+07 1.51488e+07 1.00446e+07 1.30784e+07 9.9208e+06 1.03698e+07 9.77611e+06 9.37844e+06 9.13691e+06 9.90646e+06 8.87893e+06 8.72346e+06 8.43523e+06 7.98146e+06 7.91553e+06 7.63564e+06 2.20148e+07 9.96614e+06 7.63469e+06 7.15501e+06 7.51895e+06 6.94667e+06 6.64638e+06 6.23664e+06 9.49368e+06 1.90353e+07 7.21908e+06 1.95918e+07 6.0779e+06 6.00694e+06 7.38136e+06 5.96872e+06 5.95261e+06 6.68448e+06 5.91905e+06 8.66395e+06 5.82688e+06 5.65489e+06
threshold=713.67714285714294 -216.49571428571429 45003.415000000008 17235.000000000004 -278.15678571428566 2346.9642857142862 30300.000000000004 17443.335000000003 -1249.4976785714282 1207.6785714285716 116.63589285714299 -38.214285714285694 975.38107142857154 12.500000000000002 500.7098214285715 110465.84000000001 1330.9321428571432 360.71428571428578 20.500000000000004 13.500000000000002 540.00500000000011 606.607142857143 1291.6666666666667 13.500000000000002 1674.6428571428573 6575.0000000000009 40525.000000000007 1497.6785714285718 -2222.9414285714279 492.6785714285715 2115.178571428572 322.02500000000003 14.500000000000002 -754.76267857142841 1.0000000180025095e-35 -1299.3328571428569 1833.9285714285718 1.5000000000000002 476.79500000000013 13.500000000000002 680.71428571428589 28115.000000000004 6688.7750000000005 24200.905000000002 57453.030000000006 823.29053571428574 4482.857142857144 78.851607142857162 8125.0000000000009 294.10714285714295 742.32142857142867 21555.000000000004 77.185535714285734 38815.000000000007 39565.000000000007 4.5000000000000009 1244.0166071428573 770.25500000000011 865.00000000000011 28.500000000000004 38385.000000000007 721.44285714285718
decision_type=2 2 2 2 2 2 2 2 2 2 2 2 2 2 2 2 2 2 2 2 2 2 2 2 2 2 2 2 2 2 2 2 2 2 2 2 2 2 2 2 2 2 2 2 2 2 2 2 2 2 2 2 2 2 2 2 2 2 2 2 2 2
left_child=1 3 11 6 7 30 13 8 12 17 20 -2 -5 43 52 16 -7 19 -19 22 21 -3 26 24 -24 -26 53 -28 -22 61 36 -9 33 -33 -12 -8 45 -21 -36 40 -13 -41 -31 47 -45 -4 55 48 -1 -50 -51 -52 -15 60 -55 -44 -29 -58 59 -10 -6 -30
right_child=2 10 5 4 9 15 35 31 58 -11 34 39 -14 14 -16 -17 -18 18 -20 37 28 -23 23 -25 25 -27 27 56 29 42 -32 32 -34 -35 38 -37 -38 -39 -40 41 -42 -43 46 44 -46 -47 -48 -49 49 50 51 -53 -54 54 -56 -57 57 -59 -60 -61 -62 -63
leaf_value=3.6728889691153435 0.93337971421849852 8.9463604592585479 -20.510412594389209 42.45340482563153 14.660650947619864 -17.637432609573992 5.0362888416186449 -30.400163370524719 18.851382571673422 -45.395986650901754 4.0106418127624055 62.265958323658552 109.58149294342137 4.7022463565258441 -107.41302982477958 -108.09520470124504 -86.940996317312695 16.832940601035936 -3.8626690805983976 16.019172200133429 -35.166135348332844 76.701614627187652 14.784556003562152 121.80976852979445 87.694383771824903 21.379352471409099 -41.965399229824335 -12.684930634531392 -0.11358961537360968 17.090620935938361 18.921637261789535 47.422200130162793 -17.317168576980798 2.2296906015570221 -5.9826862868172697 -28.441654565759183 -58.697055721609331 -30.415739755260383 -23.839126963607228 -10.615229276245193 -9.4376528583034851 -20.836130045757955 8.5618590123426639 41.292042608858509 5.8580149114405486 -44.454464878044888 -22.932244945984053 5.0086578603102963 90.823151181182681 12.270061863923329 95.720468970541546 4.0607627394461829 -7.9738395689358015 65.4625802543558 11.391474711811627 -0.49264942475718859 5.0857843699943848 46.771362900082295 24.728265191454845 80.669657966621713 -19.33222318533862 -7.6758325618936372
leaf_weight=334 955 674 945 84 1625 72 112 60 43 55 873 49 48 2458 40 44 48 607 985 61 78 41 743 42 52 102 70 109 11592 481 51 96 71 98 4717 255 73 94 262 2186 337 1693 1568 154 98 139 92 1178 41 321 41 54 447 51 50 1359 140 53 905 48 52 1081
leaf_count=334 955 674 945 84 1625 72 112 60 43 55 873 49 48 2458 40 44 48 607 985 61 78 41 743 42 52 102 70 109 11592 481 51 96 71 98 4717 255 73 94 262 2186 337 1693 1568 154 98 139 92 1178 41 321 41 54 447 51 50 1359 140 53 905 48 52 1081
internal_value=-0.0268185 2.75851 -14.6865 9.34466 13.8879 -28.495 4.13538 25.8899 31.8263 10.3222 -0.669658 -11.0569 66.8959 5.7241 1.25354 -62.2365 -45.3836 10.9564 4.02846 14.3561 0.924546 12.8367 15.6859 24.3374 19.7669 43.7927 11.907 -3.03582 0.400404 0.572045 -23.9118 5.28412 13.3678 24.5995 -5.29151 -18.2256 -25.8006 -12.1421 -6.92254 -13.7417 -0.328482 -15.0764 5.39033 11.6518 27.5161 -23.5826 3.52593 9.62078 16.4887 25.8537 19.4403 43.6488 2.75164 15.0334 38.7136 4.35793 5.99303 16.5423 27.1754 51.4853 13.6061 -0.758673
internal_weight=41287 34695 6592 11877 6344 1372 5533 1453 1128 4891 22818 5220 132 5166 2945 164 120 4836 1592 3244 16966 715 3089 939 897 154 2150 372 16251 16173 1208 325 265 194 5852 367 1157 155 4979 4265 386 3879 3500 2221 252 1084 3019 1969 791 457 416 95 2905 1778 101 2927 302 193 996 91 1677 12673
internal_count=41287 34695 6592 11877 6344 1372 5533 1453 1128 4891 22818 5220 132 5166 2945 164 120 4836 1592 3244 16966 715 3089 939 897 154 2150 372 16251 16173 1208 325 265 194 5852 367 1157 155 4979 4265 386 3879 3500 2221 252 1084 3019 1969 791 457 416 95 2905 1778 101 2927 302 193 996 91 1677 12673
is_linear=0
shrinkage=0.1


Tree=21
num_leaves=63
num_cat=0
split_feature=22 25 25 4 9 20 23 33 15 30 31 30 34 4 25 23 21 35 22 15 24 35 21 34 25 22 23 35 22 34 20 35 23 7 0 32 20 31 25 24 2 34 32 32 31 31 35 34 23 35 30 31 30 35 9 31 4 35 23 4 30 33
split_gain=1.32452e+08 4.50336e+07 4.10684e+07 2.49075e+07 2.04371e+07 1.95084e+07 2.02379e+07 1.92339e+07 1.55113e+07 1.70799e+07 1.45292e+07 1.38974e+07 4.02658e+07 1.27535e+07 2.26456e+07 1.5946e+07 2.92513e+07 2.55554e+07 1.15335e+07 1.06152e+07 1.16322e+07 2.41864e+07 2.99962e+07 1.01265e+07 1.28257e+07 9.72617e+06 1.33013e+07 1.43767e+07 9.44193e+06 8.62651e+06 9.46106e+06 7.81563e+06 9.35349e+06 7.70731e+06 7.58719e+06 7.55109e+06 7.63721e+06 7.46345e+06 7.13171e+06 6.45691e+06 6.3972e+06 1.42904e+07 6.39048e+06 6.34363e+06 6.24119e+06 6.21366e+06 7.10532e+06 6.18652e+06 6.14501e+06 1.01321e+07 9.09067e+06 5.94189e+06 5.93087e+06 5.63969e+06 7.3225e+06 5.62741e+06 6.20403e+06 5.55466e+06 5.4094e+06 5.31383e+06 5.28848e+06 7.57205e+06
threshold=233.6114285714286 500.7098214285715 -214.52517857142854 14.500000000000002 -68.415000000000006 -468.03857142857152 3657.8571428571436 1877.3214285714287 241.66666666666671 16105.000000000002 1.5000000000000002 2045.0000000000002 11.500000000000002 12.500000000000002 476.79500000000013 1414.464285714286 974.85571428571438 31756.850000000002 2421.9107142857151 128.33333333333337 1435.014285714286 16977.620000000003 947.39214285714286 1.0000000180025095e-35 165.76678571428576 -1696.8382142857138 1555.1785714285718 16378.685000000003 971.32964285714286 1.0000000180025095e-35 352.90142857142865 17443.335000000003 2237.3214285714289 -169.99499999999998 12.500000000000002 263.57142857142861 -1155.2114285714285 4.5000000000000009 310.54607142857145 742.57232142857151 1.0000000180025095e-35 12.500000000000002 1572.8571428571429 820.71428571428589 1.5000000000000002 3.5000000000000004 6540.1550000000016 1.0000000180025095e-35 2037.5000000000002 161154.62500000003 4434.2050000000008 3.5000000000000004 19545.000000000004 5236.6550000000007 -389.78999999999991 1.5000000000000002 20.500000000000004 35298.930000000008 966.96428571428589 15.500000000000002 22075.000000000004 1429.464285714286
decision_type=2 2 2 2 2 2 2 2 2 2 2 2 2 2 2 2 2 2 2 2 2 2 2 2 2 2 2 2 2 2 2 2 2 2 2 2 2 2 2 2 2 2 2 2 2 2 2 2 2 2 2 2 2 2 2 2 2 2 2 2 2 2
left_child=2 4 3 7 28 6 10 19 9 40 13 12 39 15 34 53 17 -17 -3 20 47 22 -22 -6 -25 26 27 -13 42 43 38 -28 51 45 -15 36 -27 59 -31 -12 -5 -42 -2 -7 -10 46 -24 -1 -20 50 -50 -33 -49 54 -4 56 -30 -44 -36 -37 -23 -62
right_child=1 18 5 8 23 29 -8 -9 44 -11 11 25 -14 14 -16 16 -18 -19 48 -21 21 60 33 24 -26 35 31 -29 55 30 -32 32 -34 -35 58 37 -38 -39 -40 -41 41 -43 57 -45 -46 -47 -48 52 49 -51 -52 -53 -54 -55 -56 -57 -58 -59 -60 -61 61 -63
leaf_value=44.961017575699202 -6.2838241728546373 -20.256579970585026 56.477999329299081 -5.2627023417842107 10.424537278011236 6.000249803552423 -52.000144172310321 67.521326052136018 6.07808454150282 -43.691299804964025 3.2720790842669696 103.72948373706453 104.04599407920234 2.2117916425533206 -75.959959149122511 113.16447447928078 -27.902660355790562 15.215474023352138 -29.159869177033841 6.7709793691080185 118.74084036594626 32.430241010705132 96.706125650393972 1.1693050896115691 -10.045856316488134 46.232789108944843 -25.348077307728332 19.461206702047669 -24.029280847381941 1.204038862330389 -6.3854986282457293 18.36189976949797 -16.909796049650055 3.9629524656887973 -5.9258986648696634 4.0843145068020847 12.101000919877066 -23.987904925595615 -13.653655852192641 35.810340175570417 1.2017860561418874 69.339045818557466 -12.464522617252877 32.259110480695888 22.365959843231696 25.36355084161805 43.246263170422793 17.139496901260767 -21.933649176376495 -99.295952146151535 -73.995734176150677 66.315770960423649 -18.047679930452503 -1.6503702563279068 7.7837449258453368 -4.6107611586696367 -12.944768471830592 -60.732105438956324 -29.890578712532477 16.773162122377226 -30.745386262872685 22.415984911437434
leaf_weight=75 4130 774 40 513 622 1492 58 87 503 101 189 40 60 757 45 57 46 50 191 488 58 51 40 2599 1678 69 42 41 727 13395 2084 59 41 51 256 2553 1299 87 331 90 133 40 59 98 442 72 66 779 86 40 55 46 51 557 135 495 1654 40 149 379 59 49
leaf_count=75 4130 774 40 513 622 1492 58 87 503 101 189 40 60 757 45 57 46 50 191 488 58 51 40 2599 1678 69 42 41 727 13395 2084 59 41 51 256 2553 1299 87 331 90 133 40 59 98 442 72 66 779 86 40 55 46 51 557 135 495 1654 40 149 379 59 49
internal_value=0.0138924 -8.27429 3.87837 13.763 -6.46607 2.4052 6.80468 21.588 5.06126 -5.30856 7.2863 10.2165 29.7634 0.289844 -6.39583 9.40789 38.7628 67.4224 -27.2137 19.4132 23.9793 37.197 54.5277 -1.49698 -3.23082 8.79301 27.249 61.1136 -9.89229 0.598625 -0.1075 12.646 23.5807 38.2417 -3.69871 7.66104 13.8242 4.86815 0.845699 13.7728 0.345306 16.9716 -6.88591 7.61969 13.6971 48.0593 63.4559 17.4637 -41.6844 -54.8891 -42.2606 39.3919 14.9764 3.27 18.9268 -14.3128 -16.3297 -31.9874 -14.7451 5.72478 5.90728 -6.62662
internal_weight=41353 13150 28203 3658 12004 24545 7145 1926 1732 787 7087 4995 339 2092 1207 885 153 107 1146 1839 1351 446 287 4899 4277 4656 269 81 7105 17400 15810 188 146 229 1162 4387 1368 3019 13726 279 686 173 4229 1590 945 178 106 905 372 181 141 105 830 732 175 2876 2381 99 405 2932 159 108
internal_count=41353 13150 28203 3658 12004 24545 7145 1926 1732 787 7087 4995 339 2092 1207 885 153 107 1146 1839 1351 446 287 4899 4277 4656 269 81 7105 17400 15810 188 146 229 1162 4387 1368 3019 13726 279 686 173 4229 1590 945 178 106 905 372 181 141 105 830 732 175 2876 2381 99 405 2932 159 108
is_linear=0
shrinkage=0.1


Tree=22
num_leaves=63
num_cat=0
split_feature=22 22 25 31 25 4 20 28 28 28 33 28 24 35 30 22 20 33 33 4 25 32 30 34 25 26 33 30 19 31 33 28 21 29 28 26 33 21 34 23 28 34 0 17 28 33 21 19 33 25 28 23 7 28 30 25 22 4 24 30 28 28
split_gain=1.06691e+08 4.56784e+07 2.62857e+07 2.43816e+07 2.28007e+07 2.04147e+07 2.34386e+07 1.67716e+07 2.55103e+07 1.41687e+07 1.38113e+07 1.31832e+07 1.24132e+07 1.22279e+07 1.96124e+07 1.2073e+07 1.18304e+07 1.15001e+07 3.47191e+07 1.1321e+07 3.45634e+07 1.11253e+07 1.10018e+07 1.0965e+07 8.87635e+06 8.67286e+06 1.86561e+07 8.53521e+06 8.43234e+06 7.75346e+06 7.67327e+06 1.40254e+07 7.51562e+06 7.10485e+06 8.72075e+06 7.49704e+06 6.8235e+06 6.67586e+06 1.07071e+07 6.66095e+06 6.45769e+06 6.06515e+06 6.76931e+06 6.49627e+06 6.06475e+06 6.04477e+06 9.87536e+06 7.94929e+06 6.03065e+06 5.52745e+06 5.50687e+06 5.47929e+06 6.34688e+06 5.3479e+06 5.30259e+06 5.16408e+06 5.11528e+06 1.22657e+07 6.03922e+06 5.09574e+06 1.01037e+07 5.00788e+06
threshold=448.85178571428577 -216.49571428571429 327.12232142857141 1.5000000000000002 -214.52517857142854 13.500000000000002 -669.55571428571409 41980.000000000007 40250.000000000007 34945.000000000007 1877.3214285714287 62725.000000000007 1159.1071428571429 3055.5850000000005 18445.000000000004 2421.9107142857151 -1628.5621428571428 61.250000000000007 56.607142857142868 12.500000000000002 457.18857142857149 626.42857142857144 2205.0000000000005 6.5000000000000009 60.489107142857158 865.00000000000011 975.38107142857154 20015.000000000004 1283.1442857142858 1.5000000000000002 74.464285714285737 8945.0000000000018 3102.5000000000005 34235.000000000007 11585.000000000002 10440.000000000002 188.5851785714286 724.49964285714293 5.5000000000000009 726.96428571428589 12315.000000000002 1.0000000180025095e-35 23.500000000000004 -353.56499999999988 4755.0000000000009 788.75000000000011 1926.7857142857144 677.482142857143 941.96428571428589 211.7364285714286 24765.000000000004 1380.1785714285718 -699.62499999999989 54560.000000000007 8255.0000000000018 -1097.8932142857141 -1696.8382142857138 4.5000000000000009 1650.5357142857144 5255.0000000000009 21555.000000000004 43280.000000000007
decision_type=2 2 2 2 2 2 2 2 2 2 2 2 2 2 2 2 2 2 2 2 2 2 2 2 2 2 2 2 2 2 2 2 2 2 2 2 2 2 2 2 2 2 2 2 2 2 2 2 2 2 2 2 2 2 2 2 2 2 2 2 2 2
left_child=1 3 5 7 10 6 -2 8 19 12 25 16 -7 14 54 59 21 18 -18 22 24 -6 30 33 -21 26 -5 29 -9 -11 -1 36 -12 34 39 -36 -32 -17 -39 -15 -24 51 -43 -44 -25 46 50 -47 -13 -46 -27 -19 -53 -40 -3 -14 57 -23 -59 60 -4 -62
right_child=2 13 15 4 11 9 -8 28 -10 27 32 48 55 23 -16 37 17 41 -20 20 -22 56 40 44 -26 45 -28 -29 -30 -31 31 -33 -34 -35 35 -37 -38 38 53 -41 -42 42 43 -45 49 47 -48 -49 -50 -51 -52 52 -54 -55 -56 -57 -58 58 -60 -61 61 -63
leaf_value=9.7453405792572259 69.093104657404226 3.6851480046786635 -8.5744316801694236 17.682492487624181 66.984577778994634 -8.4023233926648864 3.8573867911952271 -50.71416967847955 79.560601599291232 -21.86297466960356 80.019336469126202 -45.876516065287461 35.461218692292171 -0.5990020688557357 75.367540707034578 -19.720265318429458 2.4661675772254306 10.32008897527834 104.64545536974094 2.2410169580613561 -92.080385031683136 77.283804825117002 4.5392581137613126 1.2212921281000069 -13.270841486800865 10.403340518410246 99.33394009291618 -59.402117977472869 -4.9154542710473619 -2.7266847247876136 87.207350207403493 8.7816897737646613 28.630222779443287 10.397969444810064 -2.0411726806570467 -29.567543088487326 35.504935392212616 -25.886084507975056 -85.846486209951877 7.4434708391190814 -17.249687296250453 8.6715972921534874 3.4778433030503013 -11.253587201158565 -4.3679211069816892 -30.778857730099158 67.055538165734006 12.653686919428473 -1.7714302111414009 -13.636923000933605 27.680005987654965 65.977780069590494 19.58676511427722 -41.200241773057073 20.661025529863615 2.9260673007777558 11.773219665837052 34.156246400782415 -15.659777840603605 -7.4437200552717488 -24.173588686472552 -51.425171940770298
leaf_weight=950 60 2595 508 88 51 4255 665 88 43 792 58 63 52 1955 40 178 108 447 48 1986 42 45 412 1732 453 339 41 49 74 289 44 139 56 749 4750 101 61 132 67 2176 203 2303 1549 371 5312 45 47 653 61 732 405 41 105 45 198 778 370 62 40 532 599 76
leaf_count=950 60 2595 508 88 51 4255 665 88 43 792 58 63 52 1955 40 178 108 447 48 1986 42 45 412 1732 453 339 41 49 74 289 44 139 56 749 4750 101 61 132 67 2176 203 2303 1549 371 5312 45 47 653 61 732 405 41 105 45 198 778 370 62 40 532 599 76
internal_value=-0.0282944 2.66871 -9.60491 7.59232 11.1224 -6.61867 9.2606 1.7839 2.96514 -8.4711 21.163 8.05193 -6.22018 -0.209696 5.88537 -19.3025 8.77379 7.21174 33.9294 2.19648 -2.19003 22.4454 8.21237 -1.19602 -0.64024 18.7915 43.6622 -18.5995 -29.8018 -16.7473 13.8091 29.6257 54.7992 1.04114 0.260831 -2.61458 57.202 -34.4546 -45.1971 3.6374 -2.65367 6.34595 5.016 0.63108 -3.99563 16.6354 22.6206 9.85158 -24.1892 -5.49061 19.8092 15.8158 32.6325 -67.9347 4.88894 4.96643 18.0457 33.8243 14.6224 -15.5732 -19.2285 -27.2455
internal_weight=41308 32231 9077 11891 7396 6940 725 4495 4333 6215 1732 5664 5085 20340 2833 2137 5540 4972 156 4290 2481 568 1809 17507 2439 1618 129 1130 162 1081 1194 244 114 9731 8982 4851 105 422 244 4131 615 4816 4223 1920 7776 1489 791 698 124 6044 744 593 146 112 2793 830 517 147 102 1715 1183 675
internal_count=41308 32231 9077 11891 7396 6940 725 4495 4333 6215 1732 5664 5085 20340 2833 2137 5540 4972 156 4290 2481 568 1809 17507 2439 1618 129 1130 162 1081 1194 244 114 9731 8982 4851 105 422 244 4131 615 4816 4223 1920 7776 1489 791 698 124 6044 744 593 146 112 2793 830 517 147 102 1715 1183 675
is_linear=0
shrinkage=0.1


Tree=23
num_leaves=63
num_cat=0
split_feature=22 22 31 28 18 25 25 25 28 30 29 29 21 30 29 28 30 24 33 30 28 18 24 33 28 8 21 28 26 26 25 23 8 31 28 31 26 23 5 32 32 23 18 16 25 20 5 25 30 28 23 30 30 28 28 30 28 29 33 23 30 24
split_gain=8.64062e+07 4.04636e+07 1.85452e+07 2.67964e+07 1.79685e+07 1.70972e+07 1.12616e+07 1.0959e+07 9.48928e+06 1.26661e+07 8.76836e+06 8.57186e+06 1.08857e+07 8.55105e+06 8.42584e+06 1.84018e+07 1.7209e+07 9.87833e+06 7.7754e+06 3.84668e+07 1.25777e+07 9.44674e+06 8.52282e+06 7.70337e+06 7.62291e+06 8.42498e+06 7.42178e+06 7.09442e+06 6.78048e+06 1.79126e+07 2.59247e+07 6.62947e+06 6.43992e+06 6.42294e+06 6.17523e+06 7.50899e+06 7.11198e+06 5.97501e+06 5.94173e+06 5.87271e+06 7.53932e+06 5.85019e+06 5.70698e+06 5.60488e+06 5.53803e+06 7.05458e+06 5.38602e+06 5.35676e+06 5.36448e+06 7.66737e+06 5.31953e+06 1.12098e+07 5.22409e+06 9.35527e+06 7.71434e+06 6.13753e+06 5.02655e+06 4.95658e+06 4.94997e+06 4.4779e+06 5.8064e+06 4.24106e+06
threshold=713.67714285714294 -256.54178571428571 2.5000000000000004 47855.000000000007 372.14285714285717 624.94035714285724 116.63589285714299 135.36857142857153 21195.000000000004 265.00000000000006 12631.400000000001 33690.630000000012 791.78571428571433 19545.000000000004 39762.455000000009 34790.000000000007 19545.000000000004 1338.9603571428572 61.250000000000007 1635.0000000000002 18205.000000000004 1.0000000180025095e-35 997.20214285714303 402.32142857142861 62725.000000000007 -108.67499999999998 619.33857142857153 38385.000000000007 3235.0000000000005 2794.4400000000005 242.64714285714288 1380.1785714285718 -879.06999999999982 3.5000000000000004 40860.000000000007 4.5000000000000009 9686.4000000000015 1213.3928571428576 -468.05499999999995 100.71428571428574 63.571428571428577 2346.9642857142862 5257.1428571428578 4428.3333333333348 -898.20660714285702 -1104.3249999999996 -669.43999999999994 476.79500000000013 7813.0900000000011 11445.000000000002 1364.464285714286 14865.000000000002 785.00000000000011 11585.000000000002 4495.0000000000009 7089.4300000000012 37755.000000000007 3131.8050000000007 913.92857142857156 2259.8214285714289 32345.000000000004 1447.6785714285718
decision_type=2 2 2 2 2 2 2 2 2 2 2 2 2 2 2 2 2 2 2 2 2 2 2 2 2 2 2 2 2 2 2 2 2 2 2 2 2 2 2 2 2 2 2 2 2 2 2 2 2 2 2 2 2 2 2 2 2 2 2 2 2 2
left_child=1 2 3 7 14 8 11 18 44 37 32 13 -13 52 16 -16 17 23 19 20 21 26 -20 31 25 34 -1 -18 29 56 -31 39 -9 -25 -17 36 -36 -10 41 40 -4 -7 -39 -11 -2 -46 -33 48 49 61 -19 -52 54 55 -3 -54 -12 -56 -55 60 -14 -8
right_child=5 6 4 -5 -6 38 47 10 9 43 28 12 59 -15 15 24 27 50 22 -21 -22 -23 -24 33 -26 -27 -28 -29 -30 30 -32 46 -34 -35 35 -37 -38 42 -40 -41 -42 -43 -44 -45 45 -47 -48 -49 -50 -51 51 -53 53 58 57 -57 -58 -59 -60 -61 -62 -63
leaf_value=26.922610595004354 28.28981897620649 2.1461457953335907 20.938108172196578 -40.518364896705677 3.5003496425908431 -26.649400186138156 -2.0948263309213928 -46.040884418130247 -13.264904805479905 -6.1579175998083615 5.3666246280503422 61.028479621877921 8.3931192941923225 -40.318121898326076 93.886185686418628 0.54437378637411349 -0.39089619475555887 16.819142863248889 1.6488241990933457 109.92633603943089 -4.5102668543284201 0.64775584282413612 10.159793820233418 13.578365263909383 -5.9559794066906937 72.25919752371 72.286051571459765 -46.311963595725494 -9.8568931819091983 0.98855889822457821 108.96192962417888 72.297564261147144 -9.6906069102540329 -12.995331291020278 37.51737666554704 59.808972019910982 3.8992575744568168 -37.715811805831493 -15.678858889420074 12.230607307734893 60.071395995039225 -55.584574945188187 -17.581223834419731 -41.697154031768363 -34.420489510423515 0.13401715301025233 23.263211636445202 -16.286076676918924 2.3378661445645625 -9.8019757213530578 94.087163771652598 24.113230148610967 4.7004098393673344 -1.0746436302797269 -9.6313740373418373 19.191743247070217 -16.443075376393939 -1.9158945097018485 11.39751655085648 29.701452814676788 -23.817379694820723 20.623978703054245
leaf_weight=167 64 3194 274 132 1357 244 2425 56 1209 2975 682 41 672 51 40 87 82 52 2445 42 280 110 2268 218 75 40 46 57 341 50 40 40 374 156 142 69 113 233 301 815 60 98 356 45 63 939 51 333 1324 1856 43 49 3740 5694 1268 317 125 2425 337 87 61 85
leaf_count=167 64 3194 274 132 1357 244 2425 56 1209 2975 682 41 672 51 40 87 82 52 2445 42 280 110 2268 218 75 40 46 57 341 50 40 40 374 156 142 69 113 233 301 815 60 98 356 45 63 939 51 333 1324 1856 43 49 3740 5694 1268 317 125 2425 337 87 61 85
internal_value=0.112567 2.08823 7.11421 4.11162 12.7404 -10.4477 -0.2194 4.95038 -8.7556 -10.6446 -2.12797 1.03995 10.7744 0.547656 17.8311 28.539 14.6356 17.3138 7.15394 17.451 11.0014 24.4467 5.74456 15.0738 23.5612 28.4699 36.7341 -19.2318 2.14515 6.70811 49.0106 18.8678 -14.4294 2.49388 24.1999 30.5508 22.6236 -17.2895 -25.9295 16.8086 27.976 -34.9477 -25.5487 -6.68816 -0.217992 -2.04018 44.8447 -3.95938 -3.23784 -4.9287 42.4065 56.8518 0.670552 2.12003 -1.45263 5.83294 1.9876 -4.56512 -0.377635 8.2581 5.71112 -1.32507
internal_weight=41415 34888 10978 7158 3820 6527 23910 7026 5884 4818 1668 17887 861 17026 2463 566 1897 1758 5358 645 603 323 4713 1614 526 451 213 139 1238 897 90 1240 430 374 411 324 255 1798 643 1149 334 342 589 3020 1066 1002 91 6023 5690 4366 144 92 16975 10088 6887 4057 807 3693 6031 820 733 2510
internal_count=41415 34888 10978 7158 3820 6527 23910 7026 5884 4818 1668 17887 861 17026 2463 566 1897 1758 5358 645 603 323 4713 1614 526 451 213 139 1238 897 90 1240 430 374 411 324 255 1798 643 1149 334 342 589 3020 1066 1002 91 6023 5690 4366 144 92 16975 10088 6887 4057 807 3693 6031 820 733 2510
is_linear=0
shrinkage=0.1


Tree=24
num_leaves=63
num_cat=0
split_feature=22 22 31 35 35 28 23 32 4 4 23 30 21 19 33 33 35 23 23 20 24 34 28 34 33 30 23 33 28 23 28 26 4 35 16 33 24 19 26 23 34 30 23 30 28 35 21 30 26 20 5 34 30 33 33 23 23 28 30 23 28 23
split_gain=7.39036e+07 3.27857e+07 1.68729e+07 1.5415e+07 1.43294e+07 1.59671e+07 1.29244e+07 1.68598e+07 1.26124e+07 1.28598e+07 1.85624e+07 2.91495e+07 1.24664e+07 1.08539e+07 1.03086e+07 9.7764e+06 1.54087e+07 1.04779e+07 9.47005e+06 8.89007e+06 8.751e+06 2.85663e+07 8.72746e+06 7.97463e+06 1.46767e+07 2.56115e+07 1.06812e+07 1.15002e+07 1.62655e+07 2.89117e+07 7.72196e+06 9.10086e+06 7.04638e+06 7.04287e+06 6.96063e+06 6.70006e+06 8.26477e+06 7.5559e+06 5.94446e+06 5.26002e+06 5.2261e+06 5.12314e+06 5.11831e+06 4.98555e+06 4.95906e+06 4.95527e+06 7.91538e+06 4.87918e+06 4.82365e+06 5.49366e+06 4.81396e+06 4.80538e+06 4.53261e+06 6.15329e+06 6.33577e+06 4.86667e+06 8.7928e+06 4.73306e+06 6.36349e+06 4.49622e+06 4.30989e+06 1.22366e+07
threshold=713.67714285714294 -212.13750000000002 1.5000000000000002 45003.415000000008 1.0000000180025095e-35 69245.000000000015 371.60714285714295 1106.4285714285718 12.500000000000002 15.500000000000002 1161.6071428571429 1705.0000000000002 1016.7842857142858 2112.1428571428573 666.607142857143 492.6785714285715 10250.940000000001 412.32142857142861 2346.9642857142862 -1840.5614285714285 1094.7562500000001 14.500000000000002 21305.000000000004 2.5000000000000004 61.250000000000007 1425.0000000000002 1380.1785714285718 538.39285714285722 41980.000000000007 1440.8928571428576 32210.000000000004 2285.0000000000005 6.5000000000000009 3942.5950000000007 3901.2600000000007 162.67857142857147 1063.3928571428576 791.5642857142858 5085.0000000000009 1394.8214285714287 6.5000000000000009 6885.0000000000009 1497.6785714285718 19545.000000000004 30855.000000000004 110465.84000000001 1330.9321428571432 4434.2050000000008 12715.000000000002 -658.52928571428561 -219.24999999999997 3.5000000000000004 2205.0000000000005 74.464285714285737 105.50732142857144 1873.3928571428576 1434.1071428571429 12315.000000000002 2535.0000000000005 842.67857142857156 8125.0000000000009 294.10714285714295
decision_type=2 2 2 2 2 2 2 2 2 2 2 2 2 2 2 2 2 2 2 2 2 2 2 2 2 2 2 2 2 2 2 2 2 2 2 2 2 2 2 2 2 2 2 2 2 2 2 2 2 2 2 2 2 2 2 2 2 2 2 2 2 2
left_child=1 2 8 14 12 6 7 -6 20 10 59 -12 -4 -14 44 33 17 -17 30 43 22 -22 52 26 25 -25 -8 28 29 -28 -5 35 41 -3 -16 -32 -37 -38 -33 -40 -35 -26 -42 -18 -2 46 -20 -24 49 -34 -50 -21 53 55 -55 56 60 58 -54 -10 -1 -62
right_child=3 15 4 18 5 -7 23 -9 9 -11 11 -13 13 -15 34 16 19 -19 45 51 21 -23 47 24 32 -27 27 -29 -30 -31 31 38 48 40 -36 36 37 -39 39 -41 42 -43 -44 -45 -46 -47 -48 -49 50 -51 -52 -53 57 54 -56 -57 -58 -59 -60 -61 61 -63
leaf_value=2.615373313857857 -6.8890742876553519 2.4289504298383338 86.742766248629195 -3.4427170250675121 18.42228889465564 -32.715332356949304 7.360673122165621 84.287004029027912 -1.182183810535542 0.65798286313449728 -120.6360339980298 -16.115282224849345 0.91038239792985243 64.163045576980736 5.7152904737885963 63.076203657476505 -8.7870545152981112 11.128945079352304 -10.160369453031924 5.1516593526955639 -12.73081376603921 90.375051986587636 -3.8368154230356168 -0.75516044207857913 5.8387324803763718 104.37027590271835 24.41633375095412 15.315541482608593 7.7125198407073032 136.13845852031542 -14.25372430048901 -4.5185508817647833 12.888201308321229 -0.62898026263213969 -36.625413542572105 -80.313212214814584 -20.908708935778293 -70.845267623292699 -57.388425600684656 -18.690431087859682 -4.0699687195968073 -5.8586574701031564 -22.613001498851443 -55.440689229134492 -14.088703519432862 -72.515642356233684 -64.743717880335623 -36.821794853245102 -39.437478390471036 2.9405670525437837 4.6975244546737471 -2.3271211384583226 -19.79760478101937 57.05373949960164 11.790733862546297 -14.611844424837756 54.78808457250733 -32.267097321372212 9.9781371233296188 -21.097723712822912 58.614952371201845 9.3810122951049753
leaf_weight=435 2972 3503 40 336 514 94 1811 42 362 2059 40 80 80 41 717 40 49 1276 67 1501 58 50 242 55 607 40 55 715 69 40 104 314 1187 7009 41 51 116 41 42 214 7092 977 152 43 1411 41 44 55 43 1043 58 2009 91 59 65 76 45 40 339 165 60 317
leaf_count=435 2972 3503 40 336 514 94 1811 42 362 2059 40 80 80 41 717 40 49 1276 67 1501 58 50 242 55 607 40 55 715 69 40 104 314 1187 7009 41 51 116 41 42 214 7092 977 152 43 1411 41 44 55 43 1043 58 2009 91 59 65 76 45 40 339 165 60 317
internal_value=-0.0778853 1.75051 5.94232 -9.8567 8.87078 8.22416 8.75475 23.4048 1.1998 -3.20647 -15.5038 -50.9913 38.3783 22.3608 -7.34478 -0.495518 3.44998 12.7102 -19.2822 0.0665882 7.37124 35.0231 5.73305 7.53884 4.71308 43.5397 11.7511 20.7956 44.6755 71.5041 -16.3438 -21.2581 3.77038 -1.58833 3.42282 -34.9872 -45.348 -33.9679 -13.7408 -25.0493 -2.57568 -1.37609 -4.45921 -30.6109 -9.20695 -42.8148 -31.8165 -9.95033 7.26754 8.23574 -14.1028 0.871096 8.78368 12.4165 33.3415 9.63387 11.7847 0.613144 3.67518 -7.41902 9.39832 17.2234
internal_weight=41334 34823 12149 6511 7511 7350 7256 556 4638 2706 647 120 161 121 5141 22674 4918 1316 1370 3602 1932 108 1824 6700 4010 95 2690 879 164 95 1218 882 3915 17756 758 312 208 157 570 256 14253 1584 7244 92 4383 152 111 297 2331 2230 101 3510 1527 1057 124 933 857 470 430 527 812 377
internal_count=41334 34823 12149 6511 7511 7350 7256 556 4638 2706 647 120 161 121 5141 22674 4918 1316 1370 3602 1932 108 1824 6700 4010 95 2690 879 164 95 1218 882 3915 17756 758 312 208 157 570 256 14253 1584 7244 92 4383 152 111 297 2331 2230 101 3510 1527 1057 124 933 857 470 430 527 812 377
is_linear=0
shrinkage=0.1


Tree=25
num_leaves=63
num_cat=0
split_feature=22 25 25 18 4 4 15 30 23 23 18 4 0 28 0 33 34 4 16 19 0 15 0 34 0 31 23 25 20 0 28 18 25 33 4 18 24 1 28 30 24 21 4 28 33 26 26 20 17 34 28 33 34 28 34 33 17 21 31 17 25 34
split_gain=5.98925e+07 2.69201e+07 2.45613e+07 1.50776e+07 1.40741e+07 1.75201e+07 1.36127e+07 1.26426e+07 1.23765e+07 1.01398e+07 9.43564e+06 4.82373e+07 2.79433e+07 1.38376e+07 3.03638e+07 1.31801e+07 8.86358e+06 7.47541e+06 1.74042e+07 1.2544e+07 6.71617e+06 6.5432e+06 9.92657e+06 1.04984e+07 6.1696e+06 6.51966e+06 6.08817e+06 5.83007e+06 6.23114e+06 1.22489e+07 5.79343e+06 5.78606e+06 5.75219e+06 5.5454e+06 5.41887e+06 2.13996e+07 5.29687e+06 5.29162e+06 5.92478e+06 5.052e+06 4.97867e+06 5.45047e+06 4.9519e+06 6.10339e+06 5.45574e+06 4.87799e+06 7.90316e+06 4.66199e+06 4.63871e+06 4.46376e+06 5.71298e+06 6.2375e+06 4.24665e+06 4.49328e+06 4.20039e+06 4.4307e+06 4.10373e+06 4.05106e+06 4.01813e+06 5.06987e+06 3.97048e+06 3.9667e+06
threshold=120.96999999999998 211.7364285714286 -425.61160714285705 395.00000000000006 14.500000000000002 13.500000000000002 128.33333333333337 22345.000000000004 3657.8571428571436 1809.1071428571429 1.0000000180025095e-35 13.500000000000002 15.500000000000002 4055.0000000000005 15.500000000000002 70.535714285714292 4.5000000000000009 1.0000000180025095e-35 1.0000000180025095e-35 1.0000000180025095e-35 19.500000000000004 355.00000000000006 1.5000000000000002 12.500000000000002 18.500000000000004 2.5000000000000004 1584.8214285714287 -40.007321428571423 -2085.6414285714277 26.500000000000004 30855.000000000004 2326.428571428572 675.68732142857152 1877.3214285714287 13.500000000000002 132.85714285714286 1619.464285714286 4.5000000000000009 40250.000000000007 7755.0000000000009 2115.178571428572 1470.9582142857146 29.500000000000004 32695.000000000004 443.5058928571429 5815.0000000000009 5505.0000000000009 -149.75142857142853 1483.4600000000003 1.0000000180025095e-35 15905.000000000002 714.46428571428589 6.5000000000000009 35735.000000000007 1.0000000180025095e-35 696.07142857142867 -758.04833333333329 1330.9321428571432 3.5000000000000004 -1747.6499999999999 -40.007321428571423 2.5000000000000004
decision_type=2 2 2 2 2 2 2 2 2 2 2 2 2 2 2 2 2 2 2 2 2 2 2 2 2 2 2 2 2 2 2 2 2 2 2 2 2 2 2 2 2 2 2 2 2 2 2 2 2 2 2 2 2 2 2 2 2 2 2 2 2 2
left_child=2 6 4 9 5 17 7 34 10 -3 11 12 -4 14 15 -13 24 18 -1 -19 -14 22 23 42 25 -12 48 -22 29 -29 -18 -26 47 58 35 -2 57 38 -15 -39 41 60 44 -44 -6 46 -30 -5 -8 -49 51 -51 53 -43 -28 -56 -23 -34 -21 -60 -36 -11
right_child=1 3 8 32 21 -7 26 -9 -10 61 16 13 20 37 -16 -17 30 19 -20 33 27 56 -24 -25 31 -27 54 28 45 -31 -32 -33 36 -35 40 -37 -38 39 -40 -41 -42 52 43 -45 -46 -47 -48 49 -50 50 -52 -53 -54 -55 55 -57 -58 -59 59 -61 -62 -63
leaf_value=-39.815461210482283 59.538553017382675 -17.245474887266976 -66.807400739788406 8.7163560582787962 0.45237145206723667 79.42606299397471 1.8741903885063373 -57.225301618302424 -43.458876057381758 -18.007232722738138 4.0202873977178655 9.4174771243202979 15.10921334091516 -21.020776461033755 74.628236796157069 -63.294459354148231 -0.83386499352135979 70.620781487398872 17.127469657336125 24.077144200531659 13.886664396277391 32.218467928519061 -22.751044838692273 54.511131870209375 -0.99001900855830582 14.797733571257574 28.715952129840613 4.3651590811320204 5.1073978347229705 70.032358611644881 -12.210956776394076 28.296719662544092 -18.196304928703217 52.697404936548551 -0.21719723087175208 -4.0419215229059278 14.992051871558107 -13.638571610608503 -52.930882815046552 22.655818327841303 18.284867051148691 -27.857434078424376 6.4116989663886219 -45.093392424419385 37.490361166420698 -12.122201268001582 43.97226314733436 0.93180818314300629 -4.5488707707722531 -5.9371096142539521 -12.983288523409934 20.207351739746858 -31.884784955920193 -3.9857166166889209 28.424710471567625 3.6775447104513024 6.4427157039056162 -45.917413953741551 33.978600589783952 -6.8946146549188132 -6.9679663089954751 -52.945356376034795
leaf_weight=63 63 937 49 190 180 50 3749 47 59 44 4236 66 1397 554 53 40 6814 57 361 341 1070 106 164 41 2928 647 98 80 3820 44 479 69 279 51 1149 330 40 258 65 45 83 111 47 45 51 161 53 520 1606 742 1513 104 129 272 82 612 148 65 42 109 3604 125
leaf_count=63 63 937 49 190 180 50 3749 47 59 44 4236 66 1397 554 53 40 6814 57 361 341 1070 106 164 41 2928 647 98 80 3820 44 479 69 279 51 1149 330 40 258 65 45 83 111 47 45 51 161 53 520 1606 742 1513 104 129 272 82 612 148 65 42 109 3604 125
internal_value=0.0556348 -4.61585 3.15718 -11.1524 14.2226 21.653 -2.11894 -5.59932 2.26371 -21.3136 2.38146 5.21902 8.39313 -14.3771 12.8646 -18.0378 0.931152 18.8283 8.6629 26.0105 8.94983 4.01707 -2.32756 6.87608 3.25633 5.44844 1.15818 7.30382 5.60968 27.6853 -1.58119 -0.315287 -7.8975 21.3215 -5.17617 6.15663 -19.4354 -19.0754 -24.3756 -8.24545 -6.00902 -6.39217 0.822011 -18.7918 8.63596 4.93077 5.63981 -6.45355 -0.0521518 -7.45483 -9.3035 -2.72212 -16.1949 -10.9069 9.3412 6.60341 17.2038 -23.4402 18.0641 4.48155 -5.33604 -43.8571
internal_weight=41337 16494 24843 4559 1856 1074 11935 5788 22987 1106 22928 7755 6674 1081 159 106 15173 1024 424 600 6625 782 528 364 7880 4883 6147 5228 4158 124 7293 2997 3453 543 5741 393 384 922 619 303 5348 5265 323 92 231 4034 3873 3069 5355 2879 2359 846 512 383 792 694 254 344 492 151 4753 169
internal_count=41337 16494 24843 4559 1856 1074 11935 5788 22987 1106 22928 7755 6674 1081 159 106 15173 1024 424 600 6625 782 528 364 7880 4883 6147 5228 4158 124 7293 2997 3453 543 5741 393 384 922 619 303 5348 5265 323 92 231 4034 3873 3069 5355 2879 2359 846 512 383 792 694 254 344 492 151 4753 169
is_linear=0
shrinkage=0.1


Tree=26
num_leaves=63
num_cat=0
split_feature=22 25 29 35 34 22 34 34 23 34 20 25 0 18 30 22 33 28 35 23 23 23 18 0 10 25 30 31 32 28 21 6 33 25 35 33 25 9 19 23 33 25 28 18 28 7 31 17 33 23 33 16 35 9 25 29 19 18 0 25 20 19
split_gain=4.84409e+07 2.38958e+07 1.69613e+07 1.96165e+07 3.67005e+07 1.51511e+07 1.06007e+07 9.98064e+06 9.69251e+06 9.5065e+06 8.46587e+06 8.21036e+06 7.94804e+06 7.29659e+06 6.66839e+06 6.7397e+06 6.66427e+06 6.65092e+06 6.42813e+06 6.32654e+06 1.44205e+07 6.24326e+06 5.92611e+06 2.38134e+07 1.07997e+07 6.54285e+06 5.82398e+06 5.33299e+06 6.17245e+06 5.28046e+06 5.24418e+06 5.28779e+06 5.08846e+06 4.73286e+06 4.70942e+06 4.77906e+06 4.60437e+06 4.56095e+06 4.28445e+06 4.02069e+06 9.12449e+06 3.97032e+06 3.83878e+06 4.13276e+06 3.65196e+06 3.56191e+06 4.72515e+06 4.43157e+06 3.71989e+06 3.5001e+06 7.36146e+06 3.49894e+06 4.43105e+06 3.49108e+06 3.43134e+06 3.32417e+06 4.65147e+06 3.24902e+06 3.17603e+06 3.40226e+06 3.16054e+06 3.11285e+06
threshold=339.32892857142861 -293.03785714285709 37425.000000000007 1775.6950000000002 8.5000000000000018 1939.0239285714285 6.5000000000000009 2.5000000000000004 2666.9642857142862 1.0000000180025095e-35 491.06214285714299 -11.882857142857215 24.500000000000004 2450.7142857142862 24050.000000000004 -1315.8764285714285 758.75000000000011 24685.000000000004 110465.84000000001 1497.6785714285718 1514.8214285714287 2346.9642857142862 1.0000000180025095e-35 16.500000000000004 2725.0000000000005 80.359642857142873 22345.000000000004 2.5000000000000004 1607.1428571428576 45325.000000000007 1113.8696428571432 -518.41999999999996 1008.7500000000001 60.489107142857158 36682.645000000011 1760.3571428571431 363.71267857142846 -589.52499999999986 1805.7750000000003 870.89285714285722 162.67857142857147 415.6653571428572 17245.000000000004 2185.0000000000005 47855.000000000007 -808.9799999999999 3.5000000000000004 -176.32666666666663 994.64285714285722 1770.8928571428576 579.46428571428589 368.33333333333343 6622.4100000000008 -3609.3699999999994 275.01678571428585 16485.000000000004 2273.4207142857144 2253.5714285714289 6.5000000000000009 457.18857142857149 -1299.3328571428569 1072.1428571428573
decision_type=2 2 2 2 2 2 2 2 2 2 2 2 2 2 2 2 2 2 2 2 2 2 2 2 2 2 2 2 2 2 2 2 2 2 2 2 2 2 2 2 2 2 2 2 2 2 2 2 2 2 2 2 2 2 2 2 2 2 2 2 2 2
left_child=1 2 13 4 12 9 16 19 10 32 14 18 -4 29 22 -16 -5 58 44 -3 -21 41 23 36 25 39 42 28 53 51 31 -23 -2 57 35 -18 -9 -14 -29 -25 -41 -7 43 55 -11 46 48 54 -22 50 -27 52 -1 -19 -47 56 -24 -17 -13 -60 -43 -55
right_child=5 7 3 6 -6 21 -8 8 -10 11 -12 17 37 -15 15 33 34 27 -20 20 45 30 26 24 -26 49 -28 38 -30 -31 -32 -33 -34 -35 -36 -37 -38 -39 -40 40 -42 60 -44 -45 -46 47 -48 -49 -50 -51 -52 -53 -54 61 -56 -57 -58 -59 59 -61 -62 -63
leaf_value=8.8379525810302368 2.2644645311571767 2.9699543813255893 59.206219074090136 45.446789083746197 121.14881554169615 -5.0561758631326938 -18.112055867727374 -7.6499682751512417 -32.572021451067108 1.1027348173478413 -6.3977348320688536 -0.35052885629437119 -17.229551058779197 -17.713934536786837 -53.047632551832123 -9.0356924199381421 11.708646660723566 -28.762005156408026 -35.512553985999226 58.1807101070832 -0.87280415851567739 -43.999373928001766 0.2367022438287906 6.8027605822076982 46.436129405301159 1.9023597448200158 28.216220468068784 -6.1033926272378372 -50.487935444369974 -26.642858434803401 -63.513347736945825 3.8131547289556771 30.251555697215288 -32.256668661153292 -8.7657301523649203 43.047511343434621 -36.510056539530602 29.36011663615777 17.007388409986302 61.150558144572898 12.751186555123468 -39.692506870323037 -3.6989298752914781 30.407308815188316 -22.952753265961423 5.1769516100698008 44.080916018247812 16.961625134872751 31.804110499160586 18.166174461211458 -36.193530353322615 10.606297536870358 -16.139916863335326 -14.341981748029657 -12.109825926990354 10.84251115451065 -24.134522185545798 24.958241453181856 -5.6908338840507628 -21.655833777186317 -16.569190008982318 -6.764017805139769
leaf_weight=176 1098 6506 41 88 55 294 83 1161 91 2116 1807 1210 43 117 41 81 165 122 51 61 98 53 8404 1924 67 1990 71 514 43 43 49 41 69 56 69 69 58 41 95 41 764 68 2840 46 65 551 59 256 54 125 52 1612 119 1397 145 293 79 43 2216 142 452 886
leaf_count=176 1098 6506 41 88 55 294 83 1161 91 2116 1807 1210 43 117 41 81 165 122 51 61 98 53 8404 1924 67 1990 71 514 43 43 49 41 69 56 69 69 58 41 95 41 764 68 2840 46 65 551 59 256 54 125 52 1612 119 1397 145 293 79 43 2216 142 452 886
internal_value=-0.0162995 2.03504 10.9782 25.0137 53.1139 -5.71113 14.3383 1.15855 -0.0191736 -4.56335 0.129446 -5.6812 23.1421 6.53683 0.779805 -16.4826 21.2281 -7.44841 -0.435721 4.21088 10.8064 -17.7325 0.992801 3.49841 6.57434 6.02838 -0.327391 -10.8714 -12.9547 7.99229 -37.0008 -23.154 3.92046 -8.1415 14.188 20.9568 -9.02458 5.51452 -2.49715 9.28588 15.2199 -14.3455 -0.501289 0.528118 0.385301 8.31922 20.073 5.7132 10.7427 1.92594 0.931374 8.77394 -1.23888 -12.2825 1.57492 0.371331 0.00959779 2.75779 -4.51551 -6.6527 -19.5965 -11.4013
internal_weight=41466 30485 2721 654 180 10981 474 27764 20034 10024 19943 8857 125 2067 18136 221 391 6625 2232 7730 1224 957 17915 6182 4963 4896 11733 3057 2448 1950 143 94 1167 180 303 234 1219 84 609 2729 805 814 11662 8822 2181 1163 211 952 152 2167 2042 1907 295 2405 696 8776 8483 124 3568 2358 520 2283
internal_count=41466 30485 2721 654 180 10981 474 27764 20034 10024 19943 8857 125 2067 18136 221 391 6625 2232 7730 1224 957 17915 6182 4963 4896 11733 3057 2448 1950 143 94 1167 180 303 234 1219 84 609 2729 805 814 11662 8822 2181 1163 211 952 152 2167 2042 1907 295 2405 696 8776 8483 124 3568 2358 520 2283
is_linear=0
shrinkage=0.1


Tree=27
num_leaves=63
num_cat=0
split_feature=22 25 25 29 35 21 30 14 18 24 23 18 4 0 28 1 23 28 23 28 35 30 30 25 34 28 34 34 28 28 30 35 35 4 25 23 34 18 25 21 0 30 18 35 33 4 23 30 28 30 28 34 30 19 19 24 21 16 0 35 30 30
split_gain=4.06171e+07 2.02985e+07 1.46631e+07 1.31826e+07 1.36549e+07 2.13078e+07 1.09215e+07 1.06156e+07 1.00116e+07 1.09675e+07 9.52636e+06 8.9977e+06 2.81783e+07 2.45935e+07 8.04137e+06 2.0781e+07 7.24468e+06 8.15306e+07 1.35823e+08 1.52009e+07 1.72387e+07 7.87772e+06 6.85298e+06 6.64937e+06 6.54755e+06 6.34622e+06 6.26634e+06 6.03881e+06 5.85838e+06 5.81614e+06 8.78425e+06 8.81157e+06 5.76346e+06 5.43845e+06 5.38719e+06 5.00098e+06 4.90968e+06 4.82392e+06 4.7542e+06 5.02923e+06 4.66095e+06 6.28432e+06 4.74257e+06 4.52577e+06 6.34438e+06 4.47702e+06 4.44302e+06 4.39435e+06 5.63887e+06 4.3076e+06 4.28443e+06 1.32138e+07 5.10089e+06 4.34766e+06 4.23259e+06 5.53463e+06 7.06192e+06 4.17973e+06 3.91714e+06 3.9507e+06 4.48164e+06 4.74198e+06
threshold=96.002142857142857 215.71982142857146 -214.52517857142854 38145.000000000007 1775.6950000000002 947.39214285714286 16540.000000000004 1.0000000180025095e-35 349.28571428571433 1499.3994642857144 2477.1428571428573 1.0000000180025095e-35 13.500000000000002 15.500000000000002 4055.0000000000005 5.5000000000000009 1497.6785714285718 41980.000000000007 1873.3928571428576 40525.000000000007 25225.705000000005 11565.000000000002 22345.000000000004 -40.007321428571423 6.5000000000000009 44295.000000000007 5.5000000000000009 17.500000000000004 47855.000000000007 38815.000000000007 13255.000000000002 96433.185000000012 110465.84000000001 7.5000000000000009 295.00732142857152 1394.8214285714287 5.5000000000000009 2489.2857142857147 -898.20660714285702 1496.0582142857145 18.500000000000004 15075.000000000002 2326.428571428572 36682.645000000011 1877.3214285714287 14.500000000000002 890.17857142857156 3305.0000000000005 42765.000000000007 12685.000000000002 685.00000000000011 20.500000000000004 655.00000000000011 1003.1550000000001 2595.0000000000005 1486.5164285714288 1510.3571428571431 665.00000000000011 16.500000000000004 27264.530000000002 4175.0000000000009 5255.0000000000009
decision_type=2 2 2 2 2 2 2 2 2 2 2 2 2 2 2 2 2 2 2 2 2 2 2 2 2 2 2 2 2 2 2 2 2 2 2 2 2 2 2 2 2 2 2 2 2 2 2 2 2 2 2 2 2 2 2 2 2 2 2 2 2 2
left_child=2 7 3 28 5 -5 -6 22 9 32 11 12 13 -4 15 -14 19 18 -18 23 -21 25 38 46 43 -19 -12 -28 37 30 31 34 45 -7 -25 -31 40 50 -2 -40 41 -13 -42 44 -8 -3 -15 48 -10 -9 51 53 -52 -1 55 56 -23 -41 59 -49 -61 -62
right_child=1 8 10 4 6 33 24 49 47 -11 26 36 14 16 -16 -17 17 21 -20 20 -22 54 -24 29 -26 -27 27 -29 -30 35 -32 -33 -34 -35 -36 -37 -38 -39 39 57 42 -43 -44 -45 -46 -47 -48 58 -50 -51 52 -53 -54 -55 -56 -57 -58 -59 -60 60 61 -63
leaf_value=-22.254505534509889 19.60848272368526 15.467871426223617 -60.6411956859017 100.48582059761071 57.494542200185755 11.738722955480704 12.385342472209821 0.74325698542874707 -8.0693915554790188 -67.76104602791041 -1.5026118594276996 3.1879672031021817 43.007467287330222 10.203892776100988 -15.938819086829008 -39.339791318300847 219.99268777207624 -31.532789132409331 -6.0740178699179213 0.54090528365810686 -78.471251970955791 17.846939439430578 -41.126627697395385 6.3078855621265957 -16.443013274702025 7.5583902058135095 -67.477555391708194 -14.15924989244459 -30.911624499065127 55.201976637195585 -30.738116713196021 50.753290190126293 -48.448680436249234 53.402973303016893 -6.9705970358657723 13.737946086332599 -1.9676643399348781 -18.090865783884436 -3.132833578615609 -26.420008165662786 -1.5291529549405016 21.1771235115861 29.504486455926891 -9.0405855376144952 52.298628917618686 -15.518055341458036 25.462469669205547 8.9275752889156177 -26.125207472058577 8.7361514963823037 -2.5923336241000023 64.457309553275266 8.3432235543751982 23.231981387120946 -16.580689260494932 28.154513930786898 -23.929870563246126 -7.6978615531833769 -7.7042374175370698 13.096191674339588 -35.58597599523344 -4.2574376931226245
leaf_weight=43 87 49 53 49 48 103 233 4260 1742 42 75 4454 79 551 750 50 49 102 58 74 44 107 49 3966 92 70 43 42 43 41 67 43 51 45 331 100 5342 79 7087 160 3056 203 50 71 48 949 292 418 192 801 539 51 2044 41 51 154 65 468 771 93 66 180
leaf_count=43 87 49 53 49 48 103 233 4260 1742 42 75 4454 79 551 750 50 49 102 58 74 44 107 49 3966 92 70 43 42 43 41 67 43 51 45 331 100 5342 79 7087 160 3056 203 50 71 48 949 292 418 192 801 539 51 2044 41 51 154 65 468 771 93 66 180
internal_value=0.0780545 -3.58731 2.75754 8.70837 21.1166 43.3612 12.2062 -1.56288 -9.32838 -17.6815 1.72617 1.91869 4.78648 7.15562 -11.9722 11.087 7.73895 17.6728 97.5062 6.55591 -28.942 2.10577 -3.86501 7.33316 7.30421 -15.626 -22.5747 -41.1559 5.69775 5.82101 5.18118 5.73604 -15.6732 24.4207 5.28497 25.8102 0.365626 6.26111 -3.63073 -3.89292 1.97125 3.97234 -1.02911 13.5123 19.2114 -13.996 15.4904 -6.69581 -9.86253 2.00836 6.96924 24.3329 6.06127 -0.0520955 10.1966 14.3876 2.0568 -12.4696 -2.68747 2.42225 -5.59919 -12.6682
internal_weight=41356 17465 23891 3529 689 197 492 12912 4553 1091 20362 20202 7097 6218 879 129 6165 656 107 5509 118 549 7851 5391 444 172 160 85 2840 4548 4407 4340 1049 148 4297 141 13105 2797 7802 7715 7763 4657 3106 352 281 998 843 3462 1934 5061 2718 135 2583 84 377 326 172 628 1528 757 339 246
internal_count=41356 17465 23891 3529 689 197 492 12912 4553 1091 20362 20202 7097 6218 879 129 6165 656 107 5509 118 549 7851 5391 444 172 160 85 2840 4548 4407 4340 1049 148 4297 141 13105 2797 7802 7715 7763 4657 3106 352 281 998 843 3462 1934 5061 2718 135 2583 84 377 326 172 628 1528 757 339 246
is_linear=0
shrinkage=0.1


Tree=28
num_leaves=63
num_cat=0
split_feature=25 22 25 22 29 23 32 20 28 1 28 4 20 33 25 22 33 31 33 25 32 23 25 25 6 33 22 24 21 31 28 25 33 21 33 33 21 22 28 24 21 4 4 4 28 31 28 30 28 26 22 33 25 33 0 21 33 23 31 17 28 30
split_gain=3.30066e+07 2.73365e+07 1.04372e+07 8.81512e+06 8.79393e+06 8.0921e+06 8.94146e+06 7.75302e+06 7.38736e+06 1.08946e+07 6.94459e+06 6.59554e+06 1.14809e+07 6.00682e+06 6.15526e+06 5.7553e+06 5.61112e+06 5.4024e+06 1.02014e+07 8.78339e+06 5.31204e+06 5.62134e+06 5.30788e+06 6.63724e+06 6.31466e+06 5.22546e+06 5.96497e+06 5.08963e+06 4.88602e+06 4.72364e+06 1.14848e+07 8.98491e+06 6.75583e+06 5.33569e+06 4.72192e+06 9.81676e+06 4.60412e+06 4.58129e+06 4.79127e+06 4.49265e+06 4.45551e+06 4.10054e+06 3.94678e+06 6.15518e+06 3.85725e+06 5.11552e+06 4.36979e+06 6.47567e+06 3.85466e+06 3.84374e+06 6.19562e+06 4.10272e+06 4.9313e+06 3.81955e+06 3.73084e+06 3.63278e+06 4.84805e+06 3.71711e+06 3.5258e+06 4.44984e+06 4.57641e+06 3.29119e+06
threshold=400.37482142857158 -212.13750000000002 -5.3975000000000035 654.3767857142858 17083.175000000003 2188.3928571428573 1197.8571428571431 1426.7614285714287 8945.0000000000018 3.5000000000000004 29545.000000000004 13.500000000000002 -174.28571428571419 1877.3214285714287 363.71267857142846 -1058.5242857142855 674.32964285714297 3.5000000000000004 114.46428571428574 -993.66624999999988 1832.1428571428573 1873.3928571428576 203.02089285714285 130.36678571428567 -758.68999999999994 696.07142857142867 1091.1039285714289 1435.014285714286 3102.5000000000005 1.5000000000000002 42325.000000000007 -60.9460714285714 1429.464285714286 2367.5000000000005 61.250000000000007 58.750000000000007 507.92214285714289 1850.9525000000001 39835.000000000007 1730.8928571428576 1268.0435714285716 18.500000000000004 29.500000000000004 13.500000000000002 4245.0000000000009 2.5000000000000004 15675.000000000002 3650.2400000000002 40250.000000000007 1365.0000000000002 -281.8971428571428 24.464285714285719 54.753035714285708 941.96428571428589 19.500000000000004 1496.0582142857145 511.25000000000006 914.46428571428589 4.5000000000000009 -516.66666666666617 40860.000000000007 12074.255000000003
decision_type=2 2 2 2 2 2 2 2 2 2 2 2 2 2 2 2 2 2 2 2 2 2 2 2 2 2 2 2 2 2 2 2 2 2 2 2 2 2 2 2 2 2 2 2 2 2 2 2 2 2 2 2 2 2 2 2 2 2 2 2 2 2
left_child=1 4 29 44 10 6 25 37 9 -6 34 12 -5 14 17 -12 -9 19 -19 27 21 41 23 58 -24 -2 -27 -10 -15 30 55 -32 -31 -34 35 42 -21 38 39 -7 -14 -13 43 49 -4 46 47 -46 -17 50 51 52 -1 -23 -47 56 -3 -58 -20 60 61 -60
right_child=5 2 3 11 8 7 -8 16 13 -11 15 20 40 28 -16 48 -18 18 22 36 -22 53 24 -25 -26 26 -28 -29 -30 32 31 -33 33 -35 -36 -37 -38 -39 -40 -41 -42 -43 -44 -45 45 54 -48 -49 -50 -51 -52 -53 -54 -55 -56 -57 57 -59 59 -61 -62 -63
leaf_value=65.057803977179844 -10.419198947619096 -0.33259176470287666 2.2962272863905668 53.828295450283065 67.596097812399833 -24.276781440430167 25.900469652515188 -24.643230747163166 19.983589368387793 -2.2461982178775175 4.2380334009785869 -13.101955568618008 -7.9552869029052786 48.545653677793595 36.604289064044657 -15.321697506418875 13.218007230885419 43.566050664515139 1.537805885861834 32.984511015471149 -43.020565948886059 39.608878218619459 41.349627657445382 -29.276212092751582 -0.55171901510177523 43.013617695821516 -10.033329313153301 59.224595144047328 9.0020517328445351 3.3882778582629913 -63.242530338350882 -1.9485306648779392 36.274036133473871 -2.1779095754884081 1.2337171770709143 55.626277706930459 6.3810248602855211 -48.325009729596133 -35.584436935143557 8.0103790126724981 25.142820097550427 -5.7524173995413017 33.331453068901304 -9.120147238328931 -3.4501843075600251 11.456072186676964 -7.5194739468626839 5.6025836423893978 -49.548422184061927 -2.9688472416330924 5.9959475151881261 12.044226515314918 21.600501900501918 -0.39768535720999049 0.21262036880712279 -8.5596548477162049 20.924530134309137 4.6100492727803895 5.1024861218432704 -41.529004297678654 20.120785262061212 -31.067565670497231
leaf_weight=49 1823 4336 2473 46 49 112 75 67 155 41 143 1075 186 62 67 185 94 52 732 66 42 41 59 96 92 40 45 42 63 3755 51 45 113 53 3959 43 4326 90 160 70 52 2584 53 224 5191 332 1939 932 40 172 327 82 56 57 2654 424 172 742 41 44 48 65
leaf_count=49 1823 4336 2473 46 49 112 75 67 155 41 143 1075 186 62 67 185 94 52 732 66 42 41 59 96 92 40 45 42 63 3755 51 45 113 53 3959 43 4326 90 160 70 52 2584 53 224 5191 332 1939 932 40 172 327 82 56 57 2654 424 172 742 41 44 48 65
internal_value=-0.062115 0.666954 -1.05253 -2.5034 4.77201 -11.0229 -7.95754 -21.2718 7.36518 35.7954 1.80585 -6.57552 8.1232 6.93914 6.47823 -11.448 -2.54064 6.13099 0.242672 7.70794 -7.67443 -7.27873 -1.67312 -4.24956 15.8286 -9.28908 14.9405 28.3626 28.6273 1.58302 -0.236951 -34.527 4.2612 24.0002 2.78832 8.90592 6.78118 -28.2515 -22.9627 -11.8598 -0.719985 -7.91183 6.81697 5.27097 -1.27371 -2.07281 -3.38237 -2.0722 -21.4161 9.97043 14.3002 28.816 41.9019 16.3514 1.4629 0.34351 1.06262 7.68115 -1.66472 -13.5018 -5.48312 -17.0814
internal_weight=41304 38728 27295 17604 11433 2576 1983 593 6100 90 5333 4083 284 6010 5885 368 161 5818 1229 4589 3799 3757 1177 1026 151 1908 85 197 125 9691 5770 96 3921 166 4965 1006 4392 432 342 182 238 3659 963 910 13521 11048 8062 6123 225 686 514 187 105 98 2986 5674 5250 914 930 198 154 106
internal_count=41304 38728 27295 17604 11433 2576 1983 593 6100 90 5333 4083 284 6010 5885 368 161 5818 1229 4589 3799 3757 1177 1026 151 1908 85 197 125 9691 5770 96 3921 166 4965 1006 4392 432 342 182 238 3659 963 910 13521 11048 8062 6123 225 686 514 187 105 98 2986 5674 5250 914 930 198 154 106
is_linear=0
shrinkage=0.1


Tree=29
num_leaves=63
num_cat=0
split_feature=31 28 19 1 33 35 28 22 4 22 28 26 30 4 33 29 4 30 30 32 34 21 35 34 4 12 28 26 23 28 6 35 28 29 16 30 22 28 23 30 29 21 35 33 32 23 33 0 4 35 26 23 23 23 33 4 0 22 19 35 28 17
split_gain=2.78751e+07 3.16407e+07 1.68799e+07 4.60587e+07 1.72903e+07 1.33132e+07 1.3922e+07 1.01153e+07 8.90889e+06 1.94037e+07 1.35584e+07 8.22114e+06 9.27858e+06 9.28263e+06 1.6942e+07 7.98091e+06 6.56979e+06 6.03047e+06 1.68422e+07 1.11669e+07 5.7703e+06 6.55501e+06 7.97439e+06 5.47204e+06 6.46927e+06 5.58241e+06 7.5337e+06 1.47402e+07 5.11375e+06 4.96678e+06 4.88721e+06 4.76471e+06 9.1568e+06 5.01565e+06 4.667e+06 4.42435e+06 1.60433e+07 5.40304e+06 8.54782e+06 4.72821e+06 4.66377e+06 4.42057e+06 4.37451e+06 4.16955e+06 4.05525e+06 6.17213e+06 3.92767e+06 3.84589e+06 3.7499e+06 3.73812e+06 5.53964e+06 3.50739e+06 3.36934e+06 3.24326e+06 3.23046e+06 9.04557e+06 1.17403e+07 4.30782e+06 3.42606e+06 3.16384e+06 3.276e+06 3.28426e+06
threshold=1.5000000000000002 30855.000000000004 1.0000000180025095e-35 3.5000000000000004 1760.3571428571431 161154.62500000003 9045.0000000000018 -648.80785714285696 14.500000000000002 -1366.3878571428568 18035.000000000004 2345.0000000000005 7485.0000000000009 13.500000000000002 372.67267857142866 20435.000000000004 18.500000000000004 2045.0000000000002 1665.0000000000002 120.71428571428574 1.0000000180025095e-35 2743.2142857142858 32191.875000000004 1.5000000000000002 8.5000000000000018 591.87500000000011 40525.000000000007 6185.0000000000009 1060.1785714285718 27665.000000000004 -799.9899999999999 54286.910000000011 48325.000000000007 22308.710000000003 2606.7766666666671 655.00000000000011 1496.4060714285717 4385.0000000000009 1.0000000180025095e-35 725.00000000000011 10651.035000000002 2078.2142857142858 9207.5650000000005 369.46428571428578 124.22785714285716 1434.1071428571429 758.75000000000011 13.500000000000002 13.500000000000002 2400.2700000000009 285.00000000000006 857.67857142857156 2237.3214285714289 1434.1071428571429 70.535714285714292 12.500000000000002 14.500000000000002 148.39071428571432 549.28571428571433 110465.84000000001 48925.000000000007 -462.89166666666659
decision_type=2 2 2 2 2 2 2 2 2 2 2 2 2 2 2 2 2 2 2 2 2 2 2 2 2 2 2 2 2 2 2 2 2 2 2 2 2 2 2 2 2 2 2 2 2 2 2 2 2 2 2 2 2 2 2 2 2 2 2 2 2 2
left_child=1 5 3 -2 7 6 15 8 10 -10 -4 44 13 14 -13 35 -15 18 -12 -20 43 42 -23 25 28 -19 -27 -28 29 -25 34 32 48 -33 -30 37 39 38 -1 -37 -41 -18 51 -9 45 -3 49 -11 -26 -8 -51 -22 -52 -32 -40 58 57 -57 -56 60 -47 -62
right_child=2 11 4 -5 -6 -7 46 20 9 47 17 12 -14 16 -16 -17 41 23 19 -21 21 22 -24 24 31 26 27 -29 30 -31 53 33 -34 -35 -36 36 -38 -39 54 40 -42 -43 -44 -45 -46 59 -48 -49 -50 50 52 -53 -54 -55 55 56 -58 -59 -60 -61 61 -63
leaf_value=38.163545625196782 101.39072592103008 -10.941514816052145 61.588580629491652 -32.046099078150455 31.40433470795459 -47.9931554217819 4.7574263734196194 1.7479039488882373 -61.741533696419303 12.194711912129279 -0.551177639314964 -10.782211005851016 -30.457581436561732 -24.074526294801409 70.868372910972539 43.807636588331526 -3.7667761660460322 5.2436856201005657 82.523390847188566 16.282462772820853 0.6597614974411542 -2.2087480859030086 -59.218449770199108 0.18954499193886504 12.83898429014871 11.669578519627107 72.815618835714403 10.60791533356341 -0.64763756813659601 14.956554263670464 -3.447599562396142 11.472336162259712 52.306915628292906 -37.115707609336944 26.988101007999518 32.125630614279167 -55.284944928473038 -3.3655947034909612 -1.6303630579598274 3.4189640902991592 19.089462769034487 -35.415518607844753 -1.2601219672061261 10.471986581549759 -49.786189655511421 -19.734109780074586 4.3700702466947732 -16.171263158799562 -6.8262481537954658 -26.311059642126043 -4.4976254301031435 6.6478418270972801 -32.884861568945347 -17.689188171518889 13.267452718044623 -0.23902895837386492 -49.371753580091173 7.3664297076124399 50.964405457774234 -54.668405099933068 -62.545454416031092 -23.388971259300245
leaf_weight=64 59 450 46 46 208 60 414 1216 59 146 137 62 173 218 43 44 1061 510 57 46 2681 61 41 580 721 327 69 85 311 375 384 44 55 41 76 62 45 3169 2097 3432 201 46 6746 997 45 277 533 71 112 120 7424 1540 42 274 45 1636 43 1367 52 40 41 45
leaf_count=64 59 450 46 46 208 60 414 1216 59 146 137 62 173 218 43 44 1061 510 57 46 2681 61 41 580 721 327 69 85 311 375 384 44 55 41 76 62 45 3169 2097 3432 201 46 6746 997 45 277 533 71 112 120 7424 1540 42 274 45 1636 43 1367 52 40 41 45
internal_value=0.0331053 -2.25075 2.97612 42.9452 2.74305 -0.975843 -0.840036 2.4082 6.49095 -10.9175 7.62159 -12.879 -8.58733 -5.94052 22.6734 1.31911 -8.20881 7.03036 22.4213 52.9624 1.01693 0.0849436 -25.1422 6.09825 3.95303 12.5334 20.2612 38.4948 0.699293 5.98859 -4.13452 10.6407 12.8058 -11.9722 4.78231 1.16586 4.03064 -0.098684 1.85322 4.75376 4.28621 -5.08344 0.319686 5.67842 -20.539 -18.9933 -3.94147 2.91207 10.1947 -4.49525 -5.00024 2.84452 -4.65754 -9.37889 1.40938 3.43748 2.47985 3.22313 33.492 -27.9816 -25.0338 -42.0822
internal_weight=41472 23351 18121 105 18016 20850 20790 17808 4526 276 4250 2501 1603 1430 105 12257 1325 4204 240 103 13282 11069 102 3964 2973 991 481 154 2000 955 1045 973 888 85 387 12213 3740 8473 5304 3695 3633 1107 10967 2213 898 853 8533 217 833 8000 7586 4221 7466 658 5240 3143 3046 3003 97 403 363 86
internal_count=41472 23351 18121 105 18016 20850 20790 17808 4526 276 4250 2501 1603 1430 105 12257 1325 4204 240 103 13282 11069 102 3964 2973 991 481 154 2000 955 1045 973 888 85 387 12213 3740 8473 5304 3695 3633 1107 10967 2213 898 853 8533 217 833 8000 7586 4221 7466 658 5240 3143 3046 3003 97 403 363 86
is_linear=0
shrinkage=0.1


Tree=30
num_leaves=63
num_cat=0
split_feature=25 22 25 25 31 28 31 19 15 22 28 20 26 20 24 34 21 4 0 28 20 19 31 29 0 15 34 23 29 4 20 23 23 4 25 22 32 31 24 22 26 25 21 24 28 25 21 28 23 23 31 22 26 28 20 34 16 31 21 26 23 20
split_gain=2.45263e+07 1.26942e+07 1.27075e+07 1.12914e+07 1.06064e+07 9.37651e+06 7.57303e+06 8.05348e+06 6.99059e+06 6.79788e+06 6.59033e+06 6.31339e+06 8.29762e+06 6.29089e+06 6.08967e+06 6.03847e+06 7.31746e+06 5.14071e+06 1.31962e+07 8.93635e+06 6.93017e+06 5.94694e+06 6.21774e+06 5.8861e+06 4.98509e+06 4.59154e+06 4.26922e+06 4.91538e+06 4.14964e+06 3.9741e+06 7.4817e+06 3.83496e+06 4.35088e+06 5.03214e+06 1.09125e+07 1.03677e+07 4.27876e+06 4.00822e+06 3.78622e+06 3.74619e+06 3.62107e+06 3.56599e+06 3.40858e+06 3.54724e+06 3.3666e+06 4.74357e+06 3.3613e+06 3.4361e+06 3.1885e+06 5.29768e+06 3.18699e+06 3.14204e+06 3.13553e+06 3.07854e+06 3.463e+06 1.39424e+07 9.22045e+06 1.13501e+07 5.8278e+06 3.60716e+06 5.41032e+06 3.78371e+06
threshold=57.6121428571428 -1118.9457142857138 -1475.7339285714286 400.37482142857158 3.5000000000000004 39835.000000000007 1.5000000000000002 1.0000000180025095e-35 2305.0000000000005 654.3767857142858 23065.000000000004 -1628.5621428571428 6275.0000000000009 -2085.6414285714277 2347.3214285714289 2.5000000000000004 1783.9285714285718 14.500000000000002 13.500000000000002 22945.000000000004 -277.14285714285705 2462.1428571428573 3.5000000000000004 38965.000000000007 23.500000000000004 1938.3333333333337 1.0000000180025095e-35 1497.6785714285718 66690.690000000017 13.500000000000002 30.207142857142934 1608.0357142857144 1740.5357142857144 12.500000000000002 745.4953571428573 1015.6646428571431 756.42857142857144 1.0000000180025095e-35 556.44464285714298 -776.39464285714268 1755.0000000000002 -162.97946428571427 1894.4660714285717 1499.3994642857144 42765.000000000007 -67.861428571428561 2367.5000000000005 3365.0000000000005 2237.3214285714289 2116.6071428571436 2.5000000000000004 -716.77499999999998 1445.0000000000002 6595.0000000000009 -669.55571428571409 12.500000000000002 1238.3333333333337 1.5000000000000002 733.65250000000015 5735.0000000000009 1728.3928571428576 -1155.2114285714285
decision_type=2 2 2 2 2 2 2 2 2 2 2 2 2 2 2 2 2 2 2 2 2 2 2 2 2 2 2 2 2 2 2 2 2 2 2 2 2 2 2 2 2 2 2 2 2 2 2 2 2 2 2 2 2 2 2 2 2 2 2 2 2 2
left_child=1 17 -3 9 5 8 10 -8 31 11 48 12 -2 -9 41 -7 52 19 -19 -1 21 -21 23 -23 -6 -18 27 -13 -24 30 -11 36 -33 38 37 -36 39 -35 -34 -5 -37 46 43 -31 -12 -46 47 -15 49 -4 -32 -48 -17 -28 55 59 57 -57 -59 60 -55 -61
right_child=3 2 6 4 24 15 7 13 -10 29 44 26 -14 14 -16 16 25 18 -20 20 -22 22 28 -25 -26 -27 53 -29 -30 42 50 32 33 34 35 40 -38 -39 -40 -41 -42 -43 -44 -45 45 -47 51 -49 -50 -51 -52 -53 -54 54 -56 56 -58 58 -60 61 -62 -63
leaf_value=56.665306859923476 41.972393634852352 50.421993815056233 0.68196894057334312 19.81342778444057 46.304018637966749 -5.9066781813739322 43.976662361075029 -13.595833949167242 9.7197107645189185 40.335082585991429 -4.8806274111345953 1.4374367035463589 3.1837777306379964 -18.586738035061114 18.654627691267844 -32.489214904901672 -74.832329439258473 10.472266100569605 -43.1197663107734 10.332268457720968 -26.249087849573613 24.915563872429757 -6.9314757970006369 75.396931022883308 5.4980969571196532 -28.304582029290493 1.280529377491872 16.839296991447281 32.625199103467764 -7.1054163608637246 -22.038944753088458 -38.734642079841571 30.266431139854223 -17.955909795338012 -81.437425953055424 -4.4088697397957928 23.29828763846362 9.7882854629990668 -6.7857722886611427 -8.2414725738191095 -41.21113681188578 2.1887436088168175 -35.816742287325063 11.691672502670766 -41.131200013097434 -3.4686555376740373 7.507429198912809 8.4876651748332517 -17.473119545901337 34.673067687155758 5.2605258931501648 -28.319106934610012 -14.925635965296582 -1.2587938102092151 -3.7480014082468593 -10.749727832157653 68.069470272459156 68.829674117603858 15.791906069269302 -26.08629642181203 34.096664884273018 -0.48603809429237882
leaf_weight=47 78 53 10647 51 42 240 49 214 239 51 1409 1285 188 48 266 144 43 207 59 908 45 50 53 43 104 42 2567 247 53 2862 59 69 41 98 41 55 52 111 84 704 52 6771 40 104 64 70 47 1925 96 46 155 51 346 1103 6348 84 41 40 43 118 45 113
leaf_count=47 78 53 10647 51 42 240 49 214 239 51 1409 1285 188 48 266 144 43 207 59 908 45 50 53 43 104 42 2567 247 53 2862 59 69 41 98 41 55 52 111 84 704 52 6771 40 104 64 70 47 1925 96 46 155 51 346 1103 6348 84 41 40 43 118 45 113
internal_value=-0.00613466 2.14578 1.53904 -2.76247 -8.91977 -10.5041 1.41955 3.56242 -6.04968 -1.75092 -0.208816 -0.673412 14.5637 3.34976 3.74798 -19.2316 -24.7924 11.1558 -1.42054 13.9458 12.2005 13.7646 29.4193 48.2844 17.2487 -51.8724 -1.01027 3.92111 12.8529 -5.80261 5.93605 -8.82526 -15.2561 -11.8914 -17.9368 -38.7083 -4.43374 -3.22211 5.37455 -6.34518 -22.305 3.29943 -6.83754 -6.44613 -6.32156 -21.4654 6.9306 7.82853 0.66543 0.828356 -2.26933 -11.1419 -20.09 -1.72966 -2.70347 1.47463 25.6054 15.1629 41.3784 -2.16591 0.128511 -13.5661
internal_weight=41350 23221 21756 18129 2558 2412 21703 9371 1597 15571 12332 12300 266 9322 9108 815 575 1465 266 1199 1152 1107 199 93 146 85 12034 1532 106 3271 265 1358 551 482 357 148 807 209 125 755 107 8842 3006 2966 1543 134 2071 1973 10789 10693 214 98 490 10502 7935 1587 208 167 83 1379 1148 231
internal_count=41350 23221 21756 18129 2558 2412 21703 9371 1597 15571 12332 12300 266 9322 9108 815 575 1465 266 1199 1152 1107 199 93 146 85 12034 1532 106 3271 265 1358 551 482 357 148 807 209 125 755 107 8842 3006 2966 1543 134 2071 1973 10789 10693 214 98 490 10502 7935 1587 208 167 83 1379 1148 231
is_linear=0
shrinkage=0.1


Tree=31
num_leaves=63
num_cat=0
split_feature=31 28 21 35 24 28 28 16 28 35 35 28 35 28 25 22 28 29 20 0 15 4 4 22 28 20 31 25 30 25 35 34 28 30 35 32 31 21 31 4 25 28 29 16 35 22 25 25 35 4 29 2 25 35 30 22 6 4 30 19 26 28
split_gain=1.78453e+07 2.28146e+07 1.54453e+07 1.27339e+07 7.62093e+06 6.67242e+06 8.53663e+06 1.17676e+07 8.33932e+06 9.90862e+06 8.54807e+06 9.59147e+06 9.22262e+06 7.61578e+06 6.54162e+06 6.53107e+06 9.96545e+06 6.25691e+06 5.99372e+06 5.69482e+06 6.66064e+06 6.88201e+06 5.43439e+06 1.10547e+07 9.09945e+06 5.88762e+06 6.46755e+06 8.31919e+06 7.50257e+06 6.3113e+06 4.82244e+06 4.66321e+06 5.33791e+06 8.29642e+06 4.65596e+06 4.60033e+06 4.48215e+06 5.74101e+06 5.95285e+06 9.27267e+06 4.36209e+06 4.35319e+06 6.65282e+06 4.26673e+06 4.23269e+06 4.22887e+06 4.20417e+06 4.66654e+06 5.18268e+06 4.09521e+06 4.05406e+06 6.38246e+06 3.92815e+06 3.92103e+06 3.81142e+06 3.71178e+06 3.70245e+06 5.02164e+06 3.63137e+06 3.47316e+06 3.43882e+06 3.07972e+07
threshold=1.5000000000000002 11585.000000000002 262.90500000000003 161154.62500000003 2347.3214285714289 42765.000000000007 41575.000000000007 1291.6666666666667 43625.000000000007 51705.185000000005 183683.19000000003 48925.000000000007 62309.450000000004 40860.000000000007 90.21250000000002 -636.14821428571418 62725.000000000007 10651.035000000002 -2425.9364285714282 16.500000000000004 128.33333333333337 13.500000000000002 14.500000000000002 -1315.8764285714285 18900.000000000004 -1628.5621428571428 4.5000000000000009 194.71625000000003 19545.000000000004 112.57892857142853 31756.850000000002 16.500000000000004 24475.000000000004 2975.0000000000005 96433.185000000012 626.42857142857144 3.5000000000000004 1161.5053571428573 2.5000000000000004 7.5000000000000009 345.14303571428576 4495.0000000000009 4050.2850000000003 856.76166666666666 14907.045000000002 -242.14357142857148 -162.97946428571427 -898.20660714285702 28939.045000000002 20.500000000000004 8462.9550000000017 1.0000000180025095e-35 -392.85696428571424 76700.345000000016 24050.000000000004 72.650000000000048 -788.94999999999993 8.5000000000000018 11565.000000000002 2112.1428571428573 6275.0000000000009 41575.000000000007
decision_type=2 2 2 2 2 2 2 2 2 2 2 2 2 2 2 2 2 2 2 2 2 2 2 2 2 2 2 2 2 2 2 2 2 2 2 2 2 2 2 2 2 2 2 2 2 2 2 2 2 2 2 2 2 2 2 2 2 2 2 2 2 2
left_child=1 3 -2 17 15 6 13 49 9 -7 11 -10 43 14 -3 16 22 41 30 20 21 -20 24 -24 -4 60 29 28 44 31 -17 32 -27 -34 35 56 37 45 40 -40 -39 50 -43 -13 -28 -21 47 48 -6 -8 -1 -52 -35 -14 -54 -41 57 -31 -23 -18 61 -26
right_child=2 5 4 -5 46 8 7 -9 10 -11 -12 12 53 -15 -16 18 59 -19 19 36 -22 58 23 -25 25 26 27 -29 -30 34 -32 -33 33 52 -36 -37 -38 38 39 55 -42 42 -44 -45 -46 -47 -48 -49 -50 -51 51 -53 54 -55 -56 -57 -58 -59 -60 -61 -62 -63
leaf_value=2.5490434932673445 57.235318870922733 -2.3873289140139411 49.495838330936728 -44.631333810220703 43.075099524714652 -14.054866482349153 -24.055125569166172 64.193544981860086 -5.5389532053907979 -78.811639854258786 19.760409344084039 -79.409489096252926 8.1866349725070915 -39.310184783072842 -8.160368118202312 -5.5904401736109186 -11.025001368499799 8.5787705287811402 29.101188865986174 7.1824815608024188 7.1941963596518281 -0.4339641777263219 -49.487181575016614 2.2215701473616032 1.7661906149934088 0.34183524268699417 -34.398149825253846 27.499928964241025 -60.295224409765517 0.7143678660364281 -48.747694455677355 37.63051134840854 46.703813067624537 19.80536386556917 27.292517778939381 -20.959050862170958 3.6515247433053073 -13.054910076967657 -11.391223008040136 -0.18462932437751836 -41.807950735576078 -5.6795473091025217 0.73149109248996036 -34.221200124333414 4.8954873751436789 -1.2736506215776746 35.459410042199849 2.9110126625288757 3.074565111305712 16.034040170359155 0.3034641986709905 -44.655957478797916 8.4904395341080772 -28.885017618920156 -14.562070527469704 15.954767217545854 -3.7304791370429822 31.820339675324064 -15.073746107848374 -47.39318892308188 10.044341031398758 89.375688750694067
leaf_weight=6037 51 4013 49 62 75 54 40 41 372 42 80 44 46 66 3842 65 73 957 74 689 2486 1562 52 201 148 651 45 40 41 159 43 54 63 299 56 117 1900 300 753 462 64 2462 4725 40 70 4173 80 273 57 70 96 47 1038 75 77 206 658 77 190 41 491 55
leaf_count=6037 51 4013 49 62 75 54 40 41 372 42 80 44 46 66 3842 65 73 957 74 689 2486 1562 52 201 148 651 45 40 41 159 43 54 63 299 56 117 1900 300 753 462 64 2462 4725 40 70 4173 80 273 57 70 96 47 1038 75 77 206 658 77 190 41 491 55
internal_value=-0.0492447 -1.88341 2.30831 0.572133 2.15258 -5.88626 -5.04637 18.5033 -14.8888 -42.4123 -10.8642 -15.1116 -32.4768 -5.49542 -5.21104 1.8103 5.06771 0.767947 0.666027 0.863102 3.82589 -0.759944 5.81722 -8.41397 6.67702 6.16952 4.47658 -13.1622 -23.5939 5.54085 -22.7881 8.62284 7.88587 11.2108 -0.761882 -2.31711 -0.631652 -1.85599 -6.70621 -3.78311 -18.1155 0.208707 -1.46472 -57.9245 -10.4885 -0.0752592 14.5172 10.3766 25.8099 1.45181 2.1548 -14.4838 9.62787 -14.7941 6.89789 4.7933 0.123635 10.868 -2.022 -24.1199 14.5723 25.5189
internal_weight=41269 23211 18058 14386 18007 8825 8072 151 753 96 657 577 205 7921 7855 17522 4555 14324 12967 12859 4312 1826 4441 253 4188 4139 3445 196 156 3249 108 2182 2128 1477 1067 1011 8547 6647 1785 1421 364 13367 7187 84 115 4862 485 405 132 110 6180 143 1414 121 1115 668 894 236 1752 114 694 203
internal_count=41269 23211 18058 14386 18007 8825 8072 151 753 96 657 577 205 7921 7855 17522 4555 14324 12967 12859 4312 1826 4441 253 4188 4139 3445 196 156 3249 108 2182 2128 1477 1067 1011 8547 6647 1785 1421 364 13367 7187 84 115 4862 485 405 132 110 6180 143 1414 121 1115 668 894 236 1752 114 694 203
is_linear=0
shrinkage=0.1


Tree=32
num_leaves=63
num_cat=0
split_feature=25 22 31 28 35 4 28 0 4 24 34 33 35 33 28 28 28 28 22 22 5 33 26 33 22 35 31 32 28 28 4 35 4 34 25 24 34 31 33 35 35 35 28 26 0 31 25 26 4 6 20 28 24 26 33 35 33 24 28 33 20 31
split_gain=1.52087e+07 9.50934e+06 9.00855e+06 9.49053e+06 9.39036e+06 6.5666e+06 1.20295e+07 7.19662e+06 6.51075e+06 6.17111e+06 8.10659e+06 6.33106e+06 1.63276e+07 6.00491e+06 5.94712e+06 2.77927e+07 7.97205e+06 8.772e+06 1.47004e+07 5.90085e+06 6.47452e+06 5.16177e+06 4.98783e+06 4.87151e+06 4.49238e+06 6.13026e+06 5.54991e+06 6.23257e+06 5.11174e+06 1.03655e+07 8.39372e+06 4.33446e+06 4.2902e+06 4.20088e+06 4.08736e+06 4.03739e+06 3.92696e+06 3.87277e+06 7.99855e+06 5.55622e+06 3.73353e+06 3.52125e+06 5.31532e+06 3.62252e+06 4.65869e+06 3.49976e+06 4.67529e+06 3.41945e+06 3.38317e+06 3.3788e+06 3.29936e+06 3.54371e+06 3.24704e+06 3.16812e+06 6.0598e+06 3.46468e+06 3.66325e+06 4.66679e+06 3.13948e+06 6.47583e+06 4.70272e+06 3.43393e+06
threshold=78.833214285714305 -648.80785714285696 2.5000000000000004 43280.000000000007 161154.62500000003 14.500000000000002 5325.0000000000009 14.500000000000002 10.500000000000002 1754.3467857142857 14.500000000000002 960.89285714285722 41614.105000000003 897.32142857142867 41575.000000000007 41980.000000000007 21305.000000000004 20765.000000000004 -406.45607142857142 -1696.8382142857138 -788.94999999999993 674.32964285714297 10840.000000000002 856.07142857142867 -1696.8382142857138 35298.930000000008 4.5000000000000009 473.57142857142861 41980.000000000007 38385.000000000007 7.5000000000000009 183683.19000000003 13.500000000000002 2.5000000000000004 318.49571428571431 1730.8928571428576 1.0000000180025095e-35 1.0000000180025095e-35 421.31017857142859 43789.220000000008 35298.930000000008 41614.105000000003 38125.000000000007 9945.0000000000018 28.500000000000004 3.5000000000000004 215.71982142857146 10203.050000000001 16.500000000000004 745.00000000000011 -1129.4099999999999 9315.0000000000018 622.88482142857163 6915.0000000000009 798.52232142857156 3370.7200000000007 610.78982142857149 1296.964285714286 24475.000000000004 249.10714285714286 -1.0000000180025095e-35 2.5000000000000004
decision_type=2 2 2 2 2 2 2 2 2 2 2 2 2 2 2 2 2 2 2 2 2 2 2 2 2 2 2 2 2 2 2 2 2 2 2 2 2 2 2 2 2 2 2 2 2 2 2 2 2 2 2 2 2 2 2 2 2 2 2 2 2 2
left_child=1 5 3 4 14 6 -1 -7 19 11 23 36 -13 -9 16 -16 17 21 -19 20 -4 50 -21 49 25 28 32 -28 29 -8 -30 33 58 -5 40 45 -3 38 -18 -40 -35 43 -43 44 -25 -10 -47 -23 -17 -11 -2 52 -52 55 -55 56 -38 -58 -26 61 -61 -60
right_child=2 9 8 31 -6 7 24 13 35 10 -12 12 -14 -15 15 48 37 18 -20 22 -22 47 -24 41 26 -27 27 -29 30 -31 -32 -33 -34 34 -36 -37 53 -39 39 -41 -42 42 -44 -45 -46 46 -48 -49 -50 -51 51 -53 -54 54 -56 -57 57 -59 59 60 -62 -63
leaf_value=58.418506332867722 -28.069942321155175 5.3748881046051151 55.459803572189209 -3.9920660928227294 -39.16648313776026 1.9057827568086585 18.390512363556802 -6.6868055128516026 5.8677591116610159 12.445818875096659 50.495714713130312 -4.3912035700708483 -74.173566485344267 -53.952336332340657 83.659801774125526 -17.635171984539525 -8.9717992399008892 70.555460080348965 3.4054018185306334 0.12603606645920029 -1.0698376403511225 11.753564116497746 -29.78135733842641 3.9800967594597148 2.5618943627895643 -5.7153906155503744 3.0591535689876239 -42.951718927198847 -3.9492883162435328 74.150041550094201 40.857255205862536 10.067820854102926 -10.397300498708889 -23.398946447676742 -26.809380840620566 40.443841014379657 2.5476855330502399 -4.5902756179293061 -15.204458066561498 -66.048741989047144 6.0779713868960989 5.2189673520714406 -28.773168545759006 13.8476188945004 -29.035733741468917 5.234423979892707 52.996392280897709 -13.770784878631517 9.201127759713847 48.973908199085287 -2.2857094190357254 -4.6988114449205129 3.8471999137732946 -10.327811153226184 8.0109519991789 -0.40895970889708277 43.613681269597109 1.5909022020719397 12.255670585490174 6.459171215935128 38.023305103951401 35.676904400712679
leaf_weight=47 49 1463 40 202 71 773 100 69 398 69 41 206 40 44 45 91 1082 45 118 2474 41 417 57 833 736 93 76 48 117 50 65 68 135 83 370 47 3363 3243 43 43 89 112 78 392 45 42 40 60 97 40 2311 2830 1378 705 242 13859 50 56 114 1255 49 139
leaf_count=47 49 1463 40 202 71 773 100 69 398 69 41 206 40 44 45 91 1082 45 118 2474 41 417 57 833 736 93 76 48 117 50 65 68 135 83 370 47 3363 3243 43 43 89 112 78 392 45 42 40 60 97 40 2311 2830 1378 705 242 13859 50 56 114 1255 49 139
internal_value=-0.019962 1.49255 -2.45005 -3.63276 -2.92031 6.03036 8.24857 -1.54061 2.34823 0.670886 6.62663 0.191049 -15.7507 -25.1068 -2.70301 13.1138 -3.02025 -0.971141 21.9597 0.302458 26.863 -1.50185 -0.548074 5.4787 7.45553 16.9742 5.87003 -14.7616 23.3299 36.9956 12.0598 -14.0931 6.92399 -16.3019 -20.8889 12.4868 0.389775 -6.36864 -11.3059 -40.6503 -8.14899 3.95573 -8.73957 5.8553 2.28638 9.74541 28.5511 8.54184 -3.78999 25.867 -2.23133 -2.0369 0.00521546 -0.0093199 -5.64127 0.298489 3.12479 21.4242 7.94399 10.488 7.64666 25.128
internal_weight=41378 25504 15874 12735 11923 3910 3024 886 3139 21594 1610 19984 246 113 11852 233 11619 7208 163 2612 81 7045 2531 1569 2977 425 2552 124 332 150 182 812 2428 744 542 527 19738 4411 1168 86 172 1460 190 1270 878 480 82 477 188 109 6568 6519 3689 18275 947 17328 3469 106 2293 1557 1304 253
internal_count=41378 25504 15874 12735 11923 3910 3024 886 3139 21594 1610 19984 246 113 11852 233 11619 7208 163 2612 81 7045 2531 1569 2977 425 2552 124 332 150 182 812 2428 744 542 527 19738 4411 1168 86 172 1460 190 1270 878 480 82 477 188 109 6568 6519 3689 18275 947 17328 3469 106 2293 1557 1304 253
is_linear=0
shrinkage=0.1


Tree=33
num_leaves=63
num_cat=0
split_feature=25 29 34 35 23 26 33 20 21 23 18 0 31 29 35 25 25 33 24 33 33 33 23 17 35 23 29 33 21 35 29 23 0 18 9 25 23 32 20 31 26 31 26 23 29 33 16 34 24 0 21 16 18 23 25 1 0 32 25 23 24 29
split_gain=1.57595e+07 1.0013e+07 8.61803e+06 6.79133e+06 8.62748e+06 5.55638e+06 5.50713e+06 5.19022e+06 5.80958e+06 4.79963e+06 5.1307e+06 6.59243e+06 6.35704e+06 6.76676e+06 1.23759e+07 5.39774e+06 5.55077e+06 4.48806e+06 4.41131e+06 8.64707e+06 7.45551e+06 6.74478e+06 6.59581e+06 4.30482e+06 4.2956e+06 5.14756e+06 4.13068e+06 3.99629e+06 5.17318e+06 3.8773e+06 3.83191e+06 3.55074e+06 3.52017e+06 7.33565e+06 3.37795e+06 3.51633e+06 3.29999e+06 3.28724e+06 3.24743e+06 3.31345e+06 3.55002e+06 3.10337e+06 4.69681e+06 4.17217e+06 3.53925e+06 4.17368e+06 6.08725e+06 1.64801e+07 4.54356e+06 4.48102e+06 5.72873e+06 4.50129e+06 3.19969e+06 3.09442e+06 5.76284e+06 7.56498e+06 3.31901e+06 3.07723e+06 4.10097e+06 3.24974e+06 4.22756e+06 2.94135e+06
threshold=264.33857142857147 19451.420000000002 1.0000000180025095e-35 161154.62500000003 3657.8571428571436 10840.000000000002 1877.3214285714287 -1000.7114285714284 3102.5000000000005 2398.5714285714289 436.4285714285715 16.500000000000004 3.5000000000000004 39762.455000000009 4624.545000000001 203.02089285714285 120.65053571428582 249.10714285714286 1634.1071428571429 1250.5337500000003 1429.464285714286 810.08785714285727 1333.7500000000002 -1747.6499999999999 3857.1100000000006 716.607142857143 32565.000000000004 930.17857142857156 523.5989285714287 33146.460000000006 27425.000000000004 1373.3928571428576 14.500000000000002 2405.0000000000005 -2369.3349999999996 -1249.4976785714282 2346.9642857142862 243.57142857142858 -1129.4099999999999 2.5000000000000004 6835.0000000000009 3.5000000000000004 4365.0000000000009 1809.1071428571429 25505.905000000002 330.05535714285719 1263.5300000000002 8.5000000000000018 1057.3214285714287 13.500000000000002 1577.8910714285716 516.80166666666673 6200.0000000000009 1508.7500000000002 128.76839285714291 2.5000000000000004 22.500000000000004 1166.4285714285718 526.83160714285725 1623.3928571428576 1133.0291071428574 28774.620000000003
decision_type=2 2 2 2 2 2 2 2 2 2 2 2 2 2 2 2 2 2 2 2 2 2 2 2 2 2 2 2 2 2 2 2 2 2 2 2 2 2 2 2 2 2 2 2 2 2 2 2 2 2 2 2 2 2 2 2 2 2 2 2 2 2
left_child=1 24 23 5 -5 41 9 8 -8 10 11 26 13 27 -15 16 17 -14 21 -20 -21 22 37 -2 25 -1 31 28 -13 -7 -30 -3 33 -12 -26 -36 -37 -19 -34 40 -40 44 -43 -44 45 48 49 -48 52 50 -47 -51 -4 54 56 -56 -32 58 59 60 -46 -39
right_child=2 6 3 4 -6 29 7 -9 -10 -11 32 12 15 14 -16 -17 -18 18 19 20 -22 -23 -24 -25 34 -27 -28 -29 30 -31 53 -33 38 -35 35 36 -38 61 39 -41 -42 42 43 -45 57 46 47 -49 -50 51 -52 -53 -54 -55 55 -57 -58 -59 -60 -61 -62 -63
leaf_value=1.0312131846156845 31.200557407920225 -12.361453697643261 -6.0558753139407813 -8.7732165987105191 -61.976539217770757 -13.148234554293948 61.125156563749925 -0.90559933980305996 12.650979948113878 30.599911843418241 14.232985221569374 44.875887598988427 30.670628410625138 65.220442018501103 11.704452074496016 28.749556005618231 -26.677787752690911 2.8871300494819772 39.940661583931423 -37.2999233662648 11.673553123669082 -47.236989286944493 30.658998631600312 2.4426300120969304 -5.631147638746608 9.6790186109674998 -27.702048234181202 -15.002323666885019 5.4431026971558696 -53.047979606228836 33.246764176691023 8.3295834055660638 -10.35334160879207 -17.081833128410207 18.145909390385821 -0.49050727997258198 -25.701418435447614 -46.368982451268657 -1.9856823048608125 2.1702464781905979 -20.332159436588825 20.906570380405533 -26.856204791204377 12.760135100789514 -11.692858248609294 3.224153987484728 2.3137193912608094 67.603927887690332 -27.447624663302776 1.045769716367049 -23.120058138701893 -24.72052339292545 -26.834251280592142 -1.8662633293629416 11.475200292925207 71.493536476743074 10.140567807045398 2.0369085255365085 -39.097644714511873 -4.2280688169976868 -52.337011780661442 -9.4745372164135411
leaf_weight=4055 56 153 1947 78 50 60 48 61 51 64 442 40 44 61 148 55 91 68 60 48 88 44 43 730 1346 829 71 70 1342 41 72 181 267 90 101 20806 52 40 621 3858 127 107 58 49 71 587 316 44 113 107 96 185 77 99 42 42 454 88 78 165 40 47
leaf_count=4055 56 153 1947 78 50 60 48 61 51 64 442 40 44 61 148 55 91 68 60 48 88 44 43 730 1346 829 71 70 1342 41 72 181 267 90 101 20806 52 40 621 3858 127 107 58 49 71 587 316 44 113 107 96 185 77 99 42 42 454 88 78 165 40 47
internal_value=0.035813 0.771324 -5.14418 -6.88283 -29.5719 -6.19575 3.65605 22.0407 36.1727 3.32437 3.12601 6.16768 7.7854 10.1557 27.3358 -1.16005 -4.03323 0.244306 -2.81536 8.33477 -5.61852 -11.8459 -3.97127 4.4934 -0.186966 2.49916 -5.80689 8.49357 9.28048 -29.3634 8.5852 -1.14906 1.21092 8.93425 -0.775136 -0.463267 -0.553421 -13.5852 0.367662 0.989243 -5.10182 -5.62856 6.09638 -8.71661 -6.2697 -5.19663 -0.809937 10.3019 -7.93694 -4.9131 -0.480107 -15.2802 -6.847 14.5318 17.193 41.5091 13.3063 -14.6973 -18.857 -13.1307 -26.3564 -26.4544
internal_weight=41364 36221 5143 4357 128 4229 9032 160 99 8872 8808 3403 2998 2370 209 628 573 482 438 196 136 242 198 786 27189 4884 405 2161 2091 101 2051 334 5405 532 22305 20959 20858 155 4873 4606 748 4128 214 107 3914 3472 1335 360 2137 975 683 292 2024 709 610 84 526 442 354 276 111 87
internal_count=41364 36221 5143 4357 128 4229 9032 160 99 8872 8808 3403 2998 2370 209 628 573 482 438 196 136 242 198 786 27189 4884 405 2161 2091 101 2051 334 5405 532 22305 20959 20858 155 4873 4606 748 4128 214 107 3914 3472 1335 360 2137 975 683 292 2024 709 610 84 526 442 354 276 111 87
is_linear=0
shrinkage=0.1


Tree=34
num_leaves=63
num_cat=0
split_feature=25 25 35 34 28 4 18 18 9 0 0 34 29 5 25 24 30 28 21 30 24 35 11 35 31 30 28 0 0 33 30 33 35 33 29 7 25 28 31 28 33 31 35 4 29 35 15 27 8 34 22 35 21 24 32 22 18 25 9 22 25 5
split_gain=1.50279e+07 1.16244e+07 1.47496e+07 9.18737e+06 8.22766e+06 7.60274e+06 1.3036e+07 1.22207e+07 1.07462e+07 7.65198e+06 8.75388e+06 6.29592e+06 6.17037e+06 5.71824e+06 8.2978e+06 5.61273e+06 5.46013e+06 6.32855e+06 8.21914e+06 5.31278e+06 5.86493e+06 6.01972e+06 5.3311e+06 5.05658e+06 4.96308e+06 5.12671e+06 4.63037e+06 7.47097e+06 8.52476e+06 4.62016e+06 4.23376e+06 3.67462e+06 8.17125e+06 3.70435e+06 3.61556e+06 3.61239e+06 8.10694e+06 1.17738e+07 3.41307e+06 4.50046e+06 4.33124e+06 6.4124e+06 3.32928e+06 4.93179e+06 3.44434e+06 3.41357e+06 3.32538e+06 3.2947e+06 3.16767e+06 5.16601e+06 3.15595e+06 3.83354e+06 5.84239e+06 3.03849e+06 2.97211e+06 4.10566e+06 2.80085e+06 3.95714e+06 2.7812e+06 2.74818e+06 2.69229e+06 2.67883e+06
threshold=400.37482142857158 -1475.7339285714286 0.20000000000000004 1.5000000000000002 60820.000000000007 13.500000000000002 1.0000000180025095e-35 1.0000000180025095e-35 11080.000000000002 21.500000000000004 15.500000000000002 14.500000000000002 28085.000000000004 -799.9899999999999 199.02571428571426 1619.464285714286 1265.0000000000002 6595.0000000000009 2116.1796428571433 16335.000000000002 1549.1071428571429 25795.070000000003 5113.0400000000009 31756.850000000002 2.5000000000000004 14865.000000000002 4055.0000000000005 15.500000000000002 1.5000000000000002 994.64285714285722 725.00000000000011 289.82142857142861 110465.84000000001 833.64357142857148 11809.840000000002 -618.59999999999991 130.36678571428567 40525.000000000007 2.5000000000000004 38815.000000000007 316.89750000000009 3.5000000000000004 34124.030000000006 12.500000000000002 15885.000000000002 110465.84000000001 3428.3333333333335 1.0000000180025095e-35 -649.43999999999994 19.500000000000004 1251.5753571428575 46209.385000000009 1094.6428571428573 1296.964285714286 162.14285714285717 1769.3750000000005 2363.5714285714289 207.34875000000005 1275.0000000000002 184.35178571428568 152.17928571428567 -1879.1199999999997
decision_type=2 2 2 2 2 2 2 2 2 2 2 2 2 2 2 2 2 2 2 2 2 2 2 2 2 2 2 2 2 2 2 2 2 2 2 2 2 2 2 2 2 2 2 2 2 2 2 2 2 2 2 2 2 2 2 2 2 2 2 2 2 2
left_child=1 2 -1 12 15 7 26 8 9 10 -5 19 53 14 -12 -4 17 -8 -19 22 21 -21 38 46 25 29 27 28 -7 31 -30 42 33 50 -34 36 61 -38 -11 40 -40 -42 -25 44 -44 54 -2 -18 49 -13 51 52 -33 -3 55 -45 -9 -58 -37 -26 -28 -14
right_child=23 3 4 5 -6 6 16 56 -10 11 13 48 35 -15 -16 -17 47 18 -20 20 -22 -23 -24 24 59 -27 60 -29 30 -31 -32 32 34 -35 -36 58 37 -39 39 -41 41 -43 43 45 -46 -47 -48 -49 -50 -51 -52 -53 -54 -55 -56 -57 57 -59 -60 -61 -62 -63
leaf_value=77.814155969154839 -3.4951130411036235 1.1202708265656482 3.5516917167453594 -35.706400191344493 -27.371102271968649 33.50206378534088 0.58185353686621433 -1.5973664660569558 48.757808022148282 -2.9322010362626436 16.125311020190239 42.105688177681984 1.3087352410450612 8.2930198777005977 63.831217966501896 53.35764169228063 1.5481700897063533 -4.2492063851851141 -38.366615116985045 -15.225583676610377 -0.087499361568815257 -59.896282449738557 35.945612206073498 -33.492137304299952 -7.1615308431921694 -40.790242040924376 -6.5475109148771224 38.391750398299507 -0.33032691376796036 19.250628028302298 -18.245384072091873 -11.235236387432748 -65.23511028085646 13.64771486968648 -24.677596438571015 4.0764742567520109 8.9036615351136774 82.913988084373528 8.369795491659568 26.948380178679169 3.2583384934118236 -30.244348479690867 32.5269383540044 -47.425891008142898 -2.9987173695052101 12.534660062356043 23.667888929588006 10.096126514506953 5.657684957025694 5.4461636304102603 -10.136387781200909 -4.6652498224399341 -58.577702108378574 6.9472470608138073 -1.1575521926541619 -14.203827910411029 22.675161286299144 -13.943518412853713 18.501797242151287 15.735453144137033 -13.302914502124944 21.473581217778772
leaf_weight=42 1071 4957 49 42 41 62 4923 7204 55 1431 212 66 156 1681 44 42 4589 3539 72 114 168 41 42 47 120 66 2974 49 479 45 182 45 49 44 40 786 44 42 469 85 174 85 50 45 60 56 47 500 1136 92 261 48 62 1092 124 214 105 41 161 93 736 114
leaf_count=42 1071 4957 49 42 41 62 4923 7204 55 1431 212 66 156 1681 44 42 4589 3539 72 114 168 41 42 47 120 66 2974 49 479 45 182 45 49 44 40 786 44 42 469 85 174 85 50 45 60 56 47 500 1136 92 261 48 62 1092 124 214 105 41 161 93 736 114
internal_value=-0.0398959 0.450702 26.2362 0.334865 9.80171 -0.41036 -1.74354 1.40625 4.78061 4.36899 9.43416 1.80062 3.51685 10.4138 24.3356 26.5558 -0.204416 -1.7504 -4.93 -1.02792 -13.0318 -27.0572 0.668418 -7.42016 -11.277 -13.6705 -6.42165 0.624439 -1.93764 -12.1648 -5.26408 -13.4002 -19.3027 -13.9332 -47.0312 9.75871 18.3459 45.0755 0.0073608 5.18129 2.63812 -7.74045 -7.9621 -5.7736 13.1567 -10.5179 -2.35219 2.38811 7.50344 20.7681 -16.8518 -28.1527 -38.6819 2.17224 -13.8898 -19.9841 -1.31943 12.3905 6.52978 2.83707 -7.88783 9.8252
internal_weight=41505 38918 174 38744 132 31392 18105 13287 5937 5882 1979 3903 7352 1937 256 91 13623 8534 3611 2609 323 155 2286 2587 1469 1256 4482 772 723 1190 661 1145 549 460 89 1303 356 86 2244 813 728 259 596 549 110 439 1118 5089 1294 158 416 155 107 6049 383 259 7350 146 947 213 3710 270
internal_count=41505 38918 174 38744 132 31392 18105 13287 5937 5882 1979 3903 7352 1937 256 91 13623 8534 3611 2609 323 155 2286 2587 1469 1256 4482 772 723 1190 661 1145 549 460 89 1303 356 86 2244 813 728 259 596 549 110 439 1118 5089 1294 158 416 155 107 6049 383 259 7350 146 947 213 3710 270
is_linear=0
shrinkage=0.1


Tree=35
num_leaves=63
num_cat=0
split_feature=31 21 35 30 33 30 4 21 25 21 32 22 4 35 4 21 9 17 23 23 32 0 15 0 23 9 30 24 33 23 4 24 8 30 35 0 30 4 17 21 33 16 6 4 25 30 29 35 24 19 20 31 19 25 0 20 18 31 21 30 6 23
split_gain=1.26853e+07 8.99158e+06 7.15207e+06 6.03404e+06 5.80176e+06 4.73793e+06 4.85385e+06 4.45109e+06 4.8538e+06 4.16394e+06 5.53006e+06 4.0253e+06 6.19243e+06 1.14267e+07 4.66563e+06 3.95302e+06 3.80458e+06 3.9362e+06 5.28762e+06 3.49457e+07 5.0539e+06 3.79732e+06 6.31104e+06 3.62549e+06 3.61188e+06 3.5354e+06 3.53069e+06 3.42579e+06 3.78126e+06 4.48384e+06 3.91472e+06 3.32428e+06 3.19589e+06 3.11682e+06 3.09796e+06 3.80832e+06 5.85138e+06 3.94285e+06 6.8712e+06 1.10064e+07 8.63464e+06 3.08379e+06 3.06036e+06 3.04119e+06 2.95387e+06 2.89249e+06 5.12786e+06 6.82148e+06 3.73127e+06 3.46689e+06 3.28343e+06 2.87413e+06 3.7755e+06 4.27401e+06 3.43874e+06 4.33105e+06 3.91296e+06 2.95914e+06 4.97258e+06 2.86784e+06 2.69834e+06 2.57816e+06
threshold=1.5000000000000002 252.50000000000003 30054.340000000004 7413.9400000000014 1877.3214285714287 7089.4300000000012 21.500000000000004 1894.4660714285717 -214.52517857142854 3102.5000000000005 1832.1428571428573 -623.6039285714287 14.500000000000002 24726.795000000002 10.500000000000002 1523.9014285714288 1185.0000000000002 -1915.438333333333 1508.7500000000002 1440.8928571428576 1262.1428571428573 13.500000000000002 128.33333333333337 13.500000000000002 1364.464285714286 1.0000000180025095e-35 16835.000000000004 703.12660714285721 562.06303571428577 1440.8928571428576 13.500000000000002 1650.5357142857144 -488.32499999999993 6950.8100000000004 3759.7500000000005 8.5000000000000018 1265.0000000000002 13.500000000000002 -1421.3383333333329 885.357142857143 198.65642857142862 497.27333333333337 -558.29499999999996 15.500000000000002 103.03160714285707 4845.0000000000009 13011.690000000001 110465.84000000001 605.86339285714291 638.69785714285729 -789.00357142857126 2.5000000000000004 586.36571428571438 1.0000000180025095e-35 21.500000000000004 -1840.5614285714285 2405.0000000000005 3.5000000000000004 1087.2075000000002 11405.000000000002 -278.78999999999991 2188.3928571428573
decision_type=2 2 2 2 2 2 2 2 2 2 2 2 2 2 2 2 2 2 2 2 2 2 2 2 2 2 2 2 2 2 2 2 2 2 2 2 2 2 2 2 2 2 2 2 2 2 2 2 2 2 2 2 2 2 2 2 2 2 2 2 2 2
left_child=2 -2 34 5 11 6 15 25 24 10 -6 12 14 23 16 45 17 18 19 20 -3 22 26 -14 -9 -8 -13 -16 30 42 -29 -10 -5 41 -1 36 -36 38 39 -37 -40 -19 -30 -39 -17 46 47 49 -48 -4 -47 52 -23 -54 55 -53 -57 58 -56 -24 -50 -59
right_child=1 4 3 32 9 -7 7 8 31 -11 -12 21 13 -15 27 44 -18 33 -20 -21 -22 51 59 -25 -26 -27 -28 28 29 -31 -32 -33 -34 -35 35 37 -38 43 40 -41 -42 -43 -44 -45 -46 50 48 -49 60 -51 -52 54 53 -55 57 56 -58 61 -60 -61 -62 -63
leaf_value=1.8610103856809481 48.221741505553695 1.5343873401721579 -16.909809184871559 -35.037452420891668 11.70572957186846 26.706681221159148 -2.0542794215283027 -24.318731317287543 -16.422085414654756 1.0358503572623878 61.638626111560157 0.65580910303152973 7.9444127962347242 -53.76489585172633 39.595321263371133 -13.273023114676207 -21.575689248287713 -1.9407904587636748 -2.162560127347716 103.44707260220446 35.425067889387044 1.8240505103343911 6.504781699360433 -16.993783612699055 13.634980828557582 14.632857270224896 -18.095388959950071 9.9065140010217405 47.177289180768852 9.4910847722689002 -10.571663992500659 -55.46767981597101 -9.2080039003632255 -0.41600244585742907 -1.3429149033958927 -6.4091444390991432 5.0875194200854299 -9.0653274796321899 2.5242489629275746 66.438431660512876 -12.130577638974962 8.8801919171892951 14.956466372220312 -3.1745705603143111 -48.48529225759691 -6.3968286245205581 31.399724646201676 -48.130962089473719 -7.6136264492418491 -3.0567026644866502 -46.91167361894054 -25.045575774997381 0.74446399030314581 -7.9013617041750877 1.0368999294346637 5.1425379738183583 32.509630369456367 2.0888396979297297 -7.5294937932184318 17.727610350691204 14.160214812611219 17.923095594858264
leaf_weight=3778 42 258 311 100 47 48 2120 43 48 59 42 1147 162 49 42 52 59 355 177 43 53 1480 1165 91 60 135 110 397 72 193 122 40 92 1589 5561 43 1898 1094 1927 40 508 1020 50 4406 44 40 43 47 172 431 40 46 927 1492 1872 1567 54 1803 1062 283 85 109
leaf_count=3778 42 258 311 100 47 48 2120 43 48 59 42 1147 162 49 42 52 59 355 177 43 53 1480 1165 91 60 135 110 397 72 193 122 40 92 1589 5561 43 1898 1094 1927 40 508 1020 50 4406 44 40 43 47 172 431 40 46 927 1492 1872 1567 54 1803 1062 283 85 109
internal_value=0.0446878 2.03379 -1.50153 -5.37706 1.92587 -4.49367 -4.89758 -2.29665 -16.9521 21.6402 35.291 1.76234 4.2626 -9.59133 5.20714 -9.92645 3.59585 4.02108 11.9495 19.0048 7.31475 0.860355 4.19846 -1.02702 -2.21384 -1.05497 -0.985758 11.7437 10.3388 18.981 5.0922 -34.1916 -22.6665 2.60053 -0.706284 -1.33298 0.293381 -2.84594 0.431427 28.7169 -0.533287 6.08644 33.9836 -4.34637 -29.4289 -8.32369 -6.9747 -11.2058 4.15317 -8.86381 -26.671 -0.00688855 -2.15421 -4.58819 1.27861 5.19625 6.05519 -0.0690788 -2.06389 8.69873 -0.410788 2.99197
internal_weight=41245 18039 23206 3951 17997 3759 3711 2446 191 148 89 17849 4732 302 4430 1265 3554 3495 531 354 311 13117 2705 253 103 2255 1257 876 834 315 519 88 192 2964 19255 15477 7459 8018 2518 83 2435 1375 122 5500 96 1169 1089 789 300 742 80 10412 3899 2419 6513 1667 1621 4846 2934 1448 257 1912
internal_count=41245 18039 23206 3951 17997 3759 3711 2446 191 148 89 17849 4732 302 4430 1265 3554 3495 531 354 311 13117 2705 253 103 2255 1257 876 834 315 519 88 192 2964 19255 15477 7459 8018 2518 83 2435 1375 122 5500 96 1169 1089 789 300 742 80 10412 3899 2419 6513 1667 1621 4846 2934 1448 257 1912
is_linear=0
shrinkage=0.1


Tree=36
num_leaves=63
num_cat=0
split_feature=25 35 30 29 25 22 35 17 23 4 20 21 20 5 25 24 20 33 23 32 33 33 19 26 24 24 24 20 23 23 29 23 30 22 32 16 16 35 21 4 22 11 35 23 23 35 9 8 12 25 26 33 21 32 32 26 35 26 33 23 25 19
split_gain=8.13105e+06 7.19037e+06 7.6523e+06 8.61149e+06 6.54515e+06 5.39638e+06 4.59174e+06 4.36609e+06 4.71002e+06 4.10936e+06 9.24267e+06 4.09855e+06 3.82382e+06 3.72413e+06 4.69575e+06 3.66652e+06 3.51017e+06 4.55371e+06 4.50191e+06 3.87081e+06 7.5197e+06 2.22287e+07 7.45713e+06 7.06916e+06 2.27587e+07 5.48321e+06 5.06227e+06 9.04398e+06 4.03522e+06 3.5018e+06 4.54677e+06 3.35399e+06 3.58813e+06 5.3382e+06 3.27009e+06 3.20444e+06 3.0874e+06 3.0148e+06 5.19374e+06 7.23182e+06 3.94331e+06 3.5063e+06 2.8997e+06 2.79982e+06 2.88931e+06 2.74585e+06 2.70084e+06 2.6957e+06 2.58581e+06 2.56459e+06 2.55031e+06 3.17418e+06 2.63629e+06 2.49097e+06 2.42083e+06 2.37605e+06 6.04316e+06 4.23461e+06 3.26233e+06 2.36703e+06 3.2915e+06 2.73258e+06
threshold=-38.214285714285694 36682.645000000011 19545.000000000004 41782.280000000006 -1475.7339285714286 582.19035714285735 110465.84000000001 109.99999999999999 2309.8214285714289 13.500000000000002 -523.90357142857135 1736.5514285714287 218.57142857142864 -589.52499999999986 -425.61160714285705 1037.6785714285718 -609.90714285714262 1250.5337500000003 2288.0357142857147 137.85714285714289 402.32142857142861 372.67267857142866 776.30500000000018 1815.0000000000002 670.83053571428582 1296.964285714286 1364.464285714286 -1628.5621428571428 1201.2500000000002 1360.5357142857144 23252.525000000005 2116.6071428571436 18242.140000000003 -1500.8071428571427 1832.1428571428573 804.22000000000014 717.87166666666678 5550.4850000000015 997.31857142857154 2.5000000000000004 -2557.5557142857137 95.000000000000014 23482.060000000001 1608.0357142857144 1434.1071428571429 110465.84000000001 -1.0000000180025095e-35 -2180.7899999999995 644.1400000000001 232.81232142857149 8205.0000000000018 596.69732142857163 1227.4882142857143 1439.2857142857144 482.14285714285717 5905.0000000000009 17443.335000000003 5555.0000000000009 562.06303571428577 1308.3928571428576 553.34839285714281 1805.7750000000003
decision_type=2 2 2 2 2 2 2 2 2 2 2 2 2 2 2 2 2 2 2 2 2 2 2 2 2 2 2 2 2 2 2 2 2 2 2 2 2 2 2 2 2 2 2 2 2 2 2 2 2 2 2 2 2 2 2 2 2 2 2 2 2 2
left_child=1 4 13 -4 11 16 -5 8 9 10 -7 -1 -9 14 35 50 18 -18 19 20 21 22 23 28 -25 55 27 -27 -2 30 -24 32 33 -28 59 -3 -31 38 39 -17 -39 53 -33 44 -22 -20 -10 -15 -32 -35 51 52 -6 -40 -37 57 58 -21 -57 60 -11 -61
right_child=5 2 3 6 15 7 -8 12 46 34 -12 -13 -14 47 -16 37 17 -19 45 25 43 -23 29 24 -26 26 31 -29 -30 36 48 42 -34 49 -36 54 -38 40 41 -41 -42 -43 -44 -45 -46 -47 -48 -49 -50 -51 -52 -53 -54 -55 -56 56 -58 -59 -60 61 -62 -63
leaf_value=47.895080924057027 2.1796725568874393 34.801188066658831 -63.400772330128532 -26.500214689668173 1.2662025382776674 48.260238152786734 15.533697343080977 22.262926173720714 -5.4855687583567132 -3.847586724439974 -4.3512755855276808 5.3192011305753066 -0.45971279183272779 -30.475517753291879 -6.5228843760220698 61.301599961143623 -0.84706021139275356 20.762199687520081 -6.1922545246100142 -0.7105712577712251 -5.5124221809406038 79.834601550890795 -2.1574878211626345 77.052791692392049 5.8489414054172038 61.810932490220118 31.737736704347771 6.1578213262836474 29.895445584994299 5.7916479568388519 5.1817058789447303 33.654271516648322 -12.357859529787454 -5.2672171449959206 -29.753377199525865 -9.857797775121977 -28.490103575989128 33.027548055399841 -20.512629702306278 12.941143000202269 2.9565743426456574 8.4272222467864868 -0.46163279215494796 8.3418563185633516 -34.602847260322541 -35.079737130994488 -36.189081578502368 -5.9365018643395997 39.773083424745543 22.374970767617086 -12.801453252273815 19.674464130142603 -13.583787111472226 9.0911953109482955 17.847547997183387 -5.1901295888099792 -27.196007895697473 29.385680128049412 25.420330274008158 -10.588618906093677 22.035052883898942 3.862110073873894
leaf_weight=52 273 60 45 74 5831 47 40 77 46 2685 115 40 1908 53 190 42 17979 98 166 1729 81 45 292 70 125 47 68 77 65 41 40 66 138 184 54 52 73 44 77 117 4352 936 40 58 59 41 76 287 47 41 132 92 122 45 80 182 119 48 43 1024 50 150
leaf_count=52 273 60 45 74 5831 47 40 77 46 2685 115 40 1908 53 190 42 17979 98 166 1729 81 45 292 70 125 47 68 77 65 41 40 66 138 184 54 52 73 44 77 117 4352 936 40 58 59 41 76 287 47 41 132 92 122 45 80 182 119 48 43 1024 50 150
internal_value=0.0900985 2.18853 -6.528 -26.3843 2.83485 -0.847431 -11.7511 -3.44936 -5.2589 -4.68601 10.9227 29.3968 0.422256 -2.15369 4.62172 2.62746 -0.121422 -0.729854 2.4616 3.19667 7.77341 11.0832 8.06407 16.2627 31.4225 1.1089 9.06113 27.2686 7.51328 -0.800504 3.82207 4.85464 0.934478 7.19609 -5.32419 15.6491 -16.1635 4.4774 8.88202 25.7309 3.25793 6.34881 20.7862 -10.1279 -17.78 -11.921 -24.6194 -9.76563 23.8812 -0.226322 0.946404 1.24671 0.961756 -9.59389 6.93368 -1.36953 -8.97603 0.103184 0.664195 -4.98634 -3.37402 -8.74218
internal_weight=41330 12763 881 159 11882 28567 114 6232 4247 4125 162 92 1985 722 382 11790 22335 18077 4258 4051 1269 1071 1026 533 195 2782 661 124 338 493 379 537 431 293 3963 192 114 5613 1217 159 4396 1058 106 198 140 207 122 340 87 225 6177 6045 5953 122 132 2121 344 1777 225 3909 2735 1174
internal_count=41330 12763 881 159 11882 28567 114 6232 4247 4125 162 92 1985 722 382 11790 22335 18077 4258 4051 1269 1071 1026 533 195 2782 661 124 338 493 379 537 431 293 3963 192 114 5613 1217 159 4396 1058 106 198 140 207 122 340 87 225 6177 6045 5953 122 132 2121 344 1777 225 3909 2735 1174
is_linear=0
shrinkage=0.1


Tree=37
num_leaves=63
num_cat=0
split_feature=31 19 35 25 33 28 21 0 23 21 28 31 18 32 22 4 28 35 29 28 30 30 30 29 34 30 4 28 28 0 28 33 35 30 18 22 16 5 7 32 25 1 23 35 9 4 25 1 22 28 28 11 35 32 28 34 33 25 23 35 6 35
split_gain=9.23869e+06 1.33044e+07 2.36991e+07 1.04598e+07 8.45618e+06 5.8064e+06 7.66701e+06 5.4889e+06 4.91192e+06 4.52655e+06 4.32658e+06 4.05904e+06 4.05386e+06 3.89505e+06 3.79798e+06 6.64121e+06 9.5294e+06 3.6986e+06 6.44713e+06 4.28884e+06 4.32849e+06 5.0427e+06 1.70047e+07 4.92193e+06 4.49735e+06 4.05831e+06 4.0444e+06 5.76123e+06 3.57971e+06 3.55915e+06 3.31717e+06 3.15948e+06 3.15922e+06 3.00581e+06 3.65974e+06 3.45828e+06 2.9977e+06 2.99304e+06 3.79608e+06 1.04523e+07 3.72469e+06 3.86055e+06 3.83357e+06 3.5566e+06 3.16571e+06 2.94015e+06 4.78598e+06 2.92951e+06 2.92646e+06 2.90668e+06 3.87496e+06 3.34155e+06 3.31673e+06 4.19208e+06 2.9702e+06 2.89652e+06 7.932e+06 4.24272e+06 2.83752e+06 2.76271e+06 3.59592e+06 2.62313e+06
threshold=2.5000000000000004 1.0000000180025095e-35 1.0000000180025095e-35 215.71982142857146 1877.3214285714287 51315.000000000007 1783.9285714285718 20.500000000000004 1948.3928571428573 3487.886428571429 8945.0000000000018 1.5000000000000002 1485.0000000000002 1749.2857142857144 -610.09499999999991 14.500000000000002 25525.000000000004 161154.62500000003 13682.140000000001 21305.000000000004 2715.0000000000005 4391.1650000000009 4215.0000000000009 11454.465000000002 1.0000000180025095e-35 8175.0000000000009 17.500000000000004 31945.000000000004 33725.000000000007 15.500000000000002 45325.000000000007 714.46428571428589 10637.695000000002 2675.0000000000005 2489.2857142857147 -997.96250000000009 496.24833333333339 -655.0899999999998 -629.15999999999997 1399.2857142857144 203.02089285714285 3.5000000000000004 1060.1785714285718 16817.345000000005 -6051.9799999999987 29.500000000000004 -1249.4976785714282 2.5000000000000004 1064.1957142857145 38815.000000000007 37755.000000000007 271.54500000000007 20497.770000000004 1185.9550000000002 47855.000000000007 11.500000000000002 72.678571428571445 4.1289285714285446 1080.1785714285718 45003.415000000008 381.97000000000008 30054.340000000004
decision_type=2 2 2 2 2 2 2 2 2 2 2 2 2 2 2 2 2 2 2 2 2 2 2 2 2 2 2 2 2 2 2 2 2 2 2 2 2 2 2 2 2 2 2 2 2 2 2 2 2 2 2 2 2 2 2 2 2 2 2 2 2 2
left_child=3 2 -2 10 7 17 8 12 -7 -6 33 28 13 14 15 16 -3 19 -19 25 26 22 -22 -23 36 31 27 -21 -12 45 48 -5 -15 35 -35 -1 -25 38 39 40 42 -42 -9 -44 -39 46 -30 -18 -28 50 52 -51 55 58 -53 57 -57 -13 -54 -46 -61 -14
right_child=1 4 -4 5 9 6 -8 37 -10 -11 11 49 61 32 -16 -17 47 18 -20 20 21 23 -24 24 -26 -27 30 -29 29 -31 -32 -33 -34 34 -36 -37 -38 44 -40 -41 41 -43 43 -45 59 -47 -48 -49 -50 51 -52 54 53 -55 -56 56 -58 -59 -60 60 -62 -63
leaf_value=29.724192552705929 97.181833105052434 66.499018123712446 -4.4543086979964057 -2.7799256642002614 53.915961531917958 -40.088168981554396 -49.622466144365141 8.8032891500071369 -1.6803898185389148 8.3657990316326707 -1.8347515764987474 1.7637815954537555 11.503737018394567 6.4712383045736308 2.8539985375366212 -18.481973362649498 0.82849886196961953 -47.319464147972674 4.3609758692496898 -10.616139848835283 -0.54788411193505804 17.941398505382551 67.056582132672872 28.511712530441372 -11.241125270138266 19.194137871064807 -22.327315121509727 -38.758757752381314 27.705423974707358 -30.352061069607306 -34.130968336782992 8.7714969633739184 -29.037468449441207 5.7149994206866195 -23.438474075369346 0.63626640502371179 -1.0928511874732609 -16.819934226732283 0.94872148128879441 45.510405903261791 3.7137002490993583 42.617674602841078 -1.7243572123553013 -34.782403365780432 -0.59438014876128198 -28.820186086173152 -6.9988653078319771 24.090722309194952 -3.5750244350588725 33.60730329395988 -19.325395596688658 8.5554162267361136 3.1060722401660654 -13.039186514155858 -17.364460978855742 48.431333429078677 2.8623437138153598 -4.5045502306181389 14.600034541780111 3.7515933280456633 38.881014294570761 33.383710646341164
leaf_weight=41 41 40 52 2220 48 42 63 325 160 40 7417 2115 470 42 1264 49 100 52 45 201 323 78 42 44 851 98 95 114 42 69 44 265 62 1918 44 9471 153 117 1402 74 51 51 144 42 4803 56 723 118 669 47 100 379 494 105 50 41 550 2206 380 107 40 62
leaf_count=41 41 40 52 2220 48 42 63 325 160 40 7417 2115 470 42 1264 49 100 52 45 201 323 78 42 44 851 98 95 114 42 69 44 265 62 1918 44 9471 153 117 1402 74 51 51 144 42 4803 56 723 118 669 47 100 379 494 105 50 41 550 2206 380 107 40 62
internal_value=0.0242757 2.75298 40.3811 -0.794503 2.3825 -4.73498 -19.1789 2.09242 -9.67413 33.2279 0.0400484 -1.09139 6.45218 4.03659 5.27746 15.2534 21.6628 -4.01179 -23.3541 -3.65055 -6.50615 -2.97442 7.23937 -6.28547 -8.08938 -0.76061 -11.1949 -20.8056 -2.55387 -8.54638 -7.44702 -1.54793 -14.7011 1.4969 5.06062 0.761802 5.52487 0.747776 3.93286 10.0222 5.73482 23.1771 2.25126 -9.19645 -0.565381 -6.712 -5.09184 13.4226 -5.9081 0.7872 0.189582 8.30808 0.521011 5.83579 5.53277 -0.538314 6.02748 -1.4364 8.104 -0.181015 13.3206 14.0566
internal_weight=41351 9544 93 31807 9451 5559 265 9363 202 88 26248 14774 2207 1675 1571 307 258 5294 97 5197 2614 1491 365 1126 1048 2583 1123 315 8307 890 808 2485 104 11474 1962 9512 197 7156 2089 687 613 102 511 186 5067 821 765 218 764 6467 5991 476 5891 979 429 4912 591 4321 874 4950 147 532
internal_count=41351 9544 93 31807 9451 5559 265 9363 202 88 26248 14774 2207 1675 1571 307 258 5294 97 5197 2614 1491 365 1126 1048 2583 1123 315 8307 890 808 2485 104 11474 1962 9512 197 7156 2089 687 613 102 511 186 5067 821 765 218 764 6467 5991 476 5891 979 429 4912 591 4321 874 4950 147 532
is_linear=0
shrinkage=0.1


Tree=38
num_leaves=63
num_cat=0
split_feature=25 34 24 22 21 35 23 9 25 24 21 30 35 26 21 31 0 20 26 35 19 10 22 20 25 16 34 23 1 4 23 28 21 30 28 4 18 1 0 35 26 28 6 35 6 16 19 26 26 24 28 23 4 18 25 35 23 4 35 18 30 24
split_gain=8.19123e+06 6.32714e+06 4.70263e+06 4.44191e+06 9.05949e+06 5.9945e+06 7.35186e+06 4.20128e+06 3.87611e+06 4.39369e+06 8.48945e+06 3.79374e+06 4.82095e+06 3.73998e+06 3.56785e+06 3.54891e+06 3.67013e+06 3.30553e+06 4.05663e+06 4.94754e+06 3.96758e+06 3.51247e+06 3.34173e+06 3.27971e+06 4.01562e+06 3.2775e+06 4.08871e+06 1.61185e+07 3.23187e+06 4.46293e+06 3.42159e+06 3.22779e+06 3.04892e+06 3.27181e+06 3.01027e+06 2.93717e+06 2.81791e+06 2.60511e+06 3.62111e+06 2.5873e+06 3.49419e+06 2.58095e+06 2.55614e+06 2.46418e+06 2.40058e+06 2.38868e+06 2.35806e+06 4.42346e+06 2.69086e+06 2.34092e+06 2.33219e+06 6.518e+06 3.89929e+06 5.30984e+06 4.77518e+06 8.00112e+06 5.48647e+06 4.08758e+06 4.0705e+06 3.67268e+06 2.64406e+06 2.6119e+06
threshold=400.37482142857158 1.0000000180025095e-35 1100.8732142857145 -1696.8382142857138 1736.5514285714287 4624.545000000001 1706.2500000000002 -6387.1899999999987 135.36857142857153 1709.7994642857145 767.99107142857156 29655.000000000004 23937.610000000004 10840.000000000002 1623.9285714285718 3.5000000000000004 24.500000000000004 -1104.3249999999996 2125.0000000000005 33146.460000000006 914.45571428571441 585.00000000000011 448.85178571428577 -1.0000000180025095e-35 295.00732142857152 913.40166666666676 13.500000000000002 1434.1071428571429 4.5000000000000009 13.500000000000002 1534.1071428571429 7285.0000000000009 1483.214285714286 28261.195000000003 39565.000000000007 16.500000000000004 2326.428571428572 2.5000000000000004 13.500000000000002 11527.440000000001 6915.0000000000009 60820.000000000007 180.10000000000002 96433.185000000012 320.56000000000006 511.66666666666674 1223.0592857142858 9686.4000000000015 7665.0000000000009 1375.7291071428574 3905.0000000000005 1.0000000180025095e-35 13.500000000000002 1.0000000180025095e-35 124.7864285714286 13486.200000000003 1434.1071428571429 9.5000000000000018 24726.795000000002 212.14285714285717 4365.0000000000009 1138.9982142857145
decision_type=2 2 2 2 2 2 2 2 2 2 2 2 2 2 2 2 2 2 2 2 2 2 2 2 2 2 2 2 2 2 2 2 2 2 2 2 2 2 2 2 2 2 2 2 2 2 2 2 2 2 2 2 2 2 2 2 2 2 2 2 2 2
left_child=1 2 -1 4 -3 6 -6 34 9 14 -11 32 36 25 50 17 -17 31 19 35 -20 -21 -23 24 -4 43 49 -28 46 30 -30 -2 39 45 -5 -19 -13 38 -22 -12 -41 -33 -36 -10 -25 -34 -7 48 -48 -27 51 -9 53 54 56 -56 57 -52 -59 -54 -61 -53
right_child=15 3 23 7 5 28 -8 8 13 10 11 12 -14 -15 -16 16 -18 18 20 21 37 22 -24 44 -26 26 27 -29 29 -31 -32 41 33 -35 42 -37 -38 -39 -40 40 -42 -43 -44 -45 -46 -47 47 -49 -50 -51 52 61 59 -55 55 -57 -58 58 -60 60 -62 -63
leaf_value=1.71410818972325 -41.349739384732374 46.619826486839948 12.088775423860483 -4.9971681602911477 48.983644781346854 -29.148362170140786 -4.3340437662329663 35.633326533202101 -3.567169460874684 43.290586076305985 30.207818309532229 -5.6888864960391876 -28.308665161949722 -21.353521284325492 -5.560010027189243 30.67225628851946 -2.419344831416399 -8.3890168862442582 12.127680278719684 -7.5630416992902134 11.121088932634905 -44.872972281453492 -17.915228182647038 -3.0409342360449649 42.457179260456606 -1.6758461358575283 -1.4611906112939159 71.727590656637716 -20.622594842466953 38.839223941147843 19.764098511980421 -6.6099784845146177 -15.685519895248678 31.040937020463982 -36.549528299313174 5.3260039486945345 21.966750183261016 -8.9401786901883966 -12.064581538544381 2.1345506736800113 29.51042708806062 -31.704395501597588 -5.9328995894143173 15.192585790367048 9.5169770426575777 3.668448217828546 -2.8905375049081901 -19.501741478732864 28.032044227673072 6.7695013366640513 2.2213205112789995 1.2461642736459184 -4.5656802462765116 -0.62312023306625075 -9.954504682561307 45.386628301069415 -18.190700011481223 7.4365515135497482 28.58502959769767 -1.2311576098690884 3.5507941502099927 10.268773182131335
leaf_weight=2379 44 57 586 306 59 43 46 59 4834 56 78 148 77 100 1065 53 91 380 209 285 202 57 238 267 47 1514 121 40 44 41 40 193 67 42 67 265 49 394 101 179 63 52 46 71 354 1304 70 95 47 419 3061 3245 2766 5972 42 69 114 917 101 5851 1441 356
leaf_count=2379 44 57 586 306 59 43 46 59 4834 56 78 148 77 100 1065 53 91 380 209 285 202 57 238 267 47 1514 121 40 44 41 40 193 67 42 67 265 49 394 101 179 63 52 46 71 354 1304 70 95 47 419 3061 3245 2766 5972 42 69 114 917 101 5851 1441 356
internal_value=-0.00842028 0.353195 4.32628 -0.0570831 8.92534 4.49091 25.6344 -0.197641 -0.0757731 0.468717 4.9046 3.83249 -7.10072 -2.15601 0.10352 -5.48262 9.76659 -6.3902 -5.02891 -8.781 0.0444779 -15.4824 -23.1308 9.28164 14.3468 -1.88157 1.43036 16.7389 -1.35397 11.8151 -1.39046 -16.4253 5.56127 3.56491 -10.1497 -2.75418 1.19373 -3.57935 3.3918 14.3745 9.26597 -11.9415 -24.0943 -3.29547 4.11786 2.72209 -7.81046 -3.47661 9.53798 0.154905 0.354914 2.67871 -0.0633618 1.30665 3.98427 24.4516 3.44216 4.04697 9.53609 -1.46307 -0.286159 2.13828
internal_weight=41379 38815 3633 35182 542 485 105 34640 34221 27122 2063 2007 274 7099 25059 2564 144 2420 2131 1225 906 580 295 1254 633 6999 2094 161 380 125 84 289 1733 1413 419 645 197 697 303 320 242 245 113 4905 621 1371 255 212 117 1933 23994 3660 20334 10276 4304 111 4193 4079 1018 10058 7292 3601
internal_count=41379 38815 3633 35182 542 485 105 34640 34221 27122 2063 2007 274 7099 25059 2564 144 2420 2131 1225 906 580 295 1254 633 6999 2094 161 380 125 84 289 1733 1413 419 645 197 697 303 320 242 245 113 4905 621 1371 255 212 117 1933 23994 3660 20334 10276 4304 111 4193 4079 1018 10058 7292 3601
is_linear=0
shrinkage=0.1


Tree=39
num_leaves=63
num_cat=0
split_feature=30 28 4 4 33 4 28 23 20 34 26 24 0 23 34 28 28 35 4 0 21 28 22 23 0 18 22 16 30 30 29 16 26 23 7 24 24 15 26 24 26 35 22 19 35 33 28 19 0 15 4 18 35 26 26 22 4 18 20 35 21 35
split_gain=5.83303e+06 9.49308e+06 6.26145e+06 6.20901e+06 6.28026e+06 5.7646e+06 5.45964e+06 5.35786e+06 6.9046e+06 5.06794e+06 8.81978e+06 6.81856e+06 4.55803e+06 1.08089e+07 4.44236e+06 4.39457e+06 4.19333e+06 4.0799e+06 6.46461e+06 3.88715e+06 3.63687e+06 3.45585e+06 5.6132e+06 4.47759e+06 4.76337e+06 1.04283e+07 6.29686e+06 3.48681e+06 4.56834e+06 3.80507e+06 5.49901e+06 8.09326e+06 3.715e+06 3.46089e+06 3.36809e+06 3.35695e+06 3.28171e+06 3.84609e+06 3.25068e+06 3.83561e+06 3.12159e+06 5.52648e+06 3.86216e+06 2.99581e+06 2.90571e+06 4.38942e+06 6.84236e+06 2.68753e+06 2.47549e+06 2.31383e+06 3.53507e+06 2.2734e+06 4.90089e+06 4.95972e+06 2.09853e+06 2.21182e+06 2.0904e+06 3.09569e+06 3.00607e+06 6.60004e+06 2.91076e+06 5.67914e+06
threshold=1.0000000180025095e-35 31945.000000000004 16.500000000000004 12.500000000000002 75.906607142857155 29.500000000000004 3025.0000000000005 2477.1428571428573 677.04071428571444 14.500000000000002 2794.4400000000005 1709.7994642857145 14.500000000000002 1201.2500000000002 1.0000000180025095e-35 6595.0000000000009 43870.000000000007 20704.775000000005 29.500000000000004 1.5000000000000002 1833.9285714285718 11585.000000000002 1015.6646428571431 716.607142857143 15.500000000000002 212.14285714285717 -60.714285714285701 690.79166666666686 41665.000000000007 34640.000000000007 40732.455000000009 467.15333333333342 305.00000000000006 405.1785714285715 1015.0000000000001 1578.160535714286 1100.8732142857145 7075.0000000000009 13254.990000000002 1801.2500000000002 1895.0000000000002 14247.855000000001 -470.34214285714285 549.28571428571433 32191.875000000004 674.32964285714297 18035.000000000004 544.88142857142873 9.5000000000000018 1845.0000000000002 27.500000000000004 5257.1428571428578 47885.770000000011 2063.2050000000004 5815.0000000000009 -23.402142857142859 18.500000000000004 2796.428571428572 -2085.6414285714277 10065.760000000002 1674.6428571428573 24443.430000000004
decision_type=2 2 2 2 2 2 2 2 2 2 2 2 2 2 2 2 2 2 2 2 2 2 2 2 2 2 2 2 2 2 2 2 2 2 2 2 2 2 2 2 2 2 2 2 2 2 2 2 2 2 2 2 2 2 2 2 2 2 2 2 2 2
left_child=1 3 -3 4 -1 19 43 12 -9 14 11 16 15 -14 36 17 40 -5 49 -4 35 22 23 -16 25 -25 -26 28 29 30 32 -32 -23 -29 -33 51 -2 47 56 -40 42 -42 -11 -6 -17 46 -46 -38 -24 -19 -51 52 -21 -54 55 -27 57 58 59 -35 -60 -62
right_child=9 2 5 7 6 -7 -8 8 -10 10 -12 -13 13 -15 21 44 -18 18 -20 20 -22 27 48 24 26 54 -28 33 -30 -31 31 34 -34 38 -36 -37 37 -39 39 -41 41 -43 -44 -45 45 -47 -48 -49 -50 50 -52 -53 53 -55 -56 -57 -58 -59 60 -61 61 -63
leaf_value=2.2502005493991954 1.4063997340460581 -37.243329326108345 14.797338793263997 -0.45479831990497455 13.978598032429659 -38.044507775471928 1.3498199863939098 -51.727148313065442 1.9059632555711286 -7.8855215258989864 48.26770732735762 45.784241753005517 -6.5867236366047681 -60.332382619336308 0.1943040428494035 -5.0559004636989258 -27.959860472375539 8.886315321582531 42.638807881400986 -7.769884197757003 -37.190282908291088 -25.023371866327775 -37.593940518386312 -35.765261609001691 58.015006988563499 1.5969503663503497 5.8827150696521455 10.385713547616563 23.426838350260468 -30.276078880035683 51.132256602516144 -14.788678667448048 -2.7880481664336734 38.386138424500643 20.149095737408707 17.543700072905061 -13.929336572953076 -18.575941263730694 -33.493971270306851 -4.8342174665392825 50.2824586808756 -2.2648439138271987 6.3668294287981038 47.269122868772243 -36.668116359819649 28.935041835828379 3.2413908901442379 9.2284070628023347 -7.3715732839496502 9.2298685520901707 -16.900667180556919 -3.5411800241238982 -55.640128091284332 -8.7165688183653227 12.393669899577922 8.9471466621049025 3.5013367430557505 22.514657685476077 -0.020675863289837167 1.81351119653735 -1.3751586488011296 -17.299757390140673
leaf_weight=1871 2548 82 78 4665 43 62 83 49 47 235 49 40 570 40 3348 3121 40 477 49 277 42 76 47 61 40 1011 55 335 67 50 46 60 6287 62 51 52 52 55 56 280 40 40 995 73 47 57 494 1352 64 104 103 407 50 41 430 688 1767 59 6490 241 883 300
leaf_count=1871 2548 82 78 4665 43 62 83 49 47 235 49 40 570 40 3348 3121 40 477 49 277 42 76 47 61 40 1011 55 335 67 50 46 60 6287 62 51 52 52 55 56 280 40 40 995 73 47 57 494 1352 64 104 103 407 50 41 430 688 1767 59 6490 241 883 300
internal_value=0.00537571 -1.74949 -10.6768 -0.930503 4.04683 -8.51606 20.9339 -1.97939 -25.4819 0.810508 6.59207 5.12125 -1.74731 -10.1157 0.500765 -1.18734 3.91476 0.634997 7.5703 -6.58093 -8.50055 -0.037723 2.0846 2.5235 5.93618 4.98487 27.8522 -0.750213 -2.54345 -2.80847 -2.59759 15.8879 -3.05382 0.386209 1.26561 -7.04135 3.57201 7.35385 0.0557357 -9.61513 4.88907 24.0237 3.64361 34.9401 -3.83238 2.55316 -0.228853 8.37024 -20.1796 5.05514 -3.7732 -8.69196 -14.3873 -34.5152 6.15326 4.57355 0.387288 -0.297548 -0.466435 9.30213 -0.852246 -5.41408
internal_weight=41284 12984 1091 11893 2070 1009 199 9823 96 28300 1439 1390 9727 610 26861 9117 1350 5398 733 947 869 22854 5744 5633 2285 2190 95 17110 6637 6570 6520 157 6363 10473 111 827 4007 1459 10138 336 1310 80 1230 116 3719 598 541 1404 111 684 207 775 368 91 2129 1699 9802 8035 7976 303 7673 1183
internal_count=41284 12984 1091 11893 2070 1009 199 9823 96 28300 1439 1390 9727 610 26861 9117 1350 5398 733 947 869 22854 5744 5633 2285 2190 95 17110 6637 6570 6520 157 6363 10473 111 827 4007 1459 10138 336 1310 80 1230 116 3719 598 541 1404 111 684 207 775 368 91 2129 1699 9802 8035 7976 303 7673 1183
is_linear=0
shrinkage=0.1


Tree=40
num_leaves=63
num_cat=0
split_feature=35 25 34 25 30 22 7 25 16 0 23 21 33 23 22 18 18 24 35 7 34 34 29 21 16 28 16 25 23 30 4 25 25 4 18 30 24 28 28 28 28 33 28 35 18 21 25 33 5 0 23 29 18 30 22 30 24 21 25 23 22 28
split_gain=5.42317e+06 1.24918e+07 4.92126e+06 6.17523e+06 7.11448e+06 4.58775e+06 6.00308e+06 6.92557e+06 4.18964e+06 3.91141e+06 3.5745e+06 4.24227e+06 6.0378e+06 3.82253e+06 4.05208e+06 3.56522e+06 6.87432e+06 3.35307e+06 3.06264e+06 3.03069e+06 2.97576e+06 4.35828e+06 3.05729e+06 3.37972e+06 2.95746e+06 4.32173e+06 2.9274e+06 2.90302e+06 2.55954e+06 2.89031e+06 2.53408e+06 2.42522e+06 2.29276e+06 2.48051e+06 4.03977e+06 3.15774e+06 3.98387e+06 4.09599e+06 9.8036e+06 2.97806e+06 1.47005e+07 2.85964e+06 2.61343e+06 2.37709e+06 2.36159e+06 2.25294e+06 2.48282e+06 2.55379e+06 2.19435e+06 2.17994e+06 2.16729e+06 2.15766e+06 2.1441e+06 2.09045e+06 2.0884e+06 2.08832e+06 2.05929e+06 2.22212e+06 2.01688e+06 1.99582e+06 1.95835e+06 3.59333e+06
threshold=1775.6950000000002 -1475.7339285714286 1.0000000180025095e-35 400.37482142857158 25350.000000000004 -881.76964285714268 -699.62499999999989 269.74196428571435 1.0000000180025095e-35 30.500000000000004 711.607142857143 1004.6428571428572 610.78982142857149 1758.0357142857144 -1696.8382142857138 2796.428571428572 3756.428571428572 1306.1733928571432 32643.635000000006 -12235.784999999998 26.500000000000004 9.5000000000000018 13544.990000000002 772.99678571428592 717.87166666666678 29545.000000000004 74.27833333333335 128.76839285714291 1673.7500000000002 15775.000000000002 1.5000000000000002 385.83892857142865 -696.60517857142838 13.500000000000002 1.0000000180025095e-35 2205.0000000000005 230.29964285714289 8835.0000000000018 8125.0000000000009 20765.000000000004 21405.000000000004 89.821428571428584 20465.000000000004 20918.690000000006 1.0000000180025095e-35 1926.7857142857144 -201.83160714285717 476.96428571428578 -839.80999999999983 26.500000000000004 2011.2500000000002 18045.000000000004 642.14285714285722 4365.0000000000009 -440.00357142857138 7955.0000000000009 2834.4642857142858 2877.8571428571436 -103.80035714285712 1008.0357142857143 48.813928571428555 4055.0000000000005
decision_type=2 2 2 2 2 2 2 2 2 2 2 2 2 2 2 2 2 2 2 2 2 2 2 2 2 2 2 2 2 2 2 2 2 2 2 2 2 2 2 2 2 2 2 2 2 2 2 2 2 2 2 2 2 2 2 2 2 2 2 2 2 2
left_child=1 -1 5 8 15 6 7 58 49 19 -3 12 -12 14 -13 18 51 -7 -5 -10 21 53 23 -23 25 32 -16 -8 -27 -30 -19 56 -21 34 35 36 -34 38 -38 42 -41 -37 -39 -42 60 46 47 48 -11 -4 -22 -17 -28 -20 -31 -46 -26 -58 -2 -57 61 -35
right_child=2 10 3 4 -6 17 27 -9 9 45 11 13 -14 -15 26 16 -18 30 20 24 50 22 -24 -25 31 28 52 -29 29 54 -32 -33 33 44 -36 41 37 39 -40 40 43 -43 -44 -45 55 -47 -48 -49 -50 -51 -52 -53 -54 -55 -56 59 57 -59 -60 -61 -62 -63
leaf_value=59.127092059898615 33.763623123076023 1.4951390818565948 -1.0112182393186875 -3.3060199426868744 -47.492687242486511 0.46465724635384442 14.555099236670451 64.898782882976192 -22.763484118205128 32.621789433187885 12.343079664298713 35.389270994184379 53.016601051822796 -22.033500236626352 -21.306219891989876 42.158736314479661 -2.9961053680789949 -15.567937250502849 0.57330567743185579 12.342960360066728 -11.844059733149143 -19.775164180700752 -10.174386152469971 -51.795962971435358 0.62410023541017834 -3.9594385233669076 21.78424585752958 -10.500907979707863 -31.307486420229317 -26.687442264287668 9.4151172482744823 20.857221556067174 1.2404412497369464 6.2916688088014947 -1.2472574647122787 -16.562198792144326 10.43815861159181 5.2685786864943793 56.87913015730129 68.518894338607808 -4.37639421518685 1.6336820600820907 -18.304508904821287 17.693030149783294 -1.0861146710391838 -14.276748128219765 4.2404970131158111 40.676783737201674 6.4341060216726547 -25.558740793467173 15.413713188079171 11.151265113465879 2.7228402199811175 -14.200974878796087 -2.377998225793208 -8.413750480883051 32.965328284390232 0.43635812331852047 5.6882285429921602 11.973915999721248 -2.9361707717756813 -14.855311473208474
leaf_weight=41 41 2054 57 886 40 2682 95 40 60 42 152 47 48 48 40 47 435 43 149 137 55 66 72 66 13981 2030 78 90 73 46 715 60 606 103 3230 96 163 231 63 43 125 857 59 80 7266 43 349 40 134 99 62 43 242 268 152 61 41 43 68 225 1791 365
leaf_count=41 41 2054 57 886 40 2682 95 40 60 42 152 47 48 48 40 47 435 43 149 137 55 66 72 66 13981 2030 78 90 73 46 715 60 606 103 3230 96 163 231 63 43 125 857 59 80 7266 43 349 40 134 99 62 43 242 268 152 61 41 43 68 225 1791 365
internal_value=0.0852708 4.37623 -0.219537 -0.590086 -5.73229 3.211 14.3995 29.3344 -0.246385 -0.168126 3.54651 9.97876 22.1156 4.64205 7.79039 -4.9539 2.20965 2.12448 -7.26971 -0.319159 -12.0277 -14.7838 -26.7599 -35.7992 -0.276944 -1.13426 4.18278 2.36612 -5.17825 -14.3057 7.99693 0.803543 -0.533943 -0.648806 1.04012 4.22054 7.29548 12.0979 23.3938 7.35103 15.3953 -0.200039 0.470329 4.23825 -1.60473 7.77713 9.45669 17.8818 12.691 -16.5927 2.6006 27.3585 7.37175 -8.92247 -8.03098 -0.756178 0.717921 16.3238 16.2594 7.62477 -4.44143 -10.201
internal_weight=41464 2750 38714 34940 2189 3774 334 149 32751 32595 2709 655 200 455 407 2149 525 3440 1624 31987 738 621 204 132 31927 17802 360 185 2301 271 758 14125 15501 15364 5553 2323 1370 764 226 538 248 953 290 205 9811 608 565 216 176 156 117 90 320 417 198 7552 14065 84 109 286 2259 468
internal_count=41464 2750 38714 34940 2189 3774 334 149 32751 32595 2709 655 200 455 407 2149 525 3440 1624 31987 738 621 204 132 31927 17802 360 185 2301 271 758 14125 15501 15364 5553 2323 1370 764 226 538 248 953 290 205 9811 608 565 216 176 156 117 90 320 417 198 7552 14065 84 109 286 2259 468
is_linear=0
shrinkage=0.1


Tree=41
num_leaves=63
num_cat=0
split_feature=25 9 25 35 28 32 34 26 23 20 32 21 24 30 28 23 28 23 35 23 28 24 24 26 25 23 29 35 10 24 30 20 23 21 23 30 4 24 30 0 15 24 5 25 4 4 9 28 13 35 26 35 30 35 19 25 26 16 23 9 4 35
split_gain=5.83972e+06 4.61852e+06 4.48298e+06 1.19503e+07 7.55916e+06 4.90282e+06 4.16042e+06 5.18541e+06 5.06318e+06 4.99179e+06 1.02068e+07 3.82319e+06 3.9045e+06 2.83404e+06 5.26127e+06 3.87781e+06 3.21272e+06 5.12981e+06 3.11549e+06 2.83049e+06 2.80931e+06 4.97074e+06 4.39287e+06 3.86211e+06 3.47995e+06 2.99955e+06 3.28434e+06 2.88658e+06 2.60993e+06 2.36916e+06 3.2703e+06 2.49893e+06 2.77169e+06 2.69351e+06 2.43589e+06 2.26069e+06 7.52867e+06 2.25553e+06 2.25525e+06 2.15509e+06 2.49691e+06 2.19403e+06 2.2449e+06 2.16878e+06 3.29759e+06 7.56039e+06 3.06278e+06 2.97025e+06 2.49448e+06 2.4809e+06 2.048e+06 2.06846e+06 2.90801e+06 6.39527e+06 2.29049e+06 2.80591e+06 2.54056e+06 4.41417e+06 2.25111e+06 3.35324e+06 5.2466e+06 2.04491e+06
threshold=147.65160714285716 -6387.1899999999987 -1249.4976785714282 1.0000000180025095e-35 65425.000000000007 1130.714285714286 1.0000000180025095e-35 13805.000000000002 1497.6785714285718 -948.80714285714282 790.71428571428589 1833.9285714285718 1531.518392857143 655.00000000000011 33725.000000000007 2477.1428571428573 1685.0000000000002 1.0000000180025095e-35 62309.450000000004 1348.0357142857144 48925.000000000007 2115.178571428572 1754.3467857142857 19528.400000000005 -13.440714285714321 1809.1071428571429 48160.000000000007 86917.895000000004 695.00000000000011 1826.964285714286 22345.000000000004 -863.33499999999992 1948.3928571428573 1227.4882142857143 2309.8214285714289 725.00000000000011 13.500000000000002 1306.1733928571432 22075.000000000004 6.5000000000000009 4301.6666666666679 1404.3982142857146 1732.0550000000001 457.18857142857149 12.500000000000002 13.500000000000002 -436.86999999999995 39835.000000000007 341.16000000000003 43789.220000000008 9686.4000000000015 1044.9650000000004 22075.000000000004 21529.980000000003 1.0000000180025095e-35 -293.03785714285709 1582.5650000000003 637.33500000000015 819.46428571428589 -819.7149999999998 11.500000000000002 68200.970000000016
decision_type=2 2 2 2 2 2 2 2 2 2 2 2 2 2 2 2 2 2 2 2 2 2 2 2 2 2 2 2 2 2 2 2 2 2 2 2 2 2 2 2 2 2 2 2 2 2 2 2 2 2 2 2 2 2 2 2 2 2 2 2 2 2
left_child=2 28 3 -1 5 11 8 39 -3 10 -10 12 -5 14 16 20 17 -4 19 -16 22 25 35 27 -23 26 -22 29 -2 30 -24 32 -31 -33 38 36 -15 -11 -34 41 43 -8 -43 -41 46 -46 -45 48 -47 -48 51 58 54 -54 -53 56 57 -56 -37 -60 -61 -57
right_child=1 6 13 4 -6 -7 7 -9 9 37 -12 -13 -14 15 18 -17 -18 -19 -20 -21 21 24 23 -25 -26 -27 -28 -29 -30 31 -32 33 34 -35 -36 50 -38 -39 -40 40 -42 42 -44 44 45 47 49 -49 -50 -51 -52 52 53 -55 55 61 -58 -59 59 60 -62 -63
leaf_value=63.486754207158668 -35.265779503231379 -1.1473863151828578 32.68309506374635 -0.50840122477748662 -33.994575453314859 33.840422362540025 -0.72910449300545399 -36.858871007912818 69.906624340862237 -2.038890910134517 -1.0706501801615076 -24.281179657172924 35.795115638582274 47.891384230424308 -22.250735882304483 28.771454531252097 -1.4452539186288498 2.0669551373493191 -32.716753710831554 0.58508520082485882 -24.998602856951791 -4.7293843948848515 11.59158282604186 -23.052419009413597 18.127078786432453 -32.716451648953843 7.9499652724992265 -15.815384344133935 -8.2160650308893803 6.1965231518655921 41.010923949333801 27.794136345197753 19.673382901062372 1.466197025007161 1.443630002292057 3.3368580725434791 -5.5463850828587002 12.892101909763827 48.277598299520498 -2.5185211440485169 21.024974852935031 4.2585100699379703 27.321426526207372 5.8221126904477245 -45.174982378196958 9.6691824961135779 -14.069365543242348 -17.451767810650619 -7.559003875797405 11.920048353171905 -6.8792818780847114 -18.166656509946968 -0.66717410332395088 -47.338837001386217 6.0610158608180296 0.49994586683914471 3.7973185317093532 40.339090207259005 40.86060638334807 -10.849681864488845 31.240455479940984 10.962113048317129
leaf_weight=40 62 947 56 95 42 72 1510 44 40 169 41 40 43 43 89 51 7291 2319 68 139 59 241 211 43 92 84 62 52 84 269 46 41 77 728 40 887 68 252 43 5380 42 181 55 299 60 106 199 241 405 45 336 63 110 40 114 15860 735 56 41 67 53 189
leaf_count=40 62 947 56 95 42 72 1510 44 40 169 41 40 43 43 89 51 7291 2319 68 139 59 241 211 43 92 84 62 52 84 269 46 41 77 728 40 887 68 252 43 5380 42 181 55 299 60 106 199 241 405 45 336 63 110 40 114 15860 735 56 41 67 53 189
internal_value=0.0246303 -2.05651 0.70476 12.2619 5.23512 11.8312 -1.79907 -2.63726 3.15651 11.2749 34.0013 2.92157 10.8124 0.580013 -0.806922 1.24424 -0.404731 2.78953 -13.9383 -8.3318 1.17652 -5.95504 1.36636 6.48171 1.58707 -18.2038 -8.11951 7.32516 -19.7111 8.1527 16.8643 6.28322 12.3976 2.87162 22.8179 0.941479 15.1669 6.89888 29.9391 -2.46037 -3.26749 0.672411 9.63801 -3.41913 -6.99478 -11.0287 -0.961967 -8.30145 -3.98464 -9.27476 0.85632 0.999032 0.735729 -13.1246 0.857942 0.92869 6.34605 17.3612 5.31189 16.1885 7.74536 0.623187
internal_weight=41257 10162 31095 332 292 250 10016 8567 1449 502 81 178 138 30763 9962 20801 9666 2375 296 228 20750 538 20212 1550 333 205 121 1507 146 1455 257 1198 429 769 160 18662 111 421 120 8523 6777 1746 236 6735 1355 812 543 752 511 244 18551 18215 17167 150 17017 16954 905 170 1048 161 120 16049
internal_count=41257 10162 31095 332 292 250 10016 8567 1449 502 81 178 138 30763 9962 20801 9666 2375 296 228 20750 538 20212 1550 333 205 121 1507 146 1455 257 1198 429 769 160 18662 111 421 120 8523 6777 1746 236 6735 1355 812 543 752 511 244 18551 18215 17167 150 17017 16954 905 170 1048 161 120 16049
is_linear=0
shrinkage=0.1


Tree=42
num_leaves=63
num_cat=0
split_feature=25 31 28 29 23 19 21 17 28 35 33 29 35 30 1 35 24 28 23 20 22 26 23 19 22 10 28 29 28 28 28 35 35 30 32 35 33 28 23 22 31 0 33 30 28 0 24 28 21 28 21 31 25 35 20 5 22 21 16 1 21 30
split_gain=5.30248e+06 3.01737e+06 6.04282e+06 5.26702e+06 4.89413e+06 3.15566e+06 3.26719e+06 2.51461e+06 3.13597e+06 2.51786e+06 4.94641e+06 8.68866e+06 3.5875e+06 2.60037e+06 2.43353e+06 4.27958e+06 2.39771e+06 4.25682e+06 3.6012e+06 2.77316e+06 2.47785e+06 2.38163e+06 3.82493e+06 3.87306e+06 3.35594e+06 4.25997e+06 3.3541e+06 6.7111e+06 6.66455e+06 3.81298e+06 3.19159e+06 2.73835e+06 2.70693e+06 2.9043e+06 2.22096e+06 2.09713e+06 2.0878e+06 1.49496e+07 4.6826e+07 4.57552e+06 3.52874e+06 2.45685e+06 3.02398e+06 6.45749e+06 5.08717e+06 3.20016e+06 3.50314e+06 4.00255e+06 2.49494e+06 2.84209e+06 4.20519e+06 3.47194e+06 4.15179e+06 3.56785e+06 3.35392e+06 2.94602e+06 2.57561e+06 2.31198e+06 2.83832e+06 2.98162e+06 2.5468e+06 2.12886e+06
threshold=354.58410714285719 1.5000000000000002 8695.0000000000018 17392.745000000006 2398.5714285714289 1.0000000180025095e-35 587.92500000000007 1545.0000000000002 34945.000000000007 110465.84000000001 293.03571428571433 12755.000000000002 76700.345000000016 29655.000000000004 3.5000000000000004 51705.185000000005 631.06553571428583 8585.0000000000018 445.1785714285715 -1299.3328571428569 -35.112857142857131 9180.0000000000018 1570.1785714285718 970.71428571428589 517.92571428571421 725.00000000000011 42325.000000000007 3875.0000000000005 41575.000000000007 40860.000000000007 43625.000000000007 96433.185000000012 1907.9200000000003 9087.4350000000013 1337.622142857143 54286.910000000011 72.678571428571445 20765.000000000004 753.39285714285722 -534.14607142857142 2.5000000000000004 19.500000000000004 1074.464285714286 24730.615000000002 52880.000000000007 30.500000000000004 2024.9332142857145 45325.000000000007 490.02464285714291 25525.000000000004 800.34857142857152 4.5000000000000009 -89.307321428571413 5866.1050000000005 -863.33499999999992 -669.43999999999994 -77.880357142857051 1833.9285714285718 2241.6666666666674 2.5000000000000004 1496.0582142857145 9545.0000000000018
decision_type=2 2 2 2 2 2 2 2 2 2 2 2 2 2 2 2 2 2 2 2 2 2 2 2 2 2 2 2 2 2 2 2 2 2 2 2 2 2 2 2 2 2 2 2 2 2 2 2 2 2 2 2 2 2 2 2 2 2 2 2 2 2
left_child=1 2 3 16 5 6 -3 9 -9 12 -11 -12 13 -2 -10 -16 17 -1 -18 -20 -21 22 26 -24 -25 -26 28 35 29 31 -29 32 -4 -34 -23 -28 37 39 -39 -7 -40 -38 44 -44 48 46 47 -45 56 -50 -51 52 61 -54 55 -53 -43 60 -59 -60 -48 -52
right_child=7 4 21 -5 -6 36 -8 8 14 10 11 -13 -14 -15 15 -17 18 -19 19 20 -22 34 23 24 25 -27 27 30 -30 -31 -32 -33 33 -35 -36 -37 41 38 40 -41 -42 42 43 45 -46 -47 57 -49 49 50 51 54 53 -55 -56 -57 -58 58 59 -61 -62 -63
leaf_value=-0.44470602726919761 -4.6634296833094506 3.0995713181729281 6.3699997105419488 37.331748308046038 22.140139087573168 -27.889509803069487 41.104055605160916 12.14442218100551 3.4680327543804403 6.3308208753051245 -65.895397300580825 -7.4643333695345548 12.900246315976251 -29.745692100479545 3.8543285314906228 -36.901399192473804 30.657832023918829 23.827512636909251 -17.946906426537506 0.29925922345432737 5.1666070335936132 -26.384225416034571 -5.2692333899606529 4.3273792588356725 5.6258775131875245 39.378006465460672 18.500190912049835 -55.493583895108372 34.572560268707356 -29.913735637798183 -17.54377581021738 14.830070461219899 -2.6334366030429117 -28.092964387389852 -6.449088504820506 -12.012873377995804 2.3652082006069661 104.65750375512754 -12.170832173342271 -0.27821650432169176 14.050654684491562 23.957806505125649 -38.513450375782249 0.96091521165421989 19.761409637342119 -30.064829970823606 -0.25449813427252421 -40.57698822281283 -2.6529112650453852 8.753638721221753 17.034794089357447 -7.4665109034278334 12.991692952590483 -1.9866345607418301 5.7542932022449591 -39.345527974273274 3.7212732832190074 -11.21501862987162 -7.2431620301730639 20.403757573203023 34.992167059391498 4.2713022925807795
leaf_weight=6637 2433 52 337 40 112 70 40 205 156 59 41 67 116 42 52 51 46 73 65 1988 2207 68 206 239 71 79 45 42 49 50 47 93 8313 45 313 45 6313 58 87 419 125 70 59 49 132 42 40 44 3508 623 158 57 168 2963 58 59 616 145 70 88 42 755
leaf_count=6637 2433 52 337 40 112 70 40 205 156 59 41 67 116 42 52 51 46 73 65 1988 2207 68 206 239 71 79 45 42 49 50 47 93 8313 45 313 45 6313 58 87 419 125 70 59 49 132 42 40 44 3508 623 158 57 168 2963 58 59 616 145 70 88 42 755
internal_value=-0.010028 0.319227 -0.479912 1.133 1.30972 1.17169 19.6367 -3.90544 2.9053 -5.0513 -16.9509 -29.6668 -4.28401 -5.08966 -4.40842 -16.3338 1.00139 -0.180465 2.84304 2.54233 2.86002 -2.25568 -1.94982 5.8168 11.6875 23.4092 -2.45957 -16.0106 -2.18654 -2.39054 -35.4738 -2.23378 -2.41637 -2.77068 -10.0101 3.2454 1.07062 6.19547 25.0803 -4.23321 3.28959 0.828388 -0.167099 -7.17569 0.275609 -3.61669 -1.28988 -18.7026 -0.00918254 -0.485529 1.08506 -0.0476805 0.54751 -1.18275 -13.8769 -23.6908 5.78783 2.91818 -1.11391 8.15667 17.8089 6.48092
internal_weight=41342 38120 21098 11056 17022 16910 92 3222 464 2758 167 108 2591 2475 259 103 11016 6710 4306 4260 4195 10042 9661 595 389 150 9066 179 8887 8838 89 8788 8695 8358 381 90 16818 759 270 489 212 16059 9746 579 9167 520 478 93 9035 8349 4841 4218 4044 3131 174 116 686 385 303 158 82 913
internal_count=41342 38120 21098 11056 17022 16910 92 3222 464 2758 167 108 2591 2475 259 103 11016 6710 4306 4260 4195 10042 9661 595 389 150 9066 179 8887 8838 89 8788 8695 8358 381 90 16818 759 270 489 212 16059 9746 579 9167 520 478 93 9035 8349 4841 4218 4044 3131 174 116 686 385 303 158 82 913
is_linear=0
shrinkage=0.1


Tree=43
num_leaves=63
num_cat=0
split_feature=31 28 28 33 29 29 33 33 28 35 0 28 24 23 19 19 25 18 33 30 30 4 29 33 35 24 31 21 24 21 23 35 35 25 21 24 17 30 33 35 4 34 35 28 23 19 2 25 35 35 28 19 28 29 28 28 0 34 1 23 23 28
split_gain=4.47556e+06 4.80413e+06 5.76461e+06 1.41445e+07 2.12408e+07 5.95233e+06 4.48128e+06 1.16966e+07 5.97738e+06 3.91999e+06 3.26116e+06 3.46463e+06 3.44028e+06 5.3478e+06 3.06306e+06 2.9443e+06 2.77437e+06 2.7422e+06 5.39397e+06 9.77991e+06 2.82982e+07 7.70028e+06 3.86898e+06 4.055e+06 1.09311e+07 3.1133e+06 3.07406e+06 3.17248e+06 3.05363e+06 2.89374e+06 3.1337e+06 2.9881e+06 2.81825e+06 2.78783e+06 2.67432e+06 2.63449e+06 6.5069e+06 1.18218e+07 4.97249e+06 3.7866e+06 3.46488e+06 4.35691e+06 2.83159e+06 2.62537e+06 2.99901e+06 2.56561e+06 2.53296e+06 3.10192e+06 2.50307e+06 6.65237e+06 2.71047e+06 3.40274e+06 2.48339e+06 4.10771e+06 2.4565e+06 2.26484e+06 1.34165e+07 8.61568e+06 8.59345e+06 3.2748e+06 5.84877e+06 2.2579e+06
threshold=2.5000000000000004 21305.000000000004 20765.000000000004 61.250000000000007 11809.840000000002 24015.000000000004 1429.464285714286 1489.8214285714287 54560.000000000007 161154.62500000003 19.500000000000004 43870.000000000007 1907.9301785714288 2188.3928571428573 2226.3407142857145 2595.0000000000005 211.7364285714286 416.4285714285715 975.38107142857154 14335.000000000002 13435.000000000002 2.5000000000000004 30265.000000000004 798.52232142857156 9961.6550000000007 1514.1071428571429 3.5000000000000004 1483.214285714286 1776.839285714286 1378.681785714286 1348.0357142857144 86917.895000000004 51705.185000000005 -162.97946428571427 1536.7857142857144 1075.8146428571433 -1329.9016666666664 5405.0000000000009 366.60714285714295 45003.415000000008 16.500000000000004 5.5000000000000009 110465.84000000001 41110.000000000007 1181.2500000000002 857.44428571428591 1.0000000180025095e-35 -993.66624999999988 36682.645000000011 23482.060000000001 54560.000000000007 2190.7142857142862 11585.000000000002 10111.130000000003 39835.000000000007 2275.0000000000005 15.500000000000002 25.500000000000004 4.5000000000000009 1434.1071428571429 1873.3928571428576 20765.000000000004
decision_type=2 2 2 2 2 2 2 2 2 2 2 2 2 2 2 2 2 2 2 2 2 2 2 2 2 2 2 2 2 2 2 2 2 2 2 2 2 2 2 2 2 2 2 2 2 2 2 2 2 2 2 2 2 2 2 2 2 2 2 2 2 2
left_child=1 2 5 4 -4 9 10 -8 46 52 11 43 17 14 -14 -10 -3 18 19 20 29 -20 -21 25 -25 -24 27 -19 -28 31 -31 32 61 -29 35 38 37 -37 42 -40 41 -38 -18 44 -2 -46 47 -9 49 50 -15 -52 53 -1 -36 56 58 -58 -55 -59 -61 -12
right_child=6 16 3 -5 -6 -7 7 8 15 -11 12 -13 13 48 -16 -17 34 26 21 22 -22 -23 23 24 -26 -27 28 33 -30 30 -32 -33 -34 -35 54 36 40 -39 39 -41 -42 -43 -44 -45 45 -47 -48 -49 -50 -51 51 -53 -54 55 -56 -57 57 59 -60 60 -62 -63
leaf_value=0.036974103094182219 0.62862066850685483 -1.3284136698426128 3.3762111837368374 0.50621065733175896 95.617830920986819 26.894520715647253 48.960153101800955 -14.245285377732456 -33.56244581788323 -23.879326175702474 -3.6195961440420299 25.598080450650087 -8.4955747025686055 -9.5421810517554899 -31.855323057732306 0.43401498138398975 -5.2325912778744659 -0.86622947447519205 57.22925244838364 -38.147500677029392 83.313025538802279 -0.93532015979613592 -6.1968771173649282 8.8414219650136641 -55.669902264364033 16.720644439656606 2.2313633471115426 11.630196843344244 22.862191013079499 -22.464222161759039 10.739625020932147 31.479316668559154 -19.032167573943024 -13.045242860777581 -4.1986182678906925 66.07628955144105 6.8783171492580237 -2.0711922403061065 -13.699929143557311 -49.757512575261465 5.3638492168722678 -16.329860488702018 14.630172676376151 -18.492476486552142 24.234809469974145 7.1492490306051053 28.984836405741159 15.183693868683955 25.050657710507426 -30.594700351684466 42.421473312497 1.18504346640369 -1.8634494112888758 -9.1382313619470192 -20.422532403364801 7.0589180796918569 49.689001697556165 -7.0043140985474173 -61.40358611947039 43.433762386127363 -2.9997289820749775 7.7856796419613126
leaf_weight=14077 800 7039 56 264 45 82 71 51 49 69 208 80 128 42 100 53 1644 2723 45 42 47 46 282 52 53 75 1629 52 75 77 45 44 47 381 175 41 118 67 107 40 302 257 75 49 100 724 70 120 42 56 40 40 5417 95 200 1387 48 136 47 46 66 1048
leaf_count=14077 800 7039 56 264 45 82 71 51 49 69 208 80 128 42 100 53 1644 2723 45 42 47 46 282 52 53 75 1629 52 75 77 45 44 47 381 175 41 118 67 107 40 302 257 75 49 100 724 70 120 42 56 40 40 5417 95 200 1387 48 136 47 46 66 1048
internal_value=-0.040116 -0.609489 0.223698 12.6845 44.501 0.0118287 1.85462 12.0309 4.38057 -0.0912999 1.39523 5.2743 0.478627 -8.01527 -18.7458 -15.906 -2.417 1.02455 4.03388 2.96062 6.97256 27.843 -9.10652 -6.46257 -23.7324 -1.38059 -0.282611 -2.13061 3.14006 4.52733 -10.2175 5.86312 4.99693 -10.0809 -4.94916 -3.8309 1.02937 23.8182 -5.87552 -23.5251 -2.60755 -9.02706 -4.36558 4.30171 4.99002 9.22409 12.9681 6.405 3.1072 -2.07602 11.0216 21.8169 -0.0142528 0.615678 -12.853 5.07934 -1.18941 10.9326 -26.4529 3.42288 16.082 5.89683
internal_weight=41486 31900 21835 365 101 21470 9586 414 343 21388 9172 1753 7419 448 228 102 10065 6971 2111 2020 1516 91 504 462 105 357 4860 3156 1704 1469 122 1347 1303 433 3026 2651 785 108 1866 147 677 375 1719 1673 1624 824 241 171 220 178 122 80 21319 15902 375 1825 438 296 142 248 112 1256
internal_count=41486 31900 21835 365 101 21470 9586 414 343 21388 9172 1753 7419 448 228 102 10065 6971 2111 2020 1516 91 504 462 105 357 4860 3156 1704 1469 122 1347 1303 433 3026 2651 785 108 1866 147 677 375 1719 1673 1624 824 241 171 220 178 122 80 21319 15902 375 1825 438 296 142 248 112 1256
is_linear=0
shrinkage=0.1


Tree=44
num_leaves=63
num_cat=0
split_feature=25 26 9 32 35 33 26 25 9 31 26 18 22 35 30 30 30 15 35 18 28 32 33 23 23 19 4 22 21 24 28 32 33 24 4 25 30 18 22 33 35 28 31 21 21 19 4 6 30 19 21 21 26 35 26 35 10 33 23 23 4 24
split_gain=4.29289e+06 5.03349e+06 3.87562e+06 4.06295e+06 7.31621e+06 4.57781e+06 8.36831e+06 3.83258e+06 7.22126e+06 5.30444e+06 3.72019e+06 4.92542e+06 5.61802e+06 3.61411e+06 3.35634e+06 9.7017e+06 7.75393e+06 3.30047e+06 2.94624e+06 2.94238e+06 4.02862e+06 3.81168e+06 2.385e+06 3.00992e+06 1.23448e+07 2.88893e+06 2.72997e+06 7.25023e+06 3.39162e+06 2.72006e+06 2.33462e+06 2.01941e+06 2.08676e+06 3.14702e+06 1.985e+06 2.31621e+06 2.24114e+06 2.04418e+06 1.9746e+06 5.92786e+06 4.58689e+06 3.62436e+06 2.1834e+06 2.17964e+06 1.94109e+06 1.91404e+06 3.2826e+06 2.99523e+06 1.90548e+06 1.85561e+06 1.8017e+06 1.7824e+06 1.86358e+06 2.38041e+06 1.99571e+06 1.78194e+06 2.1001e+06 2.305e+06 1.84279e+06 1.7697e+06 1.73317e+06 6.21709e+06
threshold=78.833214285714305 10840.000000000002 -6387.1899999999987 1197.8571428571431 10158.590000000002 823.03571428571433 7825.0000000000009 -1475.7339285714286 -689.89499999999987 3.5000000000000004 5962.4600000000009 1989.2857142857144 -1432.0046428571427 22401.800000000003 8430.0000000000018 8745.0000000000018 8575.0000000000018 3628.3333333333335 26690.895000000004 2053.5714285714289 46615.000000000007 1553.5714285714287 714.46428571428589 1809.1071428571429 1793.7500000000002 544.88142857142873 12.500000000000002 305.66928571428576 752.17035714285726 1562.3214285714287 11755.000000000002 1262.1428571428573 591.25000000000011 1853.0357142857144 8.5000000000000018 373.61000000000007 10061.740000000002 1043.5714285714287 -1058.5242857142855 253.77428571428572 57453.030000000006 43280.000000000007 4.5000000000000009 3102.5000000000005 2439.2857142857147 2679.2857142857147 14.500000000000002 -718.2349999999999 8942.510000000002 735.00000000000011 1389.319642857143 844.38892857142878 4655.0000000000009 35298.930000000008 2675.0000000000005 19447.285000000003 570.63000000000011 1210.5591071428573 2079.4642857142862 1423.3928571428576 18.500000000000004 1179.3683928571431
decision_type=2 2 2 2 2 2 2 2 2 2 2 2 2 2 2 2 2 2 2 2 2 2 2 2 2 2 2 2 2 2 2 2 2 2 2 2 2 2 2 2 2 2 2 2 2 2 2 2 2 2 2 2 2 2 2 2 2 2 2 2 2 2
left_child=7 2 13 5 -5 10 17 8 -1 -10 14 12 -12 -2 22 16 -16 55 -6 20 -3 -21 23 24 60 -25 28 -28 -27 -24 -29 -20 -33 -34 48 36 -36 59 39 -9 42 -42 45 -40 -23 -41 47 -47 -17 -32 -13 -50 53 -53 -55 58 -57 -58 -7 -38 61 -4
right_child=1 19 3 4 18 6 -8 38 9 -11 11 50 -14 -15 15 34 -18 -19 31 21 -22 44 29 25 -26 26 27 30 -30 -31 49 32 33 -35 35 -37 37 -39 43 40 41 -43 -44 -45 -46 46 -48 -49 51 -51 -52 52 -54 54 -56 56 57 -59 -60 -61 -62 -63
leaf_value=-8.0756440037828696 1.4820025209928236 -10.25779034061809 -2.1764845744207677 48.151992621172077 -3.6322632948784559 -0.68400653024282265 44.249628398336938 26.281921311565299 55.964246747449387 8.280528621695737 -34.245134106568351 -36.133097855376654 -1.3746142412285902 -28.266085709243466 2.7724605854286173 -20.775265655051385 61.046187272581555 30.559501926036475 27.712812482784631 -31.285324504499613 -52.94096919465153 -6.9866721532568796 24.151352059849103 -33.20528718986877 53.829943970526656 29.395146868083067 -47.821420544913117 -21.366679707029263 -6.0348457545992993 -4.1503311194113239 17.829524789242846 19.829822602726907 -11.702709526881485 22.169005238488971 -0.35457422848775005 -4.5083706561495385 39.24790854934848 8.6291796073554519 0.53375446595884413 3.1797790430190145 -40.002261695905126 0.80919505483735876 -13.145504430893974 -15.229132663059616 20.277173853575366 41.18518421578473 -3.2428396344780497 9.5855548437033349 6.4208428383192446 -5.3307269478995938 -14.539077076920051 -7.406483472566153 5.473856983283885 26.746670007884287 -4.1017089506012905 11.869757919131223 -2.9648793512021849 -29.293358285358636 27.783125409094893 12.382564679261186 -0.37529454612400726 -16.813905803802324
leaf_weight=71 69 48 5951 41 245 47 57 112 51 43 57 69 587 100 42 47 50 41 60 47 41 75 75 47 40 40 48 69 83 62 45 77 87 40 129 144 54 154 23609 1145 44 43 72 88 40 55 70 66 299 149 88 583 220 40 44 74 196 40 44 45 4876 305
leaf_count=71 69 48 5951 41 245 47 57 112 51 43 57 69 587 100 42 47 50 41 60 47 41 75 75 47 40 40 48 69 83 62 45 77 87 40 129 144 54 154 23609 1145 44 43 72 88 40 55 70 66 299 149 88 583 220 40 44 74 196 40 44 45 4876 305
internal_value=-0.00074264 -1.2894 -1.06419 -0.899849 7.54067 -1.21058 8.20572 0.804306 15.9932 34.1675 -1.53596 -8.15907 -4.2864 -16.1235 -1.14702 2.81173 34.459 3.55303 4.26501 -15.337 -29.9396 -7.30777 -1.76855 -1.92278 -1.58928 -9.66791 -7.11539 -12.1026 5.49433 11.3464 -5.57572 11.5932 6.84654 -1.02989 1.15556 6.29849 10.3723 15.8408 0.705232 4.09739 2.43458 -19.8421 3.81171 0.475186 2.50105 4.72604 13.9922 23.9601 -1.03858 0.0446804 -24.038 -0.255589 -2.5064 -5.13878 10.5951 0.788296 -2.82376 -7.43261 13.088 27.0489 -1.78866 -2.89024
internal_weight=41380 15911 15660 15491 550 14941 499 25469 165 94 14442 801 644 169 13641 1851 92 442 509 251 89 162 11790 11653 11172 481 434 311 123 137 263 264 204 127 1759 526 382 253 25304 1607 1495 87 1408 23697 115 1336 191 121 1233 194 157 1186 887 667 84 401 310 236 91 99 11132 6256
internal_count=41380 15911 15660 15491 550 14941 499 25469 165 94 14442 801 644 169 13641 1851 92 442 509 251 89 162 11790 11653 11172 481 434 311 123 137 263 264 204 127 1759 526 382 253 25304 1607 1495 87 1408 23697 115 1336 191 121 1233 194 157 1186 887 667 84 401 310 236 91 99 11132 6256
is_linear=0
shrinkage=0.1


Tree=45
num_leaves=63
num_cat=0
split_feature=25 13 22 4 4 30 19 34 28 19 21 32 26 25 19 35 22 34 4 26 26 35 32 28 22 32 35 24 32 25 32 28 24 5 23 25 19 21 30 35 29 23 30 22 7 25 23 25 23 30 35 23 32 35 18 29 26 19 22 31 26 25
split_gain=5.79876e+06 1.08788e+07 3.96823e+06 1.12348e+07 1.19638e+07 8.41789e+06 1.47289e+07 3.63598e+06 4.45833e+06 5.16094e+06 3.85801e+06 3.03515e+06 3.02909e+06 2.89076e+06 4.65386e+06 4.0082e+06 5.26487e+06 2.41187e+06 2.31005e+06 2.1299e+06 3.36159e+06 6.78364e+06 3.20692e+06 2.85942e+06 3.05618e+06 2.35354e+06 2.32046e+06 2.75626e+06 3.10044e+06 6.86628e+06 2.8585e+06 4.41948e+06 3.32133e+06 2.32673e+06 2.32028e+06 2.2099e+06 2.4989e+06 2.16858e+06 2.12994e+06 4.21349e+06 2.11434e+06 2.08461e+06 2.39995e+06 2.04403e+06 3.875e+06 6.55065e+06 2.08948e+06 2.03301e+06 3.4536e+06 3.52802e+06 4.7609e+06 3.2222e+06 2.77683e+06 2.69164e+06 2.86749e+06 2.9738e+06 2.63794e+06 3.6001e+06 2.38497e+06 2.11973e+06 3.36564e+06 2.76439e+06
threshold=-1475.7339285714286 222.83500000000001 -1696.8382142857138 14.500000000000002 13.500000000000002 14865.000000000002 1982.1428571428573 1.0000000180025095e-35 29545.000000000004 633.4100000000002 1536.7857142857144 577.60785714285726 8715.0000000000018 -308.05303571428573 198.99285714285719 13260.010000000002 -688.00428571428563 9.5000000000000018 29.500000000000004 1835.0000000000002 2345.0000000000005 62309.450000000004 233.57142857142858 39835.000000000007 -675.90999999999985 150.71428571428575 39839.365000000013 991.08714285714302 469.28571428571433 310.54607142857145 505.00000000000006 36245.000000000007 1172.3214285714287 -589.52499999999986 1570.1785714285718 33.216964285714305 1404.4864285714286 1446.0314285714287 7345.0000000000009 21975.265000000003 24295.885000000006 2079.4642857142862 2915.0000000000005 -862.2032142857139 -708.67999999999984 223.82410714285706 1308.3928571428576 288.08267857142857 2188.3928571428573 24050.000000000004 25510.795000000002 1278.7500000000002 1725.6078571428573 34124.030000000006 2253.5714285714289 56575.000000000007 7945.0000000000009 2753.5714285714289 428.26964285714297 3.5000000000000004 8085.0000000000009 -214.52517857142854
decision_type=2 2 2 2 2 2 2 2 2 2 2 2 2 2 2 2 2 2 2 2 2 2 2 2 2 2 2 2 2 2 2 2 2 2 2 2 2 2 2 2 2 2 2 2 2 2 2 2 2 2 2 2 2 2 2 2 2 2 2 2 2 2
left_child=1 -1 3 4 5 6 -2 43 40 13 12 -3 18 14 -10 16 -15 47 19 23 21 22 25 24 -11 34 27 38 29 -29 31 -30 -32 -34 -21 37 -37 -35 -22 -40 -9 42 -42 44 45 -4 -46 48 49 51 -51 52 -12 54 55 -50 58 -58 -49 61 -61 -53
right_child=2 11 7 -5 -6 -7 -8 8 9 10 17 -13 -14 15 -16 -17 -18 -19 -20 20 26 -23 -24 -25 -26 -27 -28 28 30 -31 32 -33 33 35 -36 36 -38 -39 39 -41 41 -43 -44 -45 46 -47 -48 56 53 50 -52 59 -54 -55 -56 -57 57 -59 -60 60 -62 -63
leaf_value=62.684464072954363 -4.0009562708186817 -18.817411880397916 7.0945078734625389 -33.560900428108269 59.304623359352448 1.2407985702804218 74.32998689495416 -0.022866149857860951 -50.27406570487738 31.002727116689751 -7.8901606196603442 14.570187614301879 13.030532850858913 38.36944855679797 -7.6081165462141476 -9.7485421914029189 -10.087740570052482 -18.164143324862543 -21.78154697322941 0.73589858885886494 -3.8026416351107475 -43.292000185538676 18.562458878656329 -4.5707081197465529 6.6684698624508743 -28.832702011918187 5.054050005963278 2.654940384474247 0.3548280667464635 37.699586761593331 -8.2676175692457861 -41.053261117803437 8.4961188828217864 0.42276989833652856 -21.507666218501733 6.4734302852300516 -14.360635874685739 23.844308710644079 -5.9609024183609343 -41.566180788339324 19.359291287932209 19.331129993795301 1.7985719190368439 2.0980272028404818 10.670310095940211 54.028879798481185 -10.717181244919317 -14.874267888002969 3.518953057179484 -7.9383519348926548 -38.767754824980699 8.0183596295523607 -36.306454199965245 28.254038692041689 11.678347749092563 -28.550100464775262 -38.905988803259994 -5.4867350364279694 10.224486087024591 1.3179368562076472 30.805856928610098 -5.9700279459536212
leaf_weight=42 49 40 84 58 50 381 47 27715 43 64 157 85 174 42 63 780 48 131 50 192 378 52 51 170 266 48 728 664 57 61 443 47 363 223 62 82 193 48 99 50 84 85 1051 3698 103 46 82 81 75 218 65 186 44 48 154 47 66 63 71 151 52 587
leaf_count=42 49 40 84 58 50 381 47 27715 43 64 157 85 174 42 63 780 48 131 50 192 378 52 51 170 266 48 728 664 57 61 443 47 363 223 62 82 193 48 99 50 84 85 1051 3698 103 46 82 81 75 218 65 186 44 48 154 47 66 63 71 151 52 587
internal_value=0.0919039 18.6857 0.0166412 8.19378 12.7919 7.91067 34.3672 -0.100946 -0.413671 -2.54594 -1.56462 3.88286 0.0922016 -9.34341 -24.9316 -7.44283 12.5343 -5.0087 -0.420641 -0.174355 -0.973565 -9.58985 -4.61978 5.96465 11.3918 -8.53711 0.0421567 -1.30527 0.263022 5.60593 -2.39752 -18.3691 -1.1683 2.29181 -4.69678 -1.83343 -8.14823 4.57489 -7.79511 -17.919 0.156486 4.2307 3.09902 2.7568 10.489 23.7165 1.19009 -4.17372 -2.92825 -5.00094 -15.0249 -2.59022 -14.1181 6.41097 2.60773 -8.84211 -12.079 -22.5934 -3.15097 -0.215517 8.87724 -2.60382
internal_weight=41437 167 41270 585 527 477 96 40685 36672 7737 6761 125 4565 976 106 870 90 2196 4391 4341 3841 405 353 500 330 302 3436 2708 2181 725 1456 104 1352 909 254 546 275 271 527 149 28935 1220 1135 4013 315 130 185 2065 1784 1460 283 1177 201 324 276 122 281 129 152 976 203 773
internal_count=41437 167 41270 585 527 477 96 40685 36672 7737 6761 125 4565 976 106 870 90 2196 4391 4341 3841 405 353 500 330 302 3436 2708 2181 725 1456 104 1352 909 254 546 275 271 527 149 28935 1220 1135 4013 315 130 185 2065 1784 1460 283 1177 201 324 276 122 281 129 152 976 203 773
is_linear=0
shrinkage=0.1


Tree=46
num_leaves=63
num_cat=0
split_feature=22 21 0 0 29 35 29 30 35 35 35 30 28 21 22 20 22 28 1 22 29 28 26 35 33 35 29 28 33 35 22 35 35 33 19 30 28 31 30 0 28 26 17 24 24 21 30 29 33 35 24 29 24 24 0 29 23 15 22 29 28 35
split_gain=3.64549e+06 4.29618e+06 4.2312e+06 1.3358e+07 7.34517e+06 3.96472e+06 1.60276e+07 3.4349e+06 3.30645e+06 3.96781e+06 6.29848e+06 2.73882e+06 5.9109e+06 4.02862e+06 3.47695e+06 3.10521e+06 3.2702e+06 2.82535e+06 7.17824e+06 7.74948e+06 4.09141e+06 3.91051e+06 3.82758e+06 2.95257e+06 2.81753e+06 2.69425e+06 4.37303e+06 3.70269e+06 2.57453e+06 4.22377e+06 7.05834e+06 4.23057e+06 4.0329e+06 3.47102e+06 3.26839e+06 2.4585e+06 2.5038e+06 2.40538e+06 3.8057e+06 4.44246e+06 2.69982e+06 2.51097e+06 7.2687e+06 8.86611e+06 2.40444e+06 2.61555e+06 4.07344e+06 4.26079e+06 2.53394e+06 4.04488e+06 2.54768e+06 2.40312e+06 2.32722e+06 2.20577e+06 3.001e+06 7.54038e+06 5.58613e+06 2.28968e+06 3.22976e+06 2.0464e+06 2.21431e+06 2.02992e+06
threshold=-1696.8382142857138 1736.5514285714287 16.500000000000004 17.500000000000004 26823.835000000003 1.0000000180025095e-35 40732.455000000009 14865.000000000002 11527.440000000001 35985.255000000005 110465.84000000001 1.0000000180025095e-35 6595.0000000000009 2205.4039285714289 -1058.5242857142855 -877.08714285714245 -242.14357142857148 1.0000000180025095e-35 1.0000000180025095e-35 -162.94249999999997 5522.3200000000006 11585.000000000002 305.00000000000006 13979.770000000002 1328.5714285714287 76700.345000000016 26173.150000000005 45920.000000000007 281.96428571428578 76700.345000000016 1769.3750000000005 62309.450000000004 54286.910000000011 353.34410714285724 337.68857142857149 19265.000000000004 51315.000000000007 1.5000000000000002 10465.000000000002 11.500000000000002 31265.000000000004 3585.0000000000005 -1278.843333333333 919.74714285714288 2347.3214285714289 2613.2142857142858 23485.000000000004 48160.000000000007 1489.8214285714287 17614.795000000002 2614.5955357142861 20645.000000000004 1222.1482142857146 678.28875000000005 15.500000000000002 7953.2750000000005 1570.1785714285718 161.66666666666671 -623.6039285714287 10444.200000000003 3745.0000000000005 8649.4200000000001
decision_type=2 2 2 2 2 2 2 2 2 2 2 2 2 2 2 2 2 2 2 2 2 2 2 2 2 2 2 2 2 2 2 2 2 2 2 2 2 2 2 2 2 2 2 2 2 2 2 2 2 2 2 2 2 2 2 2 2 2 2 2 2 2
left_child=1 -1 4 -4 -3 6 -2 -5 35 -10 -11 12 14 28 -7 16 -16 18 19 -13 -20 23 -23 59 61 37 -27 -28 34 31 -31 32 33 52 -14 -9 -37 38 39 -24 51 42 43 -41 45 -39 -47 -48 49 -46 -50 -40 -30 54 55 -17 -56 -55 -59 60 -19 -22
right_child=5 2 3 7 -6 11 -8 8 9 10 -12 17 13 -15 15 53 -18 21 20 -21 24 22 25 -25 -26 26 27 -29 29 30 -32 -33 -34 -35 -36 36 -38 44 40 41 -42 -43 -44 -45 48 46 47 -49 50 -51 -52 -53 -54 57 56 -57 -58 58 -60 -61 -62 -63
leaf_value=30.541065172373962 3.0335745820453339 14.22468184196989 63.571883367569413 24.833676368877541 -41.707435598577575 29.601711215577964 63.373787631254174 -31.874568462258438 19.951436604119287 -26.89327347412836 21.456640589908641 52.165966255864262 -6.6993377842359045 -28.449944563337148 -23.758979570119493 -1.4537204104791717 8.3000027684513054 7.183893689646883 -1.1338723637311596 -7.9898129681163716 -6.6967248535609842 -17.624354618884706 1.7457908572142022 7.9367169919591323 -3.8655525647586395 12.289993751886152 -30.431823022024975 10.36831076213632 -10.969633355370581 1.4686601181123204 -56.182701793241996 19.865784114093465 -36.038503835680224 -2.9332186444710064 -0.50928852232534161 7.2645867047381989 -22.484998466330818 0.24410367537343447 -18.500268911384218 -4.1452972469877114 -29.095887165946898 -10.517969090322499 -4.3425367529196892 59.88305606008619 2.8356649372960256 10.626887782345102 -42.890131604020851 -6.1573205319617159 -8.259531832111513 45.267651460893489 13.301864356130986 13.468390101666282 -35.064670918810783 9.5891380501031325 2.4037559691735 -41.775041189406558 34.898141367875716 -21.959417221239914 2.4484831214285592 5.9759399272734042 0.11840536160748272 -31.596114569852428
leaf_weight=71 525 45 40 64 49 41 48 42 122 63 47 40 1157 65 103 3254 46 496 219 46 42 126 1952 884 81 367 50 40 365 41 44 63 45 1176 3246 76 45 14733 55 47 88 567 1641 40 47 57 54 76 103 43 117 41 45 461 943 47 56 56 1655 941 4192 149
leaf_count=71 525 45 40 64 49 41 48 42 122 63 47 40 1157 65 103 3254 46 496 219 46 42 126 1952 884 81 367 50 40 365 41 44 63 45 1176 3246 76 45 14733 55 47 88 567 1641 40 47 57 54 76 103 43 117 41 45 461 943 47 56 56 1655 941 4192 149
internal_value=-0.0463031 7.30346 4.51886 8.18523 -14.938 -0.165879 8.09335 3.3521 -0.131151 7.53711 -6.23427 -0.283488 -1.48393 -3.69369 0.588186 0.408299 -13.8621 0.283444 -6.63959 20.0036 -11.3078 0.432748 -0.252963 2.56409 -19.4976 -0.144121 7.44597 -12.3027 -3.43316 -6.64361 -28.3898 -5.55163 -6.53401 -5.69575 -2.13594 -11.0445 -3.80398 -0.320564 -2.37119 -1.76108 -16.4491 -4.7438 -2.8489 25.3105 0.276047 0.0949176 -11.6558 -21.4262 8.99221 23.1227 3.2076 -4.84703 -13.6182 0.736941 -0.57513 -2.02845 4.22692 3.33446 1.64901 1.72029 0.866018 -26.1241
internal_weight=41480 664 593 499 94 40816 573 459 395 232 110 40243 12909 6247 6662 6621 149 27334 577 86 491 26757 20244 6513 272 20118 457 90 6182 1779 85 1694 1631 1586 4403 163 121 19661 4431 4247 184 2295 1728 87 15230 14920 187 130 310 90 220 96 410 6472 4300 3301 999 2172 1711 5629 4688 191
internal_count=41480 664 593 499 94 40816 573 459 395 232 110 40243 12909 6247 6662 6621 149 27334 577 86 491 26757 20244 6513 272 20118 457 90 6182 1779 85 1694 1631 1586 4403 163 121 19661 4431 4247 184 2295 1728 87 15230 14920 187 130 310 90 220 96 410 6472 4300 3301 999 2172 1711 5629 4688 191
is_linear=0
shrinkage=0.1


Tree=47
num_leaves=63
num_cat=0
split_feature=25 21 31 28 21 33 22 4 25 21 28 25 30 21 30 4 23 23 30 26 21 33 34 33 32 23 33 26 23 34 33 23 5 26 26 21 20 0 18 30 30 35 31 23 23 35 20 20 25 35 33 26 6 33 23 25 35 30 26 23 12 31
split_gain=3.23918e+06 3.58681e+06 2.59598e+06 4.36233e+06 3.93634e+06 3.70288e+06 3.17673e+06 2.85524e+06 3.19769e+06 3.09406e+06 4.21485e+06 1.43326e+07 2.58766e+06 4.08741e+06 2.72916e+06 2.68184e+06 2.65848e+06 2.45229e+06 2.75889e+06 2.34876e+06 2.22221e+06 4.51853e+06 2.15266e+06 1.12383e+07 2.1393e+06 2.11126e+06 2.61223e+06 2.09632e+06 1.9433e+06 1.92256e+06 1.912e+06 2.2248e+06 2.48183e+06 2.02873e+06 1.88061e+06 3.61038e+06 3.55854e+06 1.85483e+06 3.00681e+06 3.9566e+06 1.21907e+07 7.11404e+06 3.37154e+06 3.26483e+06 7.19595e+06 5.47333e+06 7.02083e+06 2.81766e+06 2.79496e+06 3.06902e+06 3.04272e+06 2.51618e+06 3.5622e+06 3.98633e+06 3.95258e+06 2.29677e+06 2.22068e+06 4.85167e+06 3.94997e+06 3.89882e+06 3.09394e+06 2.93631e+06
threshold=624.94035714285724 1926.7857142857144 1.5000000000000002 8945.0000000000018 252.50000000000003 1877.3214285714287 -1058.5242857142855 18.500000000000004 415.6653571428572 1276.7857142857144 41575.000000000007 281.18107142857156 265.00000000000006 1311.6042857142859 10665.000000000002 24.500000000000004 1809.1071428571429 1570.1785714285718 5023.2050000000008 1.0000000180025095e-35 1894.4660714285717 681.36339285714291 14.500000000000002 100.89285714285715 2368.5714285714289 1740.5357142857144 358.39285714285717 495.00000000000006 1833.7500000000002 17.500000000000004 758.75000000000011 1301.6071428571429 -1059.8999999999999 6275.0000000000009 2125.0000000000005 900.07464285714298 -745.65857142857124 18.500000000000004 416.4285714285715 14335.000000000002 13883.835000000001 110465.84000000001 3.5000000000000004 1833.7500000000002 1758.0357142857144 18321.685000000001 -1185.5849999999998 -1081.885 -993.66624999999988 4460.2900000000009 681.36339285714291 7825.0000000000009 1705.0000000000002 1180.1785714285718 1717.3214285714287 253.94375000000005 20060.585000000003 12835.000000000002 5555.0000000000009 1319.1071428571429 405.00000000000006 2.5000000000000004
decision_type=2 2 2 2 2 2 2 2 2 2 2 2 2 2 2 2 2 2 2 2 2 2 2 2 2 2 2 2 2 2 2 2 2 2 2 2 2 2 2 2 2 2 2 2 2 2 2 2 2 2 2 2 2 2 2 2 2 2 2 2 2 2
left_child=2 30 3 6 -4 19 -1 8 9 10 -5 -12 13 27 17 -15 -16 -14 -19 -6 21 -17 37 -24 -7 26 -10 -9 -11 -25 31 -2 -33 34 36 -36 -34 -21 39 40 56 43 55 44 45 48 -47 -44 49 -41 -50 -49 53 54 -53 -40 57 58 61 -60 -58 -39
right_child=1 -3 4 7 5 24 -8 12 25 28 11 -13 14 15 16 20 -18 18 -20 22 -22 -23 23 29 -26 -27 -28 -29 -30 -31 -32 32 33 -35 35 -37 -38 38 42 41 -42 -43 47 -45 -46 46 -48 51 50 -51 -52 52 -54 -55 -56 -57 60 -59 59 -61 -62 -63
leaf_value=22.984866907148046 11.318246978368517 -28.47842712833426 31.989800845110178 -3.0362750583926839 21.11508904071778 4.5908873907702645 0.65342954363171113 -9.9326117259041471 -13.601708800713503 -19.206219237813766 -19.487418259549223 61.269467111178166 1.1940591256890942 -19.870377091616128 -25.740647452297118 -9.4186745948398247 0.96484108688947545 20.282710028925351 3.2214195186870209 1.9693248784390249 -21.395554344697572 21.186950615676395 56.554924113741961 7.759116666648862 28.970283995516741 2.7119419337862851 -41.713674362037473 -0.098840621119927072 0.87838005993936186 -4.3469088674870511 11.459926873600381 6.6983197303672783 -38.74843662275903 -24.572156082992336 15.932167639724506 -9.4732061584338521 -7.9173133855525792 -2.2349468043782474 -2.2324344650758845 -34.394521062410114 55.73405024888973 32.961296497977379 -13.437651680505935 12.30022138741791 -43.818507216127728 -6.1384205605874218 -50.434126907879495 1.6389484911348842 -7.3405249702884241 -0.17502761929004965 13.613242594951661 1.0259486093668271 40.085573368334451 -16.459645921780012 37.641580307197394 -10.193953990591403 20.509995060667855 -26.422595422761937 7.1923558210609277 43.015274946751859 4.1969031460614934 4.8606432084605995
leaf_weight=64 76 63 41 4245 57 71 11699 237 155 186 46 42 2107 197 69 160 81 153 249 6175 63 69 42 327 73 54 42 2535 65 219 75 123 41 72 91 145 426 1230 4505 43 44 47 111 76 56 99 56 1639 116 67 172 68 40 51 52 394 151 61 98 44 505 1109
leaf_count=64 76 63 41 4245 57 71 11699 237 155 186 46 42 2107 197 69 160 81 153 249 6175 63 69 42 327 73 54 42 2535 65 219 75 123 41 72 91 145 426 1230 4505 43 44 47 111 76 56 99 56 1639 116 67 172 68 40 51 52 394 151 61 98 44 505 1109
internal_value=0.0112908 -5.31289 0.158 -0.555856 1.05909 0.987751 0.775028 -2.01147 -3.81439 -3.21252 -2.58713 19.0685 -0.538969 -2.42684 1.77632 -10.8556 -11.3241 2.55974 9.71662 0.857456 -4.77141 -0.194259 0.791777 6.74018 16.9557 -14.8035 -19.6042 -0.939773 -14.0059 2.90344 -3.92034 -5.10518 -6.4957 -8.59002 -6.95152 0.324212 -10.628 0.586122 -0.20226 1.98653 3.48585 -4.65371 -1.47023 -7.23682 -9.67576 -6.21461 -22.1532 2.03375 -0.00536181 -13.5613 5.1737 2.96238 13.2396 6.94999 16.9018 -2.87283 2.76613 1.4274 2.11267 18.3037 7.95318 1.12935
internal_weight=41469 1112 40357 22518 17839 17798 11763 10755 4835 4584 4333 88 5920 3261 2659 489 150 2509 402 17654 292 229 17597 588 144 251 197 2772 251 546 1049 974 898 775 703 236 467 17009 10834 3974 3242 732 6860 685 609 553 155 1961 398 110 288 1850 211 171 120 4899 3198 2542 2481 142 656 2339
internal_count=41469 1112 40357 22518 17839 17798 11763 10755 4835 4584 4333 88 5920 3261 2659 489 150 2509 402 17654 292 229 17597 588 144 251 197 2772 251 546 1049 974 898 775 703 236 467 17009 10834 3974 3242 732 6860 685 609 553 155 1961 398 110 288 1850 211 171 120 4899 3198 2542 2481 142 656 2339
is_linear=0
shrinkage=0.1


Tree=48
num_leaves=63
num_cat=0
split_feature=34 28 19 0 4 21 34 20 29 20 23 24 21 32 6 22 5 28 6 30 24 5 0 4 25 13 4 28 21 23 29 4 18 23 30 5 17 29 25 34 1 23 16 21 19 21 22 4 33 32 20 25 18 29 18 28 19 29 16 21 20 33
split_gain=2.41749e+06 3.04919e+06 5.83403e+06 3.88956e+06 7.08204e+06 5.35791e+06 3.71432e+06 3.86382e+06 3.60361e+06 3.4007e+06 2.93182e+06 2.68147e+06 2.93445e+06 2.51198e+06 2.61903e+06 2.48109e+06 6.30415e+06 2.91066e+06 3.34643e+06 2.74476e+06 2.39213e+06 3.07537e+06 3.21419e+06 2.41322e+06 3.19301e+06 5.84243e+06 2.75819e+06 3.32964e+06 2.337e+06 2.08031e+06 1.9671e+06 2.33987e+06 2.50899e+06 2.16764e+06 1.82813e+06 1.81171e+06 2.22326e+06 2.05779e+06 1.69971e+06 5.13464e+06 2.15463e+06 1.90934e+06 1.82799e+06 2.32176e+06 2.15985e+06 2.08136e+06 1.86173e+06 1.65014e+06 1.95656e+06 1.7146e+06 2.21832e+06 2.44322e+06 1.54557e+06 1.53203e+06 1.48732e+06 1.76189e+06 2.46473e+06 1.46474e+06 2.18154e+06 1.42545e+06 2.77146e+06 1.70012e+06
threshold=1.5000000000000002 46615.000000000007 429.02214285714291 16.500000000000004 11.500000000000002 2743.2142857142858 10.500000000000002 1245.7464285714289 52675.400000000009 655.78428571428583 2666.9642857142862 779.37267857142876 931.4657142857144 959.28571428571433 1583.4400000000003 -1696.8382142857138 -1059.8999999999999 41110.000000000007 -1019.2499999999999 31355.000000000004 1258.0357142857144 -10123.249999999998 28.500000000000004 6.5000000000000009 124.7864285714286 755.00000000000011 9.5000000000000018 36245.000000000007 1113.8696428571432 1565.0000000000002 29885.000000000004 17.500000000000004 5257.1428571428578 1245.8928571428576 28261.195000000003 -436.86999999999995 540.96000000000015 39762.455000000009 745.4953571428573 15.500000000000002 5.5000000000000009 2237.3214285714289 623.33500000000015 720.00035714285718 186.42857142857147 1080.8928571428576 -761.44678571428562 13.500000000000002 345.1785714285715 215.00000000000003 -680.85857142857128 106.81964285714291 2150.7142857142862 48160.000000000007 179.28571428571431 27425.000000000004 483.07785714285723 35421.950000000004 897.17000000000007 517.987142857143 -324.28285714285704 100.89285714285715
decision_type=2 2 2 2 2 2 2 2 2 2 2 2 2 2 2 2 2 2 2 2 2 2 2 2 2 2 2 2 2 2 2 2 2 2 2 2 2 2 2 2 2 2 2 2 2 2 2 2 2 2 2 2 2 2 2 2 2 2 2 2 2 2
left_child=10 8 -3 5 6 11 7 9 15 13 20 -4 -13 35 -15 16 -2 18 -18 38 57 29 23 24 53 -26 27 -25 -14 -22 31 33 -33 -28 -24 37 -37 -5 42 41 -41 -40 43 47 45 46 -45 49 54 50 51 -17 -31 -23 55 -49 -57 -1 -59 60 -52 -62
right_child=1 2 3 4 -6 -7 -8 -9 -10 -11 -12 12 28 14 -16 19 17 -19 -20 -21 21 22 34 26 25 -27 30 -29 -30 52 -32 32 -34 -35 -36 36 -38 -39 39 40 -42 -43 -44 44 -46 -47 -48 48 -50 -51 59 -53 -54 -55 -56 56 -58 58 -60 -61 61 -63
leaf_value=0.089860044079993248 44.607541032673737 -39.324299305609195 14.376926874001306 6.0756894225538201 36.725509603113458 -45.146446838985106 -23.912903380606132 27.770452259573176 23.694265917612395 -23.552468916731574 26.194462501692602 -35.045696528876135 14.183925640455469 -7.4757146862777635 18.088435638122899 3.079473439037109 -10.477839353052621 -13.083971401217141 25.298568116981571 -25.544370687132517 -27.403803116490867 4.0052438817620706 -2.2658424792485867 10.194635902785954 51.999001084693241 3.0815384762294911 16.898649606164899 -19.204852292611108 -11.821295224007674 -11.978690872799845 15.084053888203497 9.0487058881482803 -6.4203434984726346 -6.9385865154957544 -27.131570487909404 -8.7023916590982111 19.716268052947658 33.801656447999775 -12.67042117972032 -3.4656827198318583 20.155505956937727 -39.542330079074013 0.68420795922792799 9.3720519643172562 -2.1562678706318046 -33.109235834881552 -19.361030819556575 -3.1210272311311016 4.9018970254406042 -3.7851420548944112 14.446179657769495 34.765756156552548 13.198606867621791 22.757772424370458 -0.48148253088695525 -34.782452764023752 -2.5683563453537697 0.33419453592011422 30.373418589741853 -1.3778632751957534 0.30617059483726961 5.4220618274542822
leaf_weight=5473 43 48 46 64 49 44 73 46 63 67 48 45 42 363 45 56 41 75 72 43 46 209 113 63 52 46 45 99 194 60 204 784 121 249 40 88 40 46 55 313 44 51 13598 41 5958 43 50 1872 513 568 192 43 41 55 4314 43 53 61 40 1101 1915 983
leaf_count=5473 43 48 46 64 49 44 73 46 63 67 48 45 42 363 45 56 41 75 72 43 46 209 113 63 52 46 45 99 194 60 204 784 121 249 40 88 40 46 55 313 44 51 13598 41 5958 43 50 1872 513 568 192 43 41 55 4314 43 53 61 40 1101 1915 983
internal_value=-0.0107066 -0.381391 -5.1293 -3.81679 -0.199613 -12.4052 -2.37637 -0.303561 -0.189358 -2.11661 1.5687 -7.99338 -11.6573 0.108252 -4.65426 -0.236298 10.0889 2.18391 12.3188 -0.311203 1.41701 4.18736 5.17532 6.28302 13.6406 29.0511 4.58076 -7.77207 -7.1912 -9.78893 6.00733 4.46243 6.98022 -3.28776 -8.77346 8.27183 0.182631 17.6803 -0.277048 -6.29139 -0.551959 -25.612 -0.188194 -0.856717 -2.43872 -14.9918 -6.41726 -0.0296634 -1.03584 1.3777 2.0613 16.8529 -1.75668 7.91561 -1.52076 -3.79887 -17.0082 0.310129 12.2401 1.71169 2.81254 2.04154
internal_weight=41292 33443 1300 1252 881 371 832 759 32143 713 7849 327 281 646 408 32080 231 188 113 31849 7801 2227 2080 1927 362 98 1565 162 236 147 1403 1199 905 294 153 238 128 110 31806 463 357 106 31343 17745 6092 134 91 11653 6795 4858 4290 99 101 264 6282 1968 96 5574 101 4191 3090 2898
internal_count=41292 33443 1300 1252 881 371 832 759 32143 713 7849 327 281 646 408 32080 231 188 113 31849 7801 2227 2080 1927 362 98 1565 162 236 147 1403 1199 905 294 153 238 128 110 31806 463 357 106 31343 17745 6092 134 91 11653 6795 4858 4290 99 101 264 6282 1968 96 5574 101 4191 3090 2898
is_linear=0
shrinkage=0.1


Tree=49
num_leaves=63
num_cat=0
split_feature=31 21 28 29 30 23 35 4 9 4 35 23 28 25 30 28 25 29 29 23 0 23 30 35 29 9 24 34 31 20 18 30 28 23 28 23 29 28 21 26 23 0 16 17 26 28 28 16 26 4 4 4 18 35 29 35 20 23 28 28 18 6
split_gain=2.41057e+06 4.20323e+06 3.61071e+06 4.1638e+06 3.38015e+06 4.60723e+06 5.06926e+06 2.98563e+06 1.56481e+07 7.49383e+06 6.38502e+06 8.41227e+06 1.29805e+07 4.63011e+06 4.24906e+06 3.21537e+06 2.88009e+06 3.31793e+06 5.0248e+06 2.78897e+06 2.6551e+06 2.61575e+06 3.93342e+06 2.40931e+06 2.40922e+06 2.81096e+06 2.34408e+06 3.29904e+06 8.50103e+06 1.39564e+07 2.84733e+06 3.34278e+06 2.37759e+06 2.22696e+06 3.755e+06 2.21988e+06 2.58292e+06 2.48582e+06 2.9372e+06 2.21929e+06 2.18195e+06 2.51247e+06 2.90328e+06 2.17931e+06 3.20874e+06 3.36411e+06 3.11436e+06 2.32281e+06 2.14002e+06 2.10864e+06 2.84157e+06 4.72236e+06 3.57194e+06 2.92458e+06 2.47447e+06 2.06996e+06 3.57823e+06 2.32168e+06 2.04632e+06 3.388e+06 2.02465e+06 2.30336e+06
threshold=2.5000000000000004 286.44250000000005 22815.000000000004 24295.885000000006 10380.000000000002 1380.1785714285718 24443.430000000004 13.500000000000002 23924.780000000002 16.500000000000004 20918.690000000006 1508.7500000000002 39835.000000000007 253.94375000000005 575.00000000000011 44295.000000000007 -51.999464285714254 29135.000000000004 27425.000000000004 890.17857142857156 21.500000000000004 1174.464285714286 6415.0000000000009 161154.62500000003 14645.000000000002 -7372.085 568.65250000000015 13.500000000000002 1.5000000000000002 -458.32928571428562 4083.5714285714289 1745.0000000000002 15675.000000000002 1706.2500000000002 43625.000000000007 1126.2500000000002 22105.000000000004 26545.000000000004 502.88464285714292 2833.7550000000006 1434.1071428571429 17.500000000000004 1170.1383333333335 -269.21333333333331 12715.000000000002 48325.000000000007 39565.000000000007 1036.7300000000002 1135.0000000000002 3.5000000000000004 12.500000000000002 13.500000000000002 1.0000000180025095e-35 17614.795000000002 15195.000000000002 21120.565000000006 -1215.347857142857 2346.9642857142862 6595.0000000000009 6455.0000000000009 1065.0000000000002 1245.0000000000002
decision_type=2 2 2 2 2 2 2 2 2 2 2 2 2 2 2 2 2 2 2 2 2 2 2 2 2 2 2 2 2 2 2 2 2 2 2 2 2 2 2 2 2 2 2 2 2 2 2 2 2 2 2 2 2 2 2 2 2 2 2 2 2 2
left_child=2 -2 3 23 7 6 -6 8 10 14 16 12 13 -12 48 39 19 18 35 -4 21 -3 -23 26 25 -11 -1 30 32 -30 55 -32 49 34 40 37 -37 38 -18 -13 -7 -42 -43 44 45 46 -24 -48 -9 -29 52 -52 54 -53 -51 58 -57 -58 59 -28 -45 -62
right_child=1 20 4 -5 5 33 -8 9 -10 24 11 15 -14 -15 -16 -17 17 -19 -20 -21 -22 22 43 -25 -26 -27 27 28 29 -31 31 -33 -34 -35 -36 36 -38 -39 -40 -41 41 42 -44 60 -46 -47 47 -49 -50 50 51 53 -54 -55 -56 56 57 -59 -60 -61 61 -63
leaf_value=-1.045335666025748 33.716095943308062 0.22015259759138131 -6.3671415311556103 19.912485629985515 -12.391608779152897 12.032660619851537 -50.000232685381839 -43.678844556358548 62.110585305013217 -26.382578919015902 16.699238394859858 -39.590502937660681 67.405475058649756 -4.6164907935341235 -8.4179179936021296 4.3519526186755915 16.523247724908455 -32.019359414059672 31.070748711525283 15.756012973563276 0.21963825977627552 30.848579631402664 5.2394662022935989 -18.926994439528624 7.5876591367038504 -1.2545660801095904 1.4409031235315615 -9.5860055566057429 78.814511015650339 6.9330621264628221 -4.0445981265724589 -37.154351571680678 -1.557463385681995 -7.5061805021813033 16.024074706973476 -20.807827917085628 -3.7998727339684004 4.1110679675382942 -8.902531903357767 -7.3804728558001003 2.419994242632189 -6.8198647239633292 -38.272116080583373 31.752333668912399 -12.482909084321584 22.447364786924805 -32.594708301482278 -1.6961490486630695 -14.951860769311867 49.215070971418719 -28.928816873512318 1.052238521797485 2.6461627380066295 13.714952026859841 18.743152384546534 -19.672220148296198 4.8251650436466154 -12.65320791670373 -1.144045331811026 23.353494711603915 4.5339431276600006 18.267588151301521
leaf_weight=9095 40 1106 93 107 283 65 41 54 42 45 327 46 43 148 813 69 50 43 40 147 6915 64 535 66 312 3773 3412 80 40 83 111 42 667 582 132 164 196 365 493 40 110 81 46 40 126 94 40 62 50 40 40 439 91 312 80 65 1970 79 6096 72 421 172
leaf_count=9095 40 1106 93 107 283 65 41 54 42 45 327 46 43 148 813 69 50 43 40 147 6915 64 535 66 312 3773 3412 80 40 83 111 42 667 582 132 164 196 365 493 40 110 81 46 40 126 94 40 62 50 40 40 439 91 312 80 65 1970 79 6096 72 421 172
internal_value=0.000831626 1.38768 -0.420082 0.236437 -2.15612 -6.77519 -17.1577 -1.3143 1.66675 -2.67636 0.544088 8.70899 14.8245 10.0579 -10.8537 -11.7267 -2.90986 -4.70316 -3.80395 7.18373 1.25245 3.9373 6.58274 0.144377 -0.860606 -1.55107 0.199592 1.02492 4.92593 30.3317 0.408481 -13.1428 3.13843 -3.46353 1.95794 -4.90529 -11.5498 -2.27041 -6.55998 -24.6221 -4.19179 -8.64316 -18.2226 5.53945 2.25238 4.79294 2.18617 -13.8233 -29.8817 6.03315 7.28061 4.5296 17.5901 6.31348 28.9168 0.585836 3.41803 4.15098 -0.0391537 1.89408 9.98917 8.51861
internal_weight=41295 9615 31680 22987 8693 1340 324 7353 2306 5047 2264 673 518 475 917 155 1591 1351 1308 240 9575 2660 1554 22880 4130 3818 22814 13719 1872 123 11847 153 1749 1016 434 1268 360 908 543 86 302 237 127 1490 857 731 637 102 104 1082 1002 791 211 751 120 11694 2114 2049 9580 3484 633 593
internal_count=41295 9615 31680 22987 8693 1340 324 7353 2306 5047 2264 673 518 475 917 155 1591 1351 1308 240 9575 2660 1554 22880 4130 3818 22814 13719 1872 123 11847 153 1749 1016 434 1268 360 908 543 86 302 237 127 1490 857 731 637 102 104 1082 1002 791 211 751 120 11694 2114 2049 9580 3484 633 593
is_linear=0
shrinkage=0.1


Tree=50
num_leaves=63
num_cat=0
split_feature=25 1 0 29 32 24 9 28 35 24 32 32 18 32 33 28 35 33 30 35 33 23 22 33 35 35 23 18 28 29 30 29 30 35 30 4 35 22 20 0 35 32 18 35 33 23 20 28 30 24 24 26 23 33 17 35 4 1 26 0 17 33
split_gain=2.53899e+06 8.03928e+06 6.50344e+06 6.2144e+06 3.15251e+06 2.81579e+06 1.96814e+06 1.95022e+06 1.87169e+06 1.79396e+06 3.29038e+06 1.04587e+07 3.37815e+06 3.13018e+06 2.76277e+06 1.01147e+07 4.47713e+06 2.77105e+06 2.5835e+06 2.47903e+06 2.36044e+06 2.35706e+06 2.26012e+06 5.79158e+06 2.59277e+06 2.39349e+06 4.17704e+06 3.64132e+06 2.3954e+06 2.34692e+06 5.25088e+06 1.38742e+07 4.28501e+06 3.68966e+06 3.09039e+06 2.76634e+06 3.40033e+06 2.32406e+06 2.23403e+06 2.22324e+06 2.13227e+06 2.05875e+06 2.05776e+06 2.20036e+06 3.5482e+06 2.61383e+06 2.3472e+06 2.75168e+06 3.20272e+06 2.97996e+06 2.40259e+06 2.90117e+06 2.29799e+06 2.01463e+06 2.65472e+06 1.99645e+06 1.98772e+06 3.856e+06 2.11325e+06 2.31654e+06 2.10173e+06 1.96416e+06
threshold=-1249.4976785714282 3.5000000000000004 30.500000000000004 40732.455000000009 560.71428571428589 1944.9091071428572 -3259.5099999999998 60820.000000000007 3658.2350000000006 1709.7994642857145 1176.4285714285718 1207.8571428571431 1989.2857142857144 1303.5714285714287 960.89285714285722 33475.000000000007 7862.8450000000012 1074.464285714286 15298.660000000002 49630.665000000008 1295.0458928571431 1758.0357142857144 -1058.5242857142855 174.46303571428572 51705.185000000005 96433.185000000012 1461.964285714286 7026.4285714285725 29695.000000000004 27122.510000000006 14455.000000000002 35421.950000000004 8942.510000000002 30054.340000000004 12535.000000000002 4.5000000000000009 28573.085000000003 654.3767857142858 -1299.3328571428569 13.500000000000002 5866.1050000000005 1117.5842857142859 5404.2857142857147 21739.315000000002 244.10714285714286 649.46428571428589 -1185.5849999999998 14215.000000000002 455.00000000000006 1364.464285714286 1385.5312500000002 5595.0000000000009 1048.3928571428576 913.92857142857156 1615.0000000000002 36682.645000000011 2.5000000000000004 2.5000000000000004 6275.0000000000009 21.500000000000004 2025.0000000000002 1489.8214285714287
decision_type=2 2 2 2 2 2 2 2 2 2 2 2 2 2 2 2 2 2 2 2 2 2 2 2 2 2 2 2 2 2 2 2 2 2 2 2 2 2 2 2 2 2 2 2 2 2 2 2 2 2 2 2 2 2 2 2 2 2 2 2 2 2
left_child=1 3 5 4 -1 -3 7 8 -2 14 41 -12 19 -14 22 16 -16 -18 20 21 -15 -13 23 -8 29 28 37 39 42 -25 31 32 -31 34 -34 -32 -37 -27 -26 -28 -30 53 43 -24 -45 -46 -47 -48 49 55 51 52 -50 54 -11 -49 57 -55 59 60 -58 -20
right_child=6 2 -4 -5 -6 -7 9 -9 -10 10 11 12 13 18 15 -17 17 -19 61 -21 -22 -23 25 24 38 26 27 -29 40 30 35 -33 33 -35 -36 36 -38 -39 -40 -41 -42 -43 -44 44 45 46 47 48 50 -51 -52 -53 -54 56 -56 -57 58 -59 -60 -61 -62 -63
leaf_value=-13.449115179807638 8.4483816735855317 -8.3976184278828061 -34.47427994960448 46.702382588982161 23.027370121434373 28.007875629987268 30.61215088347085 -21.640671309420028 -3.4564716963740647 7.5804766364983109 -51.283626483055244 3.4014459427615797 31.156850425728688 -15.092580021699773 29.080356038397351 -43.085384885458566 -15.42845076839442 14.330608931789335 13.489786808090338 -21.807208729573592 5.8185372899113128 -9.3358952650244156 -0.15520697386172455 -0.4635214010048217 -2.3681229122926535 34.630300012632112 -25.940356875042301 21.573489690262569 10.06907703690838 30.037381470750088 -13.420206091872968 63.590301066750186 5.0126030029989339 29.883894354357398 -18.602287262467197 18.68562907076527 -14.819326984920361 10.699319719910759 -30.859659828824206 2.0906048878240084 -2.531836482152471 25.828680606655311 -17.736509666249312 -0.41269140730475462 -15.924760665902065 -11.86321185217367 11.541096060865652 -3.9828730565074402 2.3098590221568776 -29.212211725005929 20.537374030979031 -15.886256248730312 14.825634985291325 38.942153743362873 29.790103066536087 19.412961697209891 3.6307595031634201 -1.5191861214944655 9.1992678733041906 -12.20905283827215 -18.915083307695976 -1.9562926243954675
leaf_weight=41 143 44 57 70 56 41 76 55 1720 291 40 326 45 111 45 69 108 44 267 73 105 262 24662 737 88 59 62 41 138 73 140 50 240 46 72 85 47 130 40 52 4930 50 64 2259 56 71 714 275 396 42 115 61 233 43 66 42 503 52 268 151 45 119
leaf_count=41 143 44 57 70 56 41 76 55 1720 291 40 326 45 111 45 69 108 44 267 73 105 262 24662 737 88 59 62 41 138 73 140 50 240 46 72 85 47 130 40 52 4930 50 64 2259 56 71 714 275 396 42 115 61 233 43 66 42 503 52 268 151 45 119
internal_value=0.104883 9.13491 -8.35586 24.0054 7.61044 9.16876 0.0369769 -3.09068 -2.54248 0.190095 2.62121 -0.946539 0.594719 5.7312 0.00175014 -10.1513 1.39198 -6.81207 3.82817 -4.43302 -4.92844 -2.27434 0.0765844 3.64245 2.37473 -0.0990084 8.19993 -3.96763 -0.182843 3.54813 7.47431 13.7534 7.96513 3.46078 -0.439079 -3.62998 6.7547 18.177 -11.2803 -13.1589 -2.18862 5.89501 0.167808 0.207453 2.30497 5.36685 5.97901 6.65386 3.65565 -4.19871 7.15845 4.92729 6.94689 5.19174 11.6901 -0.880521 3.00682 16.8057 1.65039 -1.24433 1.7778 8.72826
internal_weight=41406 309 142 167 97 85 41097 1918 1863 39179 2817 1348 1308 647 36362 266 197 152 602 661 216 588 36096 1694 1618 34402 344 155 34058 1490 753 481 431 358 312 272 132 189 128 114 5068 1469 28990 28926 4264 2005 1949 1878 1164 359 805 690 629 1419 357 317 1062 95 967 699 548 386
internal_count=41406 309 142 167 97 85 41097 1918 1863 39179 2817 1348 1308 647 36362 266 197 152 602 661 216 588 36096 1694 1618 34402 344 155 34058 1490 753 481 431 358 312 272 132 189 128 114 5068 1469 28990 28926 4264 2005 1949 1878 1164 359 805 690 629 1419 357 317 1062 95 967 699 548 386
is_linear=0
shrinkage=0.1


Tree=51
num_leaves=63
num_cat=0
split_feature=25 29 30 17 30 21 21 21 34 17 17 17 23 18 23 35 35 18 4 30 19 28 24 32 28 35 17 18 15 25 30 4 1 23 23 25 35 33 28 15 32 23 23 23 30 18 0 21 33 35 28 21 12 31 0 19 35 35 17 28 17 28
split_gain=2.12957e+06 1.996e+06 8.91636e+06 1.4276e+07 3.71082e+06 2.66897e+06 5.41521e+06 5.17069e+06 3.02899e+06 2.24124e+06 2.15418e+06 1.95063e+06 1.93615e+06 3.6674e+06 2.70749e+06 3.80513e+06 2.68052e+06 3.88513e+06 5.65048e+06 4.32144e+06 3.60332e+06 3.5857e+06 3.55036e+06 3.17921e+06 3.63835e+06 2.96482e+06 2.78319e+06 2.58704e+06 2.72427e+06 2.54875e+06 2.50205e+06 2.16259e+06 2.11668e+06 2.04074e+06 3.01337e+06 5.85346e+06 3.76589e+06 3.2756e+06 2.77304e+06 2.27622e+06 2.13915e+06 2.86271e+06 3.88703e+06 2.00734e+06 1.97767e+06 1.93513e+06 1.8184e+06 1.8128e+06 1.92763e+06 1.81027e+06 4.48419e+06 1.78651e+06 2.06767e+06 1.7859e+06 4.34834e+06 2.31876e+06 2.046e+06 1.69195e+06 1.67719e+06 3.00289e+06 2.37372e+06 3.2147e+06
threshold=327.12232142857141 36705.000000000007 14695.000000000002 -1204.7983333333332 24050.000000000004 470.05285714285719 702.15071428571434 926.55142857142869 6.5000000000000009 1371.6666666666667 1171.6666666666667 933.3333333333336 2309.8214285714289 2326.428571428572 1570.1785714285718 183683.19000000003 32191.875000000004 2150.7142857142862 24.500000000000004 785.00000000000011 2226.3407142857145 4495.0000000000009 2115.178571428572 1176.4285714285718 7525.0000000000009 21120.565000000006 813.3333333333336 5794.2857142857147 12221.666666666668 194.71625000000003 4541.4100000000008 27.500000000000004 2.5000000000000004 1453.3928571428576 1497.6785714285718 288.08267857142857 33146.460000000006 421.31017857142859 41110.000000000007 1398.3333333333337 1832.1428571428573 1289.1071428571429 1169.1071428571429 1728.3928571428576 6885.0000000000009 1473.5714285714287 25.500000000000004 1577.8910714285716 553.75000000000011 110465.84000000001 37455.000000000007 1293.0007142857146 745.00000000000011 3.5000000000000004 21.500000000000004 1080.714285714286 42667.910000000011 17299.145000000004 1483.4600000000003 43280.000000000007 1010.2533333333332 34015.000000000007
decision_type=2 2 2 2 2 2 2 2 2 2 2 2 2 2 2 2 2 2 2 2 2 2 2 2 2 2 2 2 2 2 2 2 2 2 2 2 2 2 2 2 2 2 2 2 2 2 2 2 2 2 2 2 2 2 2 2 2 2 2 2 2 2
left_child=1 4 3 -3 12 -4 -7 -8 9 10 11 -9 14 -14 15 27 17 19 29 23 21 -18 -22 24 26 -20 -16 28 33 -19 45 -30 -23 40 36 37 38 -36 39 -35 49 42 -42 -34 -15 -21 -10 48 -39 -1 -51 -48 -53 58 -55 -56 -57 -49 60 -60 -2 -62
right_child=53 2 5 -5 -6 6 7 8 46 -11 -12 -13 13 44 16 -17 20 18 25 30 22 32 -24 -25 -26 -27 -28 -29 31 -31 -32 -33 43 34 35 -37 -38 47 -40 -41 41 -43 -44 -45 -46 -47 51 57 -50 50 -52 52 -54 54 55 56 -58 -59 59 -61 61 -63
leaf_value=0.0091529382990579375 -3.0103620988788773 77.012935037183126 26.284020330222702 7.0718474609435411 -25.114217028508847 -32.694064164035005 34.749315322118534 1.5192390214962808 -1.8715691243715407 16.673823696791928 -17.497079201814483 19.515450829574746 6.6505542863308778 -36.256425553760657 -6.4035688129536714 -27.480365330418692 -3.5344567562427098 8.9422239904122272 17.191816797494699 34.3550610320845 -19.001844525850128 9.2430845429370248 17.845247056568439 -31.181792106305888 -22.38462293752341 52.1212280116873 23.845521286772875 13.356282557345839 -3.4022410987361171 -15.098118160606724 0.6463864304201179 -30.033119334565836 17.34025074687921 3.1171609432882295 -24.552424825380928 35.798361241774955 -38.593742809232154 7.9204946015753253 -31.352854567840616 -14.19237168708057 -6.2040620364408863 9.6367920484551846 -40.81531142434271 38.85185839236356 -8.802588921599968 5.2234337690750685 -34.870559481436104 -0.54969815254547105 -10.450076919887369 38.391531882013105 -7.55241180186104 6.8738392014330847 -25.262616035375707 34.757806761505712 13.890014998140146 -17.98245236928047 9.2045835687771156 16.855820684521049 7.0200147412402174 -9.5886132421621273 -7.1650543643353872 -34.236131374502058
leaf_weight=31316 2718 41 42 101 59 47 46 1347 170 105 57 63 74 52 86 51 83 166 62 40 72 111 41 65 83 40 47 141 70 60 1036 54 98 172 62 42 45 78 44 136 100 53 48 78 53 53 41 142 213 41 44 40 40 43 72 81 42 92 377 153 202 56
leaf_count=31316 2718 41 42 101 59 47 46 1347 170 105 57 63 74 52 86 51 83 166 62 40 72 111 41 65 83 40 47 141 70 60 1036 54 98 172 62 42 45 78 44 136 100 53 48 78 53 53 41 142 213 41 44 40 40 43 72 81 42 92 377 153 202 56
internal_value=-0.114349 0.112452 3.07813 27.2861 -0.0668174 1.35699 0.821091 1.64708 0.828826 2.56374 1.55327 2.32399 -0.02497 -10.3974 0.0278431 -0.199991 3.40722 1.57569 11.3776 -0.704792 9.99685 14.7697 -5.63052 -11.8005 -5.96222 30.9085 4.29087 -0.157651 -0.21585 2.55788 2.05724 -15.007 20.0629 -0.159614 -4.54868 -0.242989 -11.3696 -2.8246 -7.88427 -4.52706 -0.0171107 -10.2992 -17.4394 26.8822 -22.4096 17.7649 -8.54208 -0.256539 -5.52547 0.048722 14.6183 -17.9092 -9.20007 -2.38857 5.99319 -0.357034 -8.69907 6.29561 -2.95763 2.22499 -3.88063 -13.0465
internal_weight=41287 37543 2140 142 35403 1998 1956 1909 1863 1572 1467 1410 35344 179 35165 32944 2221 1738 328 1410 483 370 113 281 216 102 133 32893 32752 226 1129 124 287 32628 1026 629 397 587 352 308 31602 201 148 176 105 93 291 525 291 31401 85 121 80 3744 238 195 123 234 3506 530 2976 258
internal_count=41287 37543 2140 142 35403 1998 1956 1909 1863 1572 1467 1410 35344 179 35165 32944 2221 1738 328 1410 483 370 113 281 216 102 133 32893 32752 226 1129 124 287 32628 1026 629 397 587 352 308 31602 201 148 176 105 93 291 525 291 31401 85 121 80 3744 238 195 123 234 3506 530 2976 258
is_linear=0
shrinkage=0.1


Tree=52
num_leaves=63
num_cat=0
split_feature=35 28 28 33 22 13 4 4 30 19 9 12 28 9 4 35 24 33 21 23 35 35 32 0 21 22 35 18 23 35 21 35 21 24 17 24 33 33 21 28 32 32 35 6 35 23 23 23 23 23 23 12 9 28 9 0 4 22 12 31 29 19
split_gain=2.37855e+06 6.86798e+06 7.74165e+06 8.73126e+06 1.92041e+06 8.13527e+06 4.62519e+06 6.88478e+06 4.20022e+06 7.26264e+06 2.1524e+06 1.86614e+06 2.18156e+06 1.83302e+06 2.10881e+06 7.03145e+06 1.73211e+06 3.79457e+06 2.70957e+06 2.13632e+06 2.28982e+06 2.82249e+06 1.98876e+06 1.85662e+06 2.12659e+06 2.15948e+06 2.74916e+06 2.11148e+06 1.7421e+06 2.16514e+06 3.02859e+06 2.7724e+06 1.74116e+06 2.88739e+06 1.66394e+06 1.6279e+06 1.80838e+06 2.08575e+06 2.24523e+06 1.7867e+06 2.03899e+06 2.90902e+06 1.87481e+06 1.65719e+06 1.62339e+06 1.67116e+06 6.1341e+06 2.90044e+06 2.26495e+06 2.05946e+06 7.5768e+06 6.72312e+06 3.60882e+06 2.04106e+06 1.83314e+06 2.72876e+06 7.44107e+06 1.73393e+06 1.61871e+06 1.61086e+06 1.57943e+06 1.55445e+06
threshold=1.0000000180025095e-35 40525.000000000007 34790.000000000007 674.32964285714297 -1696.8382142857138 260.96000000000009 14.500000000000002 13.500000000000002 14865.000000000002 1982.1428571428573 -4069.2649999999999 735.00000000000011 51315.000000000007 -769.99499999999989 28.500000000000004 43789.220000000008 1690.1785714285718 897.32142857142867 1577.8910714285716 2079.4642857142862 36682.645000000011 161154.62500000003 1095.0000000000002 28.500000000000004 1470.9582142857146 907.84000000000015 22607.355000000007 2113.5714285714289 1948.3928571428573 34673.24500000001 2078.2142857142858 29656.035000000003 1321.9714285714288 1330.8928571428576 -4267.498333333333 1236.6071428571429 333.75000000000006 547.71089285714299 1369.8600000000001 34790.000000000007 620.71428571428589 790.71428571428589 41614.105000000003 1275.0000000000002 161154.62500000003 1809.1071428571429 1793.7500000000002 1948.3928571428573 1659.8214285714287 1380.1785714285718 1360.5357142857144 2785.0000000000005 201.39500000000001 43280.000000000007 -477.94999999999993 23.500000000000004 12.500000000000002 635.87392857142868 962.49500000000012 3.5000000000000004 1055.0000000000002 2042.1428571428573
decision_type=2 2 2 2 2 2 2 2 2 2 2 2 2 2 2 2 2 2 2 2 2 2 2 2 2 2 2 2 2 2 2 2 2 2 2 2 2 2 2 2 2 2 2 2 2 2 2 2 2 2 2 2 2 2 2 2 2 2 2 2 2 2
left_child=1 2 3 -1 5 -2 7 8 9 -7 -10 12 -12 14 -6 -16 18 59 19 35 -21 32 -20 24 25 26 -19 -25 -26 31 -31 -30 33 -22 -24 44 -37 39 43 -38 42 -42 -41 60 45 46 48 -47 49 50 61 53 -52 54 55 56 -51 -50 -32 -18 -39 -15
right_child=4 -3 -4 -5 13 6 -8 -9 10 -11 11 -13 -14 16 15 -17 17 23 22 20 21 -23 34 27 28 -27 -28 -29 29 30 58 -33 -34 -35 -36 36 37 38 -40 40 41 -43 -44 -45 -46 47 -48 -49 57 51 52 -53 -54 -55 -56 -57 -58 -59 -60 -61 -62 -63
leaf_value=2.8073797993368879 41.754825226990484 43.26192372308622 -34.05070169469402 48.83523371947328 -1.3047622948612905 -5.7120610757319348 -22.240821248475868 43.917139972319369 13.204743297644345 52.525127950708821 -6.5300791934497768 1.4386807573051685 -32.485173941697376 -0.030337892350874925 -1.773846856953355 -38.686442215924558 8.9247741463234629 9.2436354114860517 -7.675819103944467 -30.491678335954159 -3.2844092510282188 -28.617967331917658 -18.67007458129688 -22.50306769690286 -3.7303554711745166 -0.22465834078062483 37.441932633191044 2.9421161190785905 2.7083326404879324 31.080056747698961 14.501477437205132 -18.815206406713887 -17.91176365284333 27.910981598086252 1.8251967083969529 -9.2318969231441432 10.209570163386621 17.955906215393831 5.740301313271666 -7.6176363907827485 33.292435658984466 -0.78031184015304789 14.873741872196854 -9.9668016509561568 18.882933535559996 -26.80638384414419 38.565749492947283 3.1827984494390495 -31.495413448509954 55.155316198393052 -33.940501313501876 35.933059629027873 -4.14787952047344 -11.928605944349297 0.71337409971018639 -11.495695096752916 5.7170869240184699 -3.3102448063139862 -12.113912171217549 27.695659035014838 -0.50938554199108133 -11.164059148909129
leaf_weight=484 56 46 51 45 6728 46 70 42 65 40 104 139 47 24294 236 66 377 161 797 41 107 41 43 70 686 159 44 61 637 61 50 66 41 41 496 131 571 48 710 209 42 62 45 184 45 63 41 66 40 40 97 64 70 90 485 40 127 48 42 52 1288 126
leaf_count=484 56 46 51 45 6728 46 70 42 65 40 104 139 47 24294 236 66 377 161 797 41 107 41 43 70 686 159 44 61 637 61 50 66 41 41 496 131 571 48 710 209 42 62 45 184 45 63 41 66 40 40 97 64 70 90 485 40 127 48 42 52 1288 126
internal_value=-0.0266581 6.09036 3.13878 6.72705 -0.120663 5.45248 1.77284 5.25503 1.56835 21.3897 -3.23577 -6.92237 -14.6169 -0.205248 -1.67175 -9.84592 0.106229 2.65584 -0.0990225 0.101819 -8.73488 -4.85069 -4.5031 0.855543 1.64713 8.52156 15.3036 -10.6579 0.0241432 3.03305 13.8115 0.686429 0.311356 5.36403 0.188549 0.184338 2.27888 2.75636 1.09781 6.73731 1.19849 12.9892 -3.63078 -1.07083 -0.083425 -0.116683 -0.0593768 -11.4678 -0.121504 -0.066074 -0.232999 4.78493 -21.4576 2.23358 4.07622 11.9533 17.5716 -16.1324 2.35094 11.203 0.154682 -0.0878076
internal_weight=41364 626 580 529 40738 609 553 483 441 86 355 290 151 40129 7030 302 33099 2466 30633 29297 271 230 1336 2037 1906 364 205 131 1542 856 153 703 189 148 539 29026 3290 3159 2230 929 358 104 254 1520 25736 25691 25562 129 25521 25433 24587 846 167 782 692 207 167 88 92 429 1336 24420
internal_count=41364 626 580 529 40738 609 553 483 441 86 355 290 151 40129 7030 302 33099 2466 30633 29297 271 230 1336 2037 1906 364 205 131 1542 856 153 703 189 148 539 29026 3290 3159 2230 929 358 104 254 1520 25736 25691 25562 129 25521 25433 24587 846 167 782 692 207 167 88 92 429 1336 24420
is_linear=0
shrinkage=0.1


Tree=53
num_leaves=63
num_cat=0
split_feature=34 30 29 34 28 30 28 28 13 26 26 19 1 29 30 0 25 19 26 32 13 1 22 30 18 17 26 22 19 26 22 23 32 9 22 26 25 21 9 23 32 18 23 32 25 13 10 30 25 26 29 23 26 29 6 8 24 24 31 21 10 22
split_gain=1.81075e+06 2.0515e+06 4.91178e+06 7.73277e+06 3.71986e+06 3.15607e+06 2.70953e+06 6.73688e+06 3.70188e+06 2.49196e+06 1.77818e+06 3.12244e+06 2.80305e+06 1.75286e+06 3.01007e+06 1.58205e+06 1.50172e+06 1.75385e+06 1.86162e+06 2.18511e+06 2.76124e+06 2.41599e+06 2.11458e+06 3.35143e+06 2.05294e+06 1.88568e+06 1.94137e+06 2.00877e+06 1.77197e+06 1.73755e+06 2.11839e+06 1.84395e+06 1.86439e+06 1.56249e+06 1.54697e+06 1.56173e+06 1.52466e+06 1.51901e+06 1.53915e+06 1.51505e+06 2.37139e+06 2.36493e+06 2.32613e+06 1.54405e+06 1.49481e+06 2.41834e+06 2.72079e+06 2.5898e+06 1.91227e+06 1.54034e+06 1.48736e+06 1.8495e+06 1.70421e+06 1.61809e+06 1.47747e+06 2.00035e+06 1.46981e+06 1.41877e+06 1.41293e+06 1.67388e+06 1.39131e+06 1.95963e+06
threshold=1.0000000180025095e-35 24050.000000000004 44550.000000000007 5.5000000000000009 37455.000000000007 23485.000000000004 38385.000000000007 42325.000000000007 61.945000000000007 15500.000000000002 8205.0000000000018 1690.0742857142861 3.5000000000000004 35421.950000000004 16335.000000000002 28.500000000000004 327.12232142857141 494.41571428571439 4025.0000000000005 220.06500000000003 1311.3450000000003 4.5000000000000009 1850.9525000000001 9395.0000000000018 1065.0000000000002 -1255.1449999999998 1272.4650000000004 597.03107142857164 350.71428571428578 5671.1900000000014 549.45821428571446 1485.1785714285718 790.71428571428589 -589.52499999999986 886.83464285714297 435.00000000000006 373.61000000000007 2116.1796428571433 -739.7149999999998 2288.0357142857147 2221.428571428572 2289.2857142857147 2079.4642857142862 1662.1428571428573 -13.440714285714321 915.00000000000011 955.00000000000011 36388.780000000006 57.6121428571428 10840.000000000002 15585.000000000002 1565.0000000000002 1910.8850000000002 13281.660000000002 -849.99499999999989 1345.0000000000002 2115.178571428572 1050.1785714285718 3.5000000000000004 1121.0714285714287 805.00000000000011 -1696.8382142857138
decision_type=2 2 2 2 2 2 2 2 2 2 2 2 2 2 2 2 2 2 2 2 2 2 2 2 2 2 2 2 2 2 2 2 2 2 2 2 2 2 2 2 2 2 2 2 2 2 2 2 2 2 2 2 2 2 2 2 2 2 2 2 2 2
left_child=13 5 3 4 -3 16 -4 -8 -9 10 11 12 56 -1 -15 54 39 28 19 20 25 57 29 -24 58 -19 27 33 34 30 -20 -31 -33 -27 -18 -36 -26 38 -34 40 43 -41 -42 60 45 47 -47 -12 -46 -50 53 -52 -53 -28 -16 -56 -10 -22 59 -21 -2 -62
right_child=1 2 6 -5 -6 -7 7 8 9 -11 44 -13 -14 14 15 -17 17 18 22 24 21 -23 23 -25 36 26 50 -29 -30 31 -32 32 37 -35 35 -37 -38 -39 -40 41 42 -43 -44 -45 48 46 -48 -49 49 -51 51 52 -54 -55 55 -57 -58 -59 -60 -61 61 -63
leaf_value=1.1951194340299329 -0.33892636718671287 9.3105801800756787 -20.061195746372789 -43.965838546295473 -22.403655018542956 20.441592823984173 36.086980271315603 -27.545585493441394 -24.542304444784435 17.572043880642809 -19.031246612578148 27.961665780232643 14.144663848100945 31.517027870202043 25.033633352111433 -5.567774567977561 -7.9053404356259023 20.53641957284103 -16.121431429649615 2.1133437144407252 3.1979349615458554 -35.250547223799536 -27.401132124011038 7.3177483309818419 0.59121857418019208 2.6298977729843447 -3.1055795719487129 -1.3512348528416727 -12.944099818357088 18.934930915904427 0.7109798322307499 18.402637048963985 -24.754384016911281 20.654143981709311 22.570662771649086 -1.7460360937433963 21.131136564956662 9.0146781814540553 -3.8838985737704967 6.2667827073053193 4.1209822082875966 -17.225979759438221 25.590385227939745 -5.3788265702645743 17.091620163072221 -9.0016230358226128 -43.410315741492575 10.602219053544516 5.6724144512479153 -18.894805682534454 -30.062886072991155 8.4909612059709954 -14.121400158160805 16.154468741888422 1.4268881274893159 25.703984385315024 -0.16807499679132029 -20.040646112084261 16.621527342741746 -19.973899649023046 15.243488110990199 1.0165356951276963
leaf_weight=3615 24406 84 69 75 66 74 50 52 48 73 52 47 70 48 47 104 164 44 166 169 63 40 91 40 51 91 394 256 284 53 136 42 45 102 42 71 124 66 164 66 214 122 66 536 51 54 40 68 51 51 42 51 96 49 196 41 51 45 48 43 98 7700
leaf_count=3615 24406 84 69 75 66 74 50 52 48 73 52 47 70 48 47 104 164 44 166 169 63 40 91 40 51 91 394 256 284 53 136 42 45 102 42 71 124 66 164 66 214 122 66 536 51 54 40 68 51 51 42 51 96 49 196 41 51 45 48 43 98 7700
internal_value=-0.0906661 -0.308158 -4.6615 -17.7598 -4.64647 -0.182176 -1.09701 0.630484 -1.87587 0.160861 -2.02058 5.17745 -1.16536 1.91758 7.90689 4.98235 -0.224271 -2.33955 -1.21009 0.656894 -1.43399 -14.2721 -5.18101 -16.8012 6.77522 0.255486 -0.570917 4.45657 -7.39436 -2.91469 -8.54239 1.67926 -1.20827 12.1586 -1.70305 7.29797 15.1471 -4.20621 -8.38241 -0.0285873 0.0223856 -8.97902 9.18531 -0.0559916 -6.25716 -11.6525 -23.659 -2.24149 1.29059 -6.61439 -4.14274 -11.5686 -6.27604 -0.973642 8.84609 5.63128 -11.9924 -6.48955 1.13843 -2.37025 0.0326091 1.19543
internal_weight=41457 37406 1052 225 150 36354 827 758 708 656 583 216 169 4051 436 388 36280 3072 2511 1708 1273 148 803 131 435 1125 1081 449 561 672 302 370 317 193 277 113 175 275 209 33208 33020 188 280 32740 367 214 94 120 153 102 632 189 147 443 284 237 99 108 260 212 32204 7798
internal_count=41457 37406 1052 225 150 36354 827 758 708 656 583 216 169 4051 436 388 36280 3072 2511 1708 1273 148 803 131 435 1125 1081 449 561 672 302 370 317 193 277 113 175 275 209 33208 33020 188 280 32740 367 214 94 120 153 102 632 189 147 443 284 237 99 108 260 212 32204 7798
is_linear=0
shrinkage=0.1


Tree=54
num_leaves=63
num_cat=0
split_feature=30 28 21 28 30 35 0 4 33 35 21 4 26 19 4 15 15 31 26 35 16 28 35 4 33 26 30 21 33 33 28 16 29 28 30 32 33 33 19 30 33 24 28 35 33 31 29 35 24 18 21 28 35 35 8 28 33 18 10 19 10 9
split_gain=1.57184e+06 3.1524e+06 2.80351e+06 3.21797e+06 1.20105e+07 4.45681e+06 2.46359e+06 2.02387e+07 5.54622e+06 2.71284e+06 2.43093e+06 2.46341e+06 2.37994e+06 3.5287e+06 2.25237e+06 3.8678e+06 2.66576e+06 2.29955e+06 3.37004e+06 3.05906e+06 6.9044e+06 1.38844e+07 2.60778e+06 2.51739e+06 2.85063e+06 3.53403e+06 2.49764e+06 2.38525e+06 4.36449e+06 5.07919e+06 3.05129e+06 2.61748e+06 2.64272e+06 3.40344e+06 2.24724e+06 8.23418e+06 2.8775e+06 2.60187e+06 2.58908e+06 2.19374e+06 3.04765e+06 3.85787e+06 2.55038e+06 2.79009e+06 3.58161e+06 2.4218e+06 3.46426e+06 2.39817e+06 2.33148e+06 4.92536e+06 2.22777e+06 2.54325e+06 2.90366e+06 2.41989e+06 2.17732e+06 2.1631e+06 2.26341e+06 2.16305e+06 2.1397e+06 2.81152e+06 2.07951e+06 2.07376e+06
threshold=655.00000000000011 2665.0000000000005 318.50964285714292 8125.0000000000009 985.00000000000011 3857.1100000000006 15.500000000000002 13.500000000000002 40.892857142857146 12071.515000000001 1311.6042857142859 24.500000000000004 2165.0000000000005 725.77214285714297 18.500000000000004 128.33333333333337 3628.3333333333335 2.5000000000000004 3545.0000000000005 20918.690000000006 1291.6666666666667 40860.000000000007 8198.2200000000012 8.5000000000000018 1877.3214285714287 13254.990000000002 32345.000000000004 931.4657142857144 941.96428571428589 703.39285714285722 24685.000000000004 1.0000000180025095e-35 28774.620000000003 29545.000000000004 16540.000000000004 1352.1428571428573 758.75000000000011 620.89285714285722 1785.7885714285719 22345.000000000004 1074.464285714286 2115.178571428572 38385.000000000007 45003.415000000008 788.75000000000011 3.5000000000000004 39762.455000000009 16231.280000000002 1591.5871428571429 1305.0000000000002 1715.3571428571431 54560.000000000007 23482.060000000001 16977.620000000003 -639.89999999999986 49540.000000000007 74.464285714285737 1485.0000000000002 705.00000000000011 1054.4128571428573 175.00000000000003 -4218.6249999999991
decision_type=2 2 2 2 2 2 2 2 2 2 2 2 2 2 2 2 2 2 2 2 2 2 2 2 2 2 2 2 2 2 2 2 2 2 2 2 2 2 2 2 2 2 2 2 2 2 2 2 2 2 2 2 2 2 2 2 2 2 2 2 2 2
left_child=1 6 3 -2 -5 -6 7 -1 12 -9 -3 -12 13 -8 16 -16 17 18 19 -4 60 -22 -20 27 25 26 55 28 29 30 -19 -29 33 -33 35 36 37 38 -34 42 48 -42 -36 44 45 -44 -47 -48 -41 -50 -43 -52 53 -53 -27 56 -25 -58 -13 -60 -21 -24
right_child=2 10 14 4 5 -7 8 9 -10 -11 11 58 -14 -15 15 -17 -18 23 22 20 21 -23 61 24 -26 54 -28 31 -30 -31 -32 32 34 -35 39 -37 -38 -39 -40 40 41 50 43 -45 -46 46 47 -49 49 -51 51 52 -54 -55 -56 -57 57 -59 59 -61 -62 -63
leaf_value=-58.710361121643224 -0.39727295788057587 -1.2561995765048291 -1.2361759637074201 63.422405236252544 18.241083829422013 -0.44938029176867594 3.4574228800079534 -0.43053347258997549 25.426110399048952 5.8766959856493877 -14.468445478474365 -9.9600081220964274 24.245158715153835 -23.771332599152526 -0.99300651544514418 3.8675391568671138 18.983132187249677 -0.06392582969325579 1.8289551017279508 12.920418705507954 6.0277769062405149 74.475661281819058 -20.016882910522433 22.181302515073515 27.056500687445066 -33.37324939941518 27.510891751344577 -21.149655575720729 34.060011457064491 -30.630939577322973 7.0771169138012331 -2.0928331854782396 2.4844658032560933 -15.284904593288458 2.609129420730953 35.459948031065231 -23.213974524942209 16.891951987072861 -13.705165365438965 -5.4151029817267071 -19.534285645870504 23.217569057593192 -16.902576150807764 13.561796409696122 -27.424978003155822 -17.174912624762804 -1.9224116780160909 23.791388113472447 43.210636621180598 6.7398044839082552 9.7538964288367893 -9.3583681960547942 -23.296377824692726 20.53607453336047 -1.5239477341765175 20.620316029324826 0.5295852113962326 8.2191106316085225 23.32201153116657 -1.8003664613483676 0.30044942183306783 -5.01738549599877
leaf_weight=57 494 8783 5797 40 206 335 556 2410 130 951 281 269 48 52 2754 4037 72 1921 585 145 114 40 96 59 51 41 44 68 42 48 869 665 894 277 238 75 46 110 111 105 123 40 160 47 115 85 94 59 43 265 119 76 81 42 45 71 1569 477 52 309 1308 2288
leaf_count=57 494 8783 5797 40 206 335 556 2410 130 951 281 269 48 52 2754 4037 72 1921 585 145 114 40 96 59 51 41 44 68 42 48 869 665 894 277 238 75 46 110 111 105 123 40 160 47 115 85 94 59 43 265 119 76 81 42 45 71 1569 477 52 309 1308 2288
internal_value=0.0922696 -0.774426 0.530506 5.5363 10.581 6.66853 1.51255 0.351659 6.56046 1.35417 -1.76622 -6.68305 2.82018 1.12688 0.326746 1.89642 -0.216561 -0.287327 -1.30737 -0.165967 3.69456 23.8249 -4.15373 0.865909 3.68309 3.16558 3.93623 -0.108017 2.07912 1.60523 2.16038 -1.70755 -1.36567 -5.97264 0.116571 3.35788 1.28266 2.29428 0.695759 -2.25122 1.1507 -4.25934 -6.06223 -9.74747 -11.8841 -7.39081 -0.994109 7.99787 7.45127 11.8377 0.990732 -1.80829 -8.7231 1.28618 -16.7185 3.45891 2.87959 2.32246 -3.20964 1.82108 1.56025 -5.6218
internal_weight=41384 13898 27486 1075 581 541 4204 3418 786 3361 9694 911 656 608 26411 6791 19620 19548 10373 7404 1607 154 2969 9175 2357 2306 2220 6818 2880 2838 2790 3938 3870 942 2928 1236 1161 1115 1005 1692 894 481 798 560 513 398 238 153 413 308 358 318 199 118 86 2176 2105 2046 630 361 1453 2384
internal_count=41384 13898 27486 1075 581 541 4204 3418 786 3361 9694 911 656 608 26411 6791 19620 19548 10373 7404 1607 154 2969 9175 2357 2306 2220 6818 2880 2838 2790 3938 3870 942 2928 1236 1161 1115 1005 1692 894 481 798 560 513 398 238 153 413 308 358 318 199 118 86 2176 2105 2046 630 361 1453 2384
is_linear=0
shrinkage=0.1


Tree=55
num_leaves=63
num_cat=0
split_feature=25 9 21 2 29 33 32 25 22 24 33 33 20 13 11 21 0 34 30 5 17 21 22 21 29 31 22 24 29 24 33 16 25 33 21 33 21 30 22 29 22 21 16 20 23 23 22 25 31 32 19 33 23 29 23 23 18 20 34 16 16 17
split_gain=2.12656e+06 5.22067e+06 4.4071e+06 6.32646e+06 4.8113e+06 3.32048e+06 2.11807e+06 1.60732e+06 1.98339e+06 1.77664e+06 2.05504e+06 3.33491e+06 2.45751e+06 1.70194e+06 1.75112e+06 1.8088e+06 1.41547e+06 1.35306e+06 1.7846e+06 1.67954e+06 1.71994e+06 1.7802e+06 2.93831e+06 1.2811e+06 2.10702e+06 3.67462e+06 8.4268e+06 2.09855e+06 3.19427e+06 2.06599e+06 2.11987e+06 2.00317e+06 1.80874e+06 1.7712e+06 1.77091e+06 3.39162e+06 1.75708e+06 1.74892e+06 2.34227e+06 1.92329e+06 1.7772e+06 1.71464e+06 2.05262e+06 1.5413e+06 5.83329e+06 1.87408e+06 2.21779e+06 1.77789e+06 1.50715e+06 2.75697e+06 2.41444e+06 1.47874e+06 5.33071e+06 2.83812e+06 1.95802e+06 1.93115e+06 2.23718e+06 1.89737e+06 1.48759e+06 1.46612e+06 1.39449e+06 1.742e+06
threshold=-1249.4976785714282 -2798.7649999999999 1833.9285714285718 1.0000000180025095e-35 40732.455000000009 1760.3571428571431 560.71428571428589 624.94035714285724 -1315.8764285714285 1650.5357142857144 158.36446428571432 64.107142857142875 -523.90357142857135 713.17000000000019 713.17000000000019 662.17500000000007 15.500000000000002 1.0000000180025095e-35 8575.0000000000018 -999.71999999999991 -2133.7916666666665 952.17678571428576 -636.14821428571418 1139.4225000000004 21055.000000000004 1.5000000000000002 -761.44678571428562 1826.964285714286 41782.280000000006 1229.0776785714286 333.75000000000006 1.0000000180025095e-35 -1.2955357142856971 572.65232142857155 1736.5514285714287 543.39285714285722 1127.4714285714288 12385.000000000002 227.23214285714286 34805.000000000007 -1270.0753571428568 778.21428571428589 270.48666666666674 -1529.3278571428571 1497.6785714285718 1717.3214285714287 -1432.0046428571427 -228.52553571428572 3.5000000000000004 267.8192857142858 1174.885 567.32142857142867 905.89285714285722 6980.630000000001 828.39285714285722 1659.8214285714287 5524.2857142857147 932.14285714285734 5.5000000000000009 497.27333333333337 751.58000000000004 -673.33166666666659
decision_type=2 2 2 2 2 2 2 2 2 2 2 2 2 2 2 2 2 2 2 2 2 2 2 2 2 2 2 2 2 2 2 2 2 2 2 2 2 2 2 2 2 2 2 2 2 2 2 2 2 2 2 2 2 2 2 2 2 2 2 2 2 2
left_child=1 -1 3 4 6 -4 -3 17 -9 10 11 13 -13 14 15 -10 -15 18 -2 -20 -21 22 -22 24 51 26 -26 28 36 37 32 -32 -31 34 43 -36 41 38 48 40 -39 59 -43 44 -33 46 -45 -48 -25 -50 -51 55 54 -54 -53 56 -19 -55 -56 -27 61 -44
right_child=7 2 5 -5 -6 -7 -8 8 9 -11 -12 12 -14 16 -16 -17 -18 23 19 20 21 -23 -24 29 25 27 -28 -29 -30 30 31 33 -34 -35 35 -37 -38 39 -40 -41 -42 42 60 45 -46 -47 47 -49 49 50 -52 52 53 57 58 -57 -58 -59 -60 -61 -62 -63
leaf_value=41.944380152270149 0.35192601988501354 -5.5295982008420879 -35.237370166030146 -13.287641250583233 52.246440540096629 2.5518679022445463 26.250592445434162 -23.180904083937918 0.060390836258287055 12.022759367290298 -7.7619058076476923 34.28220345631923 1.2074778535778654 -29.066614625337873 -12.627302855925523 23.221645977899957 -3.3497529028810717 -0.16336838439112494 -4.0636158616553946 23.860086579821679 35.300248143305133 2.7868080329409848 7.8140891091611557 0.41960266950615016 56.216152347253995 -0.57713226764796877 3.0907146652597413 24.803512754690338 -26.281601496731003 0.97864138672904777 -19.022737399578983 0.43506299912446744 -20.618214349472154 -0.47107479557215648 -17.630223957043896 15.627046710404919 17.358759255058295 -28.320519441176721 -7.3761290417506675 9.1457904782328576 -8.8285703176891275 21.841266278165989 -21.197967915963741 -18.530751906306495 44.766673083094275 16.50091149978034 23.13450256529309 2.3121035503075986 12.021490903847726 -37.512805777274721 -7.3653146579098205 8.7598713589173922 7.1321323761925788 -2.9745030236741967 44.100481637822298 -20.831887732758773 17.486000909911191 -24.77137318715933 18.138268043446619 9.7941794434125189 1.8305699791127517 -2.5781145949225479
leaf_weight=40 2561 40 42 65 43 52 44 50 119 75 580 47 43 40 66 47 46 22441 182 53 45 769 285 1712 42 207 103 40 40 67 54 91 92 5646 96 45 74 55 661 50 312 42 55 49 44 101 43 864 43 40 79 83 327 352 41 45 72 45 48 399 975 576
leaf_count=40 2561 40 42 65 43 52 44 50 119 75 580 47 43 40 66 47 46 22441 182 53 45 769 285 1712 42 207 103 40 40 67 54 91 92 5646 96 45 74 55 661 50 312 42 55 49 44 101 43 864 43 40 79 83 327 352 41 45 72 45 48 399 975 576
internal_value=0.0855025 8.12971 3.39386 12.0787 25.0617 -14.3424 11.1228 0.0217784 -3.72658 -2.81046 -3.93702 1.5006 18.4893 -3.30967 1.14516 6.62314 -15.3211 0.125961 1.89681 4.86255 6.27288 5.42367 11.567 -0.0648372 0.306947 3.03509 18.4929 2.10392 1.71996 -1.01801 -0.103693 0.154486 -11.5202 0.303006 3.58157 -7.01439 2.20165 -3.24553 -2.25822 -9.2465 -11.7532 1.70365 0.0310952 4.8352 14.8951 3.54969 2.18062 3.3005 -0.452872 -9.67042 -17.5105 0.00997897 3.994 0.234003 19.8163 -0.148274 -0.106884 -5.448 30.1165 6.25174 -0.539942 -4.20264
internal_weight=41485 326 286 192 127 94 84 41159 1113 1063 988 408 90 318 232 166 86 40046 3895 1334 1152 1099 330 36151 26007 2553 145 2408 2368 10144 7192 7033 159 6979 1333 141 2328 2952 2535 417 367 2254 1648 1192 135 1057 956 907 1874 162 119 23454 896 724 172 22558 22513 397 89 606 1606 631
internal_count=41485 326 286 192 127 94 84 41159 1113 1063 988 408 90 318 232 166 86 40046 3895 1334 1152 1099 330 36151 26007 2553 145 2408 2368 10144 7192 7033 159 6979 1333 141 2328 2952 2535 417 367 2254 1648 1192 135 1057 956 907 1874 162 119 23454 896 724 172 22558 22513 397 89 606 1606 631
is_linear=0
shrinkage=0.1


Tree=56
num_leaves=63
num_cat=0
split_feature=9 28 30 21 13 35 31 28 8 4 26 28 22 1 22 29 4 0 4 1 30 22 16 30 26 19 30 2 17 23 16 35 11 21 19 31 22 34 35 17 13 23 0 6 35 22 6 8 30 17 23 19 21 35 12 24 13 7 29 26 18 19
split_gain=1.64942e+06 3.95488e+06 2.4895e+06 2.432e+06 1.33559e+06 1.25619e+06 4.72649e+06 1.98012e+07 1.89948e+06 1.12516e+06 1.12506e+06 1.11789e+06 3.70672e+06 5.77137e+06 3.34012e+06 2.2294e+06 2.17827e+06 1.9976e+07 2.99798e+06 5.97895e+06 6.15777e+06 6.06581e+06 2.66319e+06 2.509e+06 2.10952e+06 2.05374e+06 2.04684e+06 1.90875e+06 2.30235e+06 3.0318e+06 8.90382e+06 2.18661e+06 1.88039e+06 4.72331e+06 8.38577e+06 3.15255e+06 2.65994e+06 2.30861e+06 3.59504e+06 2.79311e+06 1.96391e+06 2.15485e+06 1.89434e+06 1.83153e+06 1.81577e+06 1.80258e+06 2.59951e+06 1.74156e+06 1.72306e+06 1.89232e+06 1.70159e+06 2.30852e+06 1.74269e+06 2.10882e+06 1.68995e+06 1.68507e+06 1.85079e+06 1.64968e+06 1.74676e+06 1.60564e+06 1.59137e+06 1.58617e+06
threshold=-2159.7949999999996 62725.000000000007 25350.000000000004 2304.6428571428573 381.46000000000009 1.0000000180025095e-35 3.5000000000000004 26385.000000000004 -558.29499999999996 1.5000000000000002 6115.0000000000009 29545.000000000004 -1118.9457142857138 1.0000000180025095e-35 -1315.8764285714285 29885.000000000004 13.500000000000002 15.500000000000002 17.500000000000004 4.5000000000000009 16105.000000000002 -1500.8071428571427 4034.898333333334 19545.000000000004 205.00000000000003 472.88642857142861 945.00000000000011 1.0000000180025095e-35 -1019.8416666666666 1497.6785714285718 2557.5366666666673 45003.415000000008 591.87500000000011 985.82535714285723 1203.2307142857146 4.5000000000000009 -1432.0046428571427 9.5000000000000018 23482.060000000001 1425.0000000000002 410.34500000000008 1060.1785714285718 18.500000000000004 -649.43999999999994 47885.770000000011 -1026.9364285714285 -459.52999999999992 1765.0000000000002 12685.000000000002 1615.0000000000002 2288.0357142857147 3164.4242857142858 2304.6428571428573 161154.62500000003 1445.0000000000002 1296.964285714286 405.00000000000006 -299.80499999999995 26173.150000000005 2225.0000000000005 1956.4285714285718 566.42857142857144
decision_type=2 2 2 2 2 2 2 2 2 2 2 2 2 2 2 2 2 2 2 2 2 2 2 2 2 2 2 2 2 2 2 2 2 2 2 2 2 2 2 2 2 2 2 2 2 2 2 2 2 2 2 2 2 2 2 2 2 2 2 2 2 2
left_child=1 2 4 -4 -1 6 7 10 -8 -6 -2 12 13 -7 -15 50 17 -13 19 21 44 -18 26 25 -19 -20 -23 32 29 -29 -31 47 35 34 59 36 -26 39 -39 40 54 -42 43 -43 -21 46 -38 -30 61 -50 51 -14 53 -52 -35 56 -27 58 -28 -34 -17 -47
right_child=5 -3 3 -5 9 11 8 -9 -10 -11 -12 16 15 14 -16 60 18 24 23 20 -22 22 -24 -25 27 55 57 28 31 30 -32 -33 33 37 -36 -37 45 38 -40 -41 41 42 -44 -45 -46 48 -48 -49 49 -51 52 -53 -54 -55 -56 -57 -58 -59 -60 -61 -62 -63
leaf_value=-5.8428793055486627 4.8344912136612148 -27.650348795859845 28.278784001716236 0.45250909435215281 -9.9546233581989743 46.871318736291258 -2.4804102560702934 74.842857031409849 -33.292150289556957 -0.50494421586645977 -7.4905983881870091 68.149630055499557 0.19605309947234012 -11.138678512341427 15.700713976944996 6.0845498870935923 -49.722878280444718 -20.901407697417081 -15.337812223548177 -7.2522546885448538 31.615183496283109 -29.614772353220697 11.737672131366711 -18.305556342838582 -15.428843955879007 5.880430683062567 -11.518283693277404 2.2670919946737742 1.1241575839949323 59.133633470024996 6.8668249378776354 19.328491300605009 11.803193588084866 2.3959388166368099 49.424180697130993 -27.80311749429729 -6.5891244813717949 -2.2584316147409775 -32.877307317998266 15.096957887846362 14.939046130638216 17.59270332331343 -5.0733553757842289 -8.8928222982475678 15.256089086898113 3.8154034056963662 14.22172451397452 -10.103953551160631 2.5916342056912378 -19.262579859784733 1.5334686812426428 16.144472601464791 -21.3782705489193 -22.138482277654315 23.216575157770801 4.1878182626407536 -3.6110241601593871 -0.6679466157611077 -33.763352939281873 -2.7936938584078437 27.624145415214162 -12.351785385827462
leaf_weight=796 379 60 53 77 134 41 40 41 40 2099 92 43 28563 74 124 169 43 49 88 214 62 64 48 81 158 253 299 288 718 42 145 56 158 165 49 55 100 113 58 108 64 75 1159 40 43 77 150 171 394 44 188 91 68 47 51 713 1092 124 40 144 43 286
leaf_count=796 379 60 53 77 134 41 40 41 40 2099 92 43 28563 74 124 169 43 49 88 214 62 64 48 81 158 253 299 288 718 42 145 56 158 165 49 55 100 113 58 108 64 75 1159 40 43 77 150 171 394 44 188 91 68 47 51 713 1092 124 40 144 43 286
internal_value=-0.0539455 -2.22764 -1.74435 11.8036 -2.32599 0.129593 4.69995 8.23221 -17.8975 -1.07222 2.42649 0.0574978 0.344346 12.746 5.66952 0.24271 -0.980856 0.326967 -3.03102 -7.77641 3.34164 -13.5152 -10.8033 -1.03429 -0.26684 -0.381977 -12.8573 -0.0589242 3.02661 8.70571 18.6186 0.171718 -1.32968 0.446927 11.0734 -4.39927 -3.33347 -1.58817 -12.6504 -0.449655 -1.53057 -2.95897 -3.85864 8.38044 -3.48401 -1.51449 5.89771 -1.03602 -3.82814 0.394274 0.167897 0.246731 -7.28605 -3.2046 7.31618 0.257889 -1.82549 -10.538 -14.1477 4.84376 10.4589 -8.92231
internal_weight=41343 3219 3159 130 3029 38124 592 512 80 2233 471 37532 29408 239 198 29169 8124 4960 3164 937 319 618 575 2227 4917 2146 527 4868 1420 475 187 945 3448 2184 351 1264 1209 1833 171 1662 1554 1338 1274 115 257 1051 250 889 801 438 28957 28654 303 235 216 2058 1345 463 339 302 212 363
internal_count=41343 3219 3159 130 3029 38124 592 512 80 2233 471 37532 29408 239 198 29169 8124 4960 3164 937 319 618 575 2227 4917 2146 527 4868 1420 475 187 945 3448 2184 351 1264 1209 1833 171 1662 1554 1338 1274 115 257 1051 250 889 801 438 28957 28654 303 235 216 2058 1345 463 339 302 212 363
is_linear=0
shrinkage=0.1


Tree=57
num_leaves=63
num_cat=0
split_feature=25 34 31 34 24 5 23 16 28 35 16 35 0 4 0 33 34 32 24 26 19 25 32 28 25 11 11 23 26 11 35 33 32 23 14 28 28 23 35 28 35 4 30 13 26 17 21 35 28 21 0 26 21 13 13 19 22 19 25 9 30 24
split_gain=2.16147e+06 7.64566e+06 2.84294e+06 1.42884e+06 2.28301e+06 1.98035e+06 1.67317e+06 2.12522e+06 1.64185e+06 3.67466e+06 2.35342e+06 2.15853e+06 3.39994e+06 2.45324e+06 3.03619e+06 2.80778e+06 2.27744e+06 2.03071e+06 3.21721e+06 1.85588e+06 2.05863e+06 3.44862e+06 1.90137e+06 2.10975e+06 2.20442e+06 1.78907e+06 2.22088e+06 1.74121e+06 1.67736e+06 1.65476e+06 1.41877e+06 1.49124e+06 1.40057e+06 1.36094e+06 1.64166e+06 1.32334e+06 6.95551e+06 4.05086e+07 3.81079e+06 1.87483e+06 6.63821e+06 1.73459e+06 3.03861e+06 1.74199e+06 1.49591e+06 4.0185e+06 1.52283e+06 1.35102e+06 2.02095e+06 2.80171e+06 1.65383e+06 1.50684e+06 1.29829e+06 1.28643e+06 1.25098e+06 1.2371e+06 1.18742e+06 1.18177e+06 1.1803e+06 1.16823e+06 1.10427e+06 1.31435e+06
threshold=-1475.7339285714286 3.5000000000000004 3.5000000000000004 1.0000000180025095e-35 2024.9332142857145 -749.89999999999986 188.21428571428575 710.06500000000017 46615.000000000007 183683.19000000003 257.70833333333343 161154.62500000003 12.500000000000002 14.500000000000002 17.500000000000004 1210.5591071428573 10.500000000000002 319.28571428571433 849.46428571428589 19528.400000000005 2679.2857142857147 -810.40696428571437 1749.2857142857144 24015.000000000004 -325.1832142857142 875.00000000000011 1145.0000000000002 1740.5357142857144 7945.0000000000009 1325.0000000000002 17299.145000000004 1489.8214285714287 1906.2978571428573 1470.8928571428576 2275.0000000000005 41575.000000000007 41980.000000000007 1497.6785714285718 57453.030000000006 40860.000000000007 47885.770000000011 18.500000000000004 4275.0000000000009 250.96500000000003 7825.0000000000009 -1278.843333333333 1268.0435714285716 68200.970000000016 28785.000000000004 952.17678571428576 4.5000000000000009 2623.6650000000004 1496.0582142857145 644.1400000000001 925.00000000000011 1670.6228571428574 -1840.618214285714 3370.7142857142862 232.81232142857149 925.00000000000011 36388.780000000006 2115.178571428572
decision_type=2 2 2 2 2 2 2 2 2 2 2 2 2 2 2 2 2 2 2 2 2 2 2 2 2 2 2 2 2 2 2 2 2 2 2 2 2 2 2 2 2 2 2 2 2 2 2 2 2 2 2 2 2 2 2 2 2 2 2 2 2 2
left_child=1 -1 -3 4 6 -6 7 -2 9 19 -10 13 -13 14 -12 17 25 18 -15 20 22 -22 35 -24 -25 54 -27 -19 -29 -28 53 32 -32 -34 59 39 37 -37 41 47 -41 42 -38 -44 45 46 -45 56 49 50 -49 -50 58 -23 -16 -54 -5 -55 -47 -35 61 -31
right_child=3 2 -4 8 5 -7 -8 -9 10 -11 11 12 -14 15 16 -17 -18 27 -20 -21 21 30 23 24 -26 26 29 28 -30 60 31 -33 33 34 -36 36 38 -39 -40 40 -42 -43 43 44 -46 52 -48 48 51 -51 -52 -53 55 57 -56 -57 -58 -59 -60 -61 -62 -63
leaf_value=-11.563275946918719 26.603075428649749 50.126030658761806 13.750935307944694 12.124177352592476 -5.5713479556394425 20.22441821770132 0.92181081327152092 -0.957896125217371 -26.819543277636157 -23.304801012048998 25.008796563074796 32.473440086550838 -6.4201574126921601 3.0906745543173697 -0.60361638504368798 -32.718174709652594 -18.701567563823627 14.436652548544849 -29.680122617094032 -20.558057540824279 28.800972849330858 22.184405472761611 1.007386009085234 1.3957460321477346 -26.02771098993189 -15.573802551069594 18.43176869405492 3.4045305933061698 -20.948787148920573 -5.222053996744676 -11.25651851011917 -18.073312072256879 -9.5570379741977778 25.12349382204869 -6.2342705570446908 -23.623292301698555 -24.50070336519159 96.681826729829069 28.756091191791953 -0.65669468671074016 -46.237877690271205 6.6283272886049707 -19.508309524860646 -3.2179378381745396 10.118317804080789 13.965967318821985 -27.303255229286755 21.530550534514898 26.229322592715192 -21.926043631445211 1.1678185377019072 6.292476454529309 -11.027144431773074 0.35807939075689715 10.662487031035971 9.8630264634645552 -0.22484627623779849 15.57828725883077 -0.23550605964573987 3.6286952224341151 -17.09418862111611 11.968408846182751
leaf_weight=76 58 43 43 78 40 116 3806 54 42 68 42 43 47 49 254 51 79 55 77 44 58 54 118 43 92 144 40 65 50 157 65 46 45 66 43 67 61 48 46 158 40 242 48 41 123 125 73 47 64 47 262 93 97 164 161 40 32770 74 110 41 48 62
leaf_count=76 58 43 43 78 40 116 3806 54 42 68 42 43 47 49 254 51 79 55 77 44 58 54 118 43 92 144 40 65 50 157 65 46 45 66 43 67 61 48 46 158 40 242 48 41 123 125 73 47 64 47 262 93 97 164 161 40 32770 74 110 41 48 62
internal_value=0.0163021 11.5428 31.9571 -0.0289894 1.74885 13.6104 1.2764 13.3202 -0.223867 -0.0891804 -3.50372 -2.81511 12.17 -3.82652 -1.28359 -11.0583 -2.45341 -7.3215 -16.9397 -0.0448442 -0.019454 5.53038 -0.123681 -8.76045 -17.2955 -0.970185 -5.32995 -0.189793 -7.18833 -0.523245 3.27114 -1.48696 1.45045 5.68793 10.2631 -0.0606609 3.31911 26.6112 0.655304 -0.173563 -9.87439 -0.692614 -3.16041 -1.17733 0.268954 -2.22456 -18.6462 -0.115973 4.97599 0.807243 4.26806 14.4254 2.80971 8.25678 3.76783 -4.92641 -0.195504 5.09271 7.31981 16.8928 -3.36588 -0.353704
internal_weight=41403 162 86 41241 4074 156 3918 112 37167 35701 1466 1424 90 1334 987 347 945 296 126 35633 35589 656 34933 253 135 866 451 170 115 307 598 306 260 195 150 34680 1121 115 1006 33559 198 960 718 657 609 486 114 33361 513 356 309 157 372 292 415 137 32848 238 235 107 267 219
internal_count=41403 162 86 41241 4074 156 3918 112 37167 35701 1466 1424 90 1334 987 347 945 296 126 35633 35589 656 34933 253 135 866 451 170 115 307 598 306 260 195 150 34680 1121 115 1006 33559 198 960 718 657 609 486 114 33361 513 356 309 157 372 292 415 137 32848 238 235 107 267 219
is_linear=0
shrinkage=0.1


Tree=58
num_leaves=63
num_cat=0
split_feature=28 18 21 30 13 17 16 0 2 24 19 30 30 28 23 35 22 34 30 35 30 30 22 33 33 33 24 13 28 35 33 30 29 21 35 35 8 11 17 21 32 22 20 19 20 13 29 21 23 28 8 28 35 28 28 28 35 0 23 24 0 23
split_gain=1.82316e+06 4.66298e+06 3.38528e+06 3.38261e+06 6.72003e+06 2.7325e+06 2.54572e+06 2.32874e+06 2.83513e+06 2.00564e+06 2.11679e+06 1.70728e+06 4.29643e+06 6.32537e+06 4.21426e+06 4.11063e+06 2.60926e+06 1.92432e+06 1.47315e+06 3.25394e+06 3.55995e+06 2.30442e+06 1.56016e+06 4.53721e+06 7.30024e+06 2.27414e+06 2.6394e+06 1.55209e+06 1.41734e+06 3.11734e+06 2.98004e+06 3.38996e+06 2.6752e+06 3.15011e+06 1.86948e+06 2.05962e+06 2.80931e+06 3.05877e+06 1.47872e+06 1.45474e+06 1.69397e+06 1.48107e+06 1.40339e+06 1.33999e+06 1.87548e+06 1.2385e+06 1.87582e+06 1.63201e+06 1.77264e+06 1.61866e+06 1.83122e+06 1.38513e+06 4.01505e+06 2.73783e+06 2.20778e+06 1.87817e+06 2.67498e+06 2.18409e+06 1.76745e+06 1.43471e+06 1.32778e+06 1.95619e+06
threshold=62725.000000000007 2217.8571428571436 1736.5514285714287 36388.780000000006 305.00000000000006 1134.5433333333335 463.82333333333338 16.500000000000004 1.0000000180025095e-35 2347.3214285714289 1982.1428571428573 29655.000000000004 27265.000000000004 36245.000000000007 2259.8214285714289 19637.880000000001 -122.85571428571427 3.5000000000000004 24050.000000000004 20704.775000000005 25350.000000000004 23485.000000000004 -1696.8382142857138 506.60714285714295 596.69732142857163 703.39285714285722 1634.1071428571429 835.00000000000011 46615.000000000007 183683.19000000003 333.75000000000006 12535.000000000002 35421.950000000004 1330.9321428571432 183683.19000000003 96433.185000000012 -1289.6199999999997 395.00000000000006 -663.29499999999996 985.82535714285723 379.28571428571433 -636.14821428571418 -840.99357142857161 3164.4242857142858 -158.57142857142853 820.19000000000017 35421.950000000004 1389.319642857143 1041.6071428571429 39835.000000000007 -998.78499999999997 33725.000000000007 54286.910000000011 33475.000000000007 38815.000000000007 39565.000000000007 17967.670000000002 18.500000000000004 1555.1785714285718 1043.3928571428576 19.500000000000004 1485.1785714285718
decision_type=2 2 2 2 2 2 2 2 2 2 2 2 2 2 2 2 2 2 2 2 2 2 2 2 2 2 2 2 2 2 2 2 2 2 2 2 2 2 2 2 2 2 2 2 2 2 2 2 2 2 2 2 2 2 2 2 2 2 2 2 2 2
left_child=3 2 6 11 -5 -3 -2 -6 -9 10 -4 12 18 -14 17 16 -15 -13 21 43 -21 22 23 -1 -25 -26 -27 -23 34 30 -30 -32 42 -34 35 45 -37 -38 -35 41 -41 -39 -33 44 -20 47 51 -24 -49 50 -48 53 54 -47 -53 -56 -57 59 -59 -58 -50 -62
right_child=1 5 9 4 7 -7 -8 8 -10 -11 -12 14 13 15 -16 -17 -18 -19 19 20 -22 27 28 24 25 26 -28 -29 29 -31 31 32 33 38 -36 36 37 39 -40 40 -42 -43 -44 -45 -46 46 49 48 60 -51 -52 52 -54 -55 55 56 57 58 -60 -61 61 -63
leaf_value=-20.218594394822262 -20.457066993078222 19.624775918532812 -15.376219729091346 48.906982128346314 -17.400394517562813 -8.307828177738747 7.7918659528657175 1.2954881037050823 28.251309525544379 -8.0375448165401338 -45.408007698159388 -7.5423154020652792 50.603674954570344 -24.012703200582663 15.479165175335124 31.349141274974894 11.070339124777195 -28.11274523764024 16.216897841835401 -42.161176144243221 -6.5904065731284946 29.367653657873163 -0.22192136000349261 50.649169778881941 -9.9976643558961271 24.876392799734234 0.056971454055982799 2.496173973060817 -25.202530666099719 19.935858332924742 5.0633343268523392 -13.574618602791503 -23.754088152692621 12.652092103751221 -15.980036778936189 -14.536124887688809 31.665751417969165 28.61211675854841 -5.8879971041575878 -18.174304475001858 7.997315214158693 5.9534688746521232 -37.646821191335242 -15.667578617518771 -4.663220724464967 0.89932698093079011 2.65094468589185 -12.061222825138334 -0.7991492803139878 1.0735884649591465 22.352094879049162 -5.6619247475308851 -30.63587802669203 24.134306421382657 18.221060328414094 22.740298469726383 -13.064558822834043 -24.948093596742005 0.31676058659663092 5.5815322675548638 -1.8172418406889215 -13.322424261894932
leaf_weight=53 51 84 40 40 40 60 85 134 55 48 57 118 40 45 57 40 40 74 76 45 75 44 26241 41 71 78 95 42 75 48 240 54 64 76 74 49 59 42 99 42 60 92 44 41 99 7690 81 191 1969 186 113 587 49 51 72 50 49 62 50 260 401 234
leaf_count=53 51 84 40 40 40 60 85 134 55 48 57 118 40 45 57 40 40 74 76 45 75 44 26241 41 71 78 95 42 75 48 240 54 64 76 74 49 59 42 99 42 60 92 44 41 99 7690 81 191 1969 186 113 587 49 51 72 50 49 62 50 260 401 234
internal_value=-0.127528 -6.64302 -14.1405 -0.0598111 11.1159 7.98731 -2.80507 4.50561 9.1452 -24.7677 -33.0381 -0.13382 -0.0829094 16.0182 -8.38801 4.93505 -7.50618 -15.4758 -0.148993 -6.74225 -19.9415 -0.0934319 -0.128782 6.63581 11.6325 5.06734 11.2512 16.2535 -0.186742 -4.64624 -6.45736 -4.01883 -10.4866 -4.77918 -0.106186 -0.0757965 7.6269 11.3101 2.16498 6.21551 -2.78281 13.0635 -24.3963 0.593562 4.40673 -0.144925 0.859392 -0.466601 -2.76374 7.73981 14.1292 0.566238 -2.62674 1.05256 -1.41087 3.18473 0.884487 -1.7136 -13.674 2.62306 -2.08156 -6.05767
internal_weight=41322 425 281 40897 269 144 136 229 189 145 97 40628 40379 165 249 125 85 192 40214 336 120 39878 39792 338 285 244 173 86 39454 700 652 577 337 239 38754 38680 344 295 175 236 102 134 98 216 175 38336 9300 29036 2795 380 194 8920 1179 7741 1130 543 471 421 112 309 2604 635
internal_count=41322 425 281 40897 269 144 136 229 189 145 97 40628 40379 165 249 125 85 192 40214 336 120 39878 39792 338 285 244 173 86 39454 700 652 577 337 239 38754 38680 344 295 175 236 102 134 98 216 175 38336 9300 29036 2795 380 194 8920 1179 7741 1130 543 471 421 112 309 2604 635
is_linear=0
shrinkage=0.1


Tree=59
num_leaves=63
num_cat=0
split_feature=25 26 18 23 35 21 25 23 16 29 19 20 35 28 17 30 28 21 30 30 18 24 0 26 7 28 4 21 35 24 19 28 15 4 17 21 35 8 28 30 23 19 13 19 4 28 28 30 28 28 30 21 19 19 21 19 35 9 24 16 21 26
split_gain=2.09363e+06 1.87977e+06 2.09368e+06 1.50675e+06 3.26392e+06 1.4848e+06 3.94662e+06 1.39419e+06 2.59978e+06 2.80268e+06 1.82783e+06 1.49753e+06 5.19539e+06 1.02759e+07 2.37807e+06 1.45224e+06 1.51624e+06 2.54992e+06 1.597e+06 3.4488e+06 4.4303e+06 3.88069e+06 2.37474e+06 2.89348e+06 2.40341e+06 2.20991e+06 1.05003e+07 2.12872e+06 1.95098e+06 3.05768e+06 2.11105e+06 1.76312e+06 1.74004e+06 1.69623e+06 1.57809e+06 1.5361e+06 1.64417e+06 2.71752e+06 1.86849e+06 1.5876e+06 1.78868e+06 1.53467e+06 1.59728e+06 2.35443e+06 1.51709e+06 1.74271e+06 1.88979e+06 6.33133e+06 3.20067e+06 1.51988e+06 1.51733e+06 1.43745e+06 1.3321e+06 1.32209e+06 1.25714e+06 1.25525e+06 2.15898e+06 4.63022e+06 3.76962e+06 1.25028e+06 1.49555e+06 1.79348e+06
threshold=83.628392857142842 13805.000000000002 2185.0000000000005 3657.8571428571436 161154.62500000003 133.21428571428575 -425.61160714285705 2477.1428571428573 1068.3333333333337 10330.785000000002 2516.428571428572 -1628.5621428571428 18490.860000000004 39565.000000000007 -1852.1849999999997 31355.000000000004 46615.000000000007 1894.4660714285717 7955.0000000000009 7345.0000000000009 1989.2857142857144 1983.0357142857144 18.500000000000004 9425.0000000000018 -739.7149999999998 41575.000000000007 13.500000000000002 864.5842857142859 51705.185000000005 1057.3214285714287 1080.714285714286 40860.000000000007 2398.3333333333335 18.500000000000004 -1278.843333333333 1182.1825000000001 16817.345000000005 -918.97499999999991 31945.000000000004 15298.660000000002 1364.464285714286 907.34571428571439 805.00000000000011 1322.1428571428573 20.500000000000004 37755.000000000007 33475.000000000007 5115.0000000000009 32885.000000000007 34945.000000000007 1797.2500000000002 791.78571428571433 1595.0000000000002 1765.0000000000002 1862.5000000000002 157.56428571428575 5940.005000000001 -918.97499999999991 936.46553571428581 988.33333333333337 942.50000000000011 5671.1900000000014
decision_type=2 2 2 2 2 2 2 2 2 2 2 2 2 2 2 2 2 2 2 2 2 2 2 2 2 2 2 2 2 2 2 2 2 2 2 2 2 2 2 2 2 2 2 2 2 2 2 2 2 2 2 2 2 2 2 2 2 2 2 2 2 2
left_child=5 3 -3 7 -5 6 -1 11 9 -9 -10 12 13 -2 -13 16 18 34 19 21 -21 25 23 27 41 31 -27 -20 29 -28 -30 44 35 -31 -18 36 39 -38 -39 40 -26 -24 43 -43 45 46 48 49 -16 -48 52 -50 59 -54 -14 56 57 -7 -59 60 -46 -62
right_child=1 2 -4 4 -6 55 -8 8 10 -11 -12 14 54 -15 15 -17 17 -19 22 20 -22 -23 24 -25 32 26 28 -29 30 33 -32 -33 -34 -35 -36 -37 37 38 -40 -41 -42 42 -44 -45 50 -47 47 -49 51 -51 -52 -53 53 -55 -56 -57 -58 58 -60 -61 61 -63
leaf_value=35.693574932065061 -6.768773888040184 -32.404839936445718 -0.62869267391687766 2.2500847682909568 -31.806485519642496 29.317575920533695 3.2554129831586813 -4.0500251284470377 -15.996903006370346 28.235781344231089 11.679292460237997 -8.0321248923936306 -3.9829910342795558 60.801595043134753 -1.9264956701184848 15.091175683144414 15.01745203025942 -22.721737941910565 28.67146365009723 -6.7562207912905059 -41.607897761142219 28.743385642286604 -21.22393099310268 -17.141234401486955 1.5850089964656977 52.519793535767306 -24.297710311025707 7.2199290536263367 27.494278993934696 -14.136757689649095 -3.8621425447452378 -20.16081811640484 -14.851489069114093 10.226693380975396 -5.0103408941488645 -2.0271601779673643 35.220540865113527 22.724175208832232 2.3827219482139816 13.856805832451895 -17.582587209863689 15.153865189378074 -15.331467719589529 -15.489979308672464 0.30825206235522234 -14.806342108257533 -17.183780551878044 35.484863459725105 -35.444610222329516 4.4848887967891109 4.2363312110731473 -8.6294635725080902 -23.351117321058073 -3.5722212644691584 11.466094440370686 0.52167651703162499 -12.345608303357483 -0.39297056918867845 -32.232201436143853 5.0540485081757263 -7.3484921659532594 12.147922257891537
leaf_weight=40 46 40 43 66 49 48 591 41 59 78 40 474 260 44 6211 57 43 78 51 239 43 44 74 45 332 44 60 494 45 41 41 49 62 94 457 497 40 59 192 85 57 67 75 40 2075 106 53 58 40 83 812 40 48 114 66 24589 207 395 41 403 505 52
leaf_count=40 46 40 43 66 49 48 591 41 59 78 40 474 260 44 6211 57 43 78 51 239 43 44 74 45 332 44 60 494 45 41 41 49 62 94 457 497 40 59 192 85 57 67 75 40 2075 106 53 58 40 83 812 40 48 114 66 24589 207 395 41 403 505 52
internal_value=-0.0258005 -0.948766 -15.9528 -0.867468 -12.2684 0.523149 5.31439 -0.781244 7.15745 17.115 -4.8143 -0.896682 5.01902 26.281 -1.0655 -0.831356 -0.896016 -5.91109 -0.680797 -1.15795 -12.0769 -0.878433 1.8039 7.21714 -0.217659 -0.997332 7.12505 9.22978 0.00887893 -5.52459 12.5517 -1.24525 1.49742 2.82489 -3.28661 2.30117 5.11313 11.0292 7.16777 1.4803 -1.2255 -9.08639 -4.14685 3.69629 -1.15772 -2.09074 -1.88279 7.83698 -2.18258 -3.96269 0.376223 -22.0509 -0.604248 -9.43806 -0.853968 0.403547 -3.79977 -0.143922 -3.39039 -0.132574 -0.926809 -5.52742
internal_weight=41322 15411 83 15328 115 25911 631 15213 218 119 99 14995 416 90 14579 14105 14048 578 13470 11300 282 11018 2170 590 1580 10974 325 545 281 195 86 10649 1324 135 500 1262 765 291 251 474 389 256 182 107 10600 6591 6485 194 6291 136 4009 80 3197 162 326 25280 691 484 436 3035 2632 557
internal_count=41322 15411 83 15328 115 25911 631 15213 218 119 99 14995 416 90 14579 14105 14048 578 13470 11300 282 11018 2170 590 1580 10974 325 545 281 195 86 10649 1324 135 500 1262 765 291 251 474 389 256 182 107 10600 6591 6485 194 6291 136 4009 80 3197 162 326 25280 691 484 436 3035 2632 557
is_linear=0
shrinkage=0.1


Tree=60
num_leaves=63
num_cat=0
split_feature=34 22 9 25 25 33 9 28 0 34 0 22 23 29 20 34 29 28 5 29 28 23 29 26 35 29 17 30 35 16 17 21 23 35 15 23 23 22 28 22 8 31 29 26 20 26 29 16 26 22 23 4 13 32 33 20 10 31 28 26 22 5
split_gain=1.77148e+06 2.16806e+06 4.28179e+06 2.16174e+06 1.80554e+06 1.39105e+06 1.67089e+06 1.37898e+06 2.49641e+06 6.57411e+06 5.79805e+06 4.79578e+06 1.99977e+06 1.81638e+06 2.42478e+06 2.024e+06 2.70598e+06 5.39316e+06 1.9444e+06 2.18819e+06 1.44222e+06 1.93866e+06 1.81717e+06 1.71449e+06 2.1408e+06 1.41342e+06 1.38341e+06 2.16281e+06 4.79298e+06 1.77954e+06 2.62365e+06 2.01544e+06 1.87208e+06 4.62498e+06 1.37681e+06 1.45701e+06 2.45648e+06 3.49104e+06 3.00313e+06 2.25427e+06 1.33602e+06 1.33545e+06 4.09539e+06 1.32311e+06 3.93656e+06 1.30653e+06 1.39355e+06 1.28526e+06 1.47917e+06 1.7784e+06 1.44036e+06 3.08224e+06 1.413e+06 1.56171e+06 1.82142e+06 1.39309e+06 2.10733e+06 1.72167e+06 1.3654e+06 1.862e+06 2.66899e+06 2.30916e+06
threshold=1.0000000180025095e-35 -1145.6764285714282 -517.11999999999989 -97.975714285714261 327.12232142857141 336.27946428571437 2934.8500000000004 3745.0000000000005 15.500000000000002 24.500000000000004 14.500000000000002 -263.87607142857138 1.0000000180025095e-35 3645.0000000000005 -1628.5621428571428 14.500000000000002 33690.630000000012 42325.000000000007 -708.67999999999984 9164.260000000002 13985.000000000002 2477.1428571428573 18552.140000000003 9686.4000000000015 24200.905000000002 10995.000000000002 -623.2299999999999 41665.000000000007 1.0000000180025095e-35 3738.3333333333335 -3301.5966666666668 1760.3571428571431 1289.1071428571429 10913.670000000002 1391.6666666666667 319.46428571428578 306.25000000000006 -192.06892857142853 8485.0000000000018 -172.84714285714281 -739.7149999999998 4.5000000000000009 32565.000000000004 1405.0000000000002 -703.58142857142855 1015.0000000000001 18705.890000000003 2208.896666666667 791.82000000000005 -186.82749999999999 3657.8571428571436 12.500000000000002 1035.0000000000002 767.857142857143 591.25000000000011 -1059.575 2794.4400000000005 3.5000000000000004 19985.000000000004 2760.6700000000005 549.45821428571446 -649.43999999999994
decision_type=2 2 2 2 2 2 2 2 2 2 2 2 2 2 2 2 2 2 2 2 2 2 2 2 2 2 2 2 2 2 2 2 2 2 2 2 2 2 2 2 2 2 2 2 2 2 2 2 2 2 2 2 2 2 2 2 2 2 2 2 2 2
left_child=1 2 3 -1 7 -3 -7 8 10 -10 12 -12 -2 14 -9 20 18 -18 -17 34 22 26 23 24 -15 -25 29 28 -28 30 31 -22 33 -31 35 36 38 -38 -20 -37 -5 -30 -43 44 -32 46 -46 48 49 -6 55 -52 53 -49 -55 57 58 -50 -57 -60 -61 -62
right_child=4 5 -4 40 47 6 -8 13 9 -11 11 -13 -14 15 -16 16 17 -19 19 -21 21 -23 -24 25 -26 -27 27 -29 41 32 43 -33 -34 -35 -36 39 37 -39 -40 -41 -42 42 -44 -45 45 -47 -48 52 50 -51 51 -53 -54 54 -56 56 -58 -59 59 60 61 -63
leaf_value=19.723934949275488 20.517417855379609 -0.27286105754424 35.236287719967287 -19.544682862670758 -19.272092821824941 2.9242524028571317 19.157945198980272 19.516993393454996 38.456189356457315 3.9259370284760595 -49.932830334185965 -5.2427779726144372 0.97684390785503694 0.58396098747097736 -2.63580246158641 -4.5333132153681381 44.404239778377956 -3.3608987636360674 3.2028456755225045 5.3214105695164999 3.650926080464588 18.321295605750183 17.999412886848422 -25.344678542446726 10.89760202652014 -3.9172038457539742 -30.161454183890562 14.607883756421627 -1.6697287120546851 0.96123452807527221 26.89562613071439 33.498340709200946 -2.5182586919156953 -41.020424713814045 17.929159906502996 -16.232445938398072 39.367084474818363 -0.25387521302661215 -25.043695259791203 -1.0451966358215958 4.9863938154246936 4.1107020017872982 -37.025130457203403 -0.061665912749604694 1.7886144297884046 -4.1533740139616127 24.415053982442984 -30.268589477019471 -9.8223620760237687 -4.0415144915811103 4.6021878498255502 -32.622662984424913 2.0125186155932249 3.955883741862694 -18.210310854280898 3.1967889613457556 18.887295473725167 8.3955242526987206 -5.3107565420394671 -6.9186039117158558 -11.198337303642427 14.676870112839977
leaf_weight=48 53 2184 57 42 94 1584 66 50 62 495 40 60 4104 6165 3868 442 44 51 453 1499 49 52 61 42 208 115 60 79 8256 61 73 42 497 46 42 109 43 46 41 942 47 57 42 5543 85 188 40 44 273 415 46 43 81 64 88 784 61 64 710 154 42 192
leaf_count=48 53 2184 57 42 94 1584 66 50 62 495 40 60 4104 6165 3868 442 44 51 453 1499 49 52 61 42 208 115 60 79 8256 61 73 42 497 46 42 109 43 46 41 942 47 57 42 5543 85 188 40 44 273 415 46 43 81 64 88 784 61 64 710 154 42 192
internal_value=-0.0877192 1.90473 12.2171 2.63036 -0.302539 1.38277 3.57416 -0.0914043 1.47746 7.77264 0.653697 -23.1349 1.22622 -0.348374 -2.35285 -0.040061 2.11817 18.7736 1.68046 2.54556 -0.408217 -0.944827 0.826855 0.6663 0.920658 -9.65567 -1.01116 -1.85591 -2.01056 0.0720845 0.591275 17.4375 -5.10224 -17.0976 0.0627684 -0.396997 3.61215 18.9001 0.85619 -2.62098 -6.59449 -1.80822 -13.3507 0.332568 5.99309 1.11453 9.03598 -2.59152 -1.96526 -6.85586 -0.914346 -13.391 -9.09675 -13.6872 -8.87891 -0.427033 0.602453 -6.36184 0.00930984 -2.26667 3.30365 10.0312
internal_weight=41388 4028 194 137 37360 3834 1650 34205 4814 557 4257 100 4157 29391 3918 25473 3712 95 3617 3175 21761 15170 6591 6530 6373 157 15118 8494 8415 6624 6020 91 604 107 1676 1634 583 89 494 1051 89 8355 99 5929 386 313 125 3155 2878 509 2369 89 277 196 152 2280 1943 337 1882 1098 388 234
internal_count=41388 4028 194 137 37360 3834 1650 34205 4814 557 4257 100 4157 29391 3918 25473 3712 95 3617 3175 21761 15170 6591 6530 6373 157 15118 8494 8415 6624 6020 91 604 107 1676 1634 583 89 494 1051 89 8355 99 5929 386 313 125 3155 2878 509 2369 89 277 196 152 2280 1943 337 1882 1098 388 234
is_linear=0
shrinkage=0.1


Tree=61
num_leaves=63
num_cat=0
split_feature=28 0 22 22 15 28 23 23 23 35 24 23 29 29 31 4 23 23 25 35 23 22 24 29 28 34 17 28 4 28 23 4 20 18 35 35 24 28 25 5 8 25 35 35 11 8 35 23 25 23 23 20 4 32 26 30 23 28 28 22 28 22
split_gain=1.03321e+06 3.58021e+06 1.09583e+07 7.07943e+06 9.09404e+06 4.62139e+06 2.55677e+06 2.30623e+06 5.48055e+06 2.33642e+06 2.18199e+06 2.60512e+06 2.0685e+06 2.06661e+06 1.76744e+06 2.20227e+06 2.51054e+06 2.10827e+06 1.61692e+06 1.71696e+06 2.83394e+06 3.99203e+06 1.50854e+06 1.50054e+06 2.77181e+06 1.60841e+06 8.00277e+06 1.93725e+06 2.22824e+06 1.79888e+06 4.9298e+06 1.9922e+06 1.83752e+06 1.58404e+06 1.56345e+06 1.55693e+06 1.47395e+06 1.40999e+06 2.74733e+06 5.19198e+06 1.35199e+06 3.34701e+06 1.59165e+06 1.45687e+06 1.54723e+06 1.39486e+06 1.34539e+06 1.31589e+06 2.80762e+06 2.16487e+06 2.80704e+06 2.25663e+06 2.67308e+06 2.84124e+06 2.1265e+06 2.12449e+06 2.01702e+06 3.47709e+06 1.43902e+07 2.33326e+07 2.54692e+06 1.93096e+06
threshold=8695.0000000000018 15.500000000000002 -925.02607142857107 -789.72892857142836 241.66666666666671 8585.0000000000018 2398.5714285714289 1434.1071428571429 1873.3928571428576 42667.910000000011 471.44375000000008 294.10714285714295 3795.0000000000005 7953.2750000000005 1.5000000000000002 22.500000000000004 2477.1428571428573 2237.3214285714289 624.94035714285724 6540.1550000000016 294.10714285714295 -216.49571428571429 622.88482142857163 5522.3200000000006 9185.0000000000018 14.500000000000002 -1278.843333333333 29355.000000000004 17.500000000000004 39835.000000000007 1570.1785714285718 15.500000000000002 -814.79642857142846 467.85714285714295 38155.840000000004 38155.840000000004 326.52482142857144 82525.000000000015 -1475.7339285714286 -589.52499999999986 -5947.1999999999998 269.74196428571435 32643.635000000006 18667.950000000001 713.17000000000019 -5608.0499999999993 29656.035000000003 914.46428571428589 -993.66624999999988 1060.1785714285718 1064.464285714286 43.47999999999994 13.500000000000002 273.57142857142861 3825.0000000000005 19545.000000000004 816.96428571428589 20765.000000000004 21195.000000000004 -107.19714285714282 15905.000000000002 60.220357142857132
decision_type=2 2 2 2 2 2 2 2 2 2 2 2 2 2 2 2 2 2 2 2 2 2 2 2 2 2 2 2 2 2 2 2 2 2 2 2 2 2 2 2 2 2 2 2 2 2 2 2 2 2 2 2 2 2 2 2 2 2 2 2 2 2
left_child=1 3 -3 4 -1 7 10 18 -9 -10 13 -12 -8 -5 15 16 17 23 19 -4 21 -21 -22 24 -2 29 -27 36 -29 31 32 33 34 -25 -31 -33 -28 38 39 -16 41 42 43 -40 -45 -42 -35 55 -49 51 -51 52 53 -50 -55 56 57 61 59 -59 -58 -47
right_child=14 2 5 6 -6 -7 12 8 9 -11 11 -13 -14 -15 37 -17 -18 -19 -20 20 22 -23 -24 25 -26 26 27 28 -30 30 -32 35 -34 46 -36 -37 -38 -39 40 -41 45 -43 -44 44 -46 47 -48 48 49 50 -52 -53 -54 54 -56 -57 60 58 -60 -61 -62 -63
leaf_value=-62.211269581245318 7.4351722166242515 51.363697792712166 0.90977823978717565 -1.4417472563151592 -5.6051875751864193 32.617037025033916 -0.42018761152886608 37.297328108573133 -18.535296907776463 13.440447038846774 26.116644769049429 1.1499547514908433 -30.801541957001788 -17.911757521045889 -9.3917956014208031 0.62756617901773293 19.757017362036041 -14.392571060562004 -13.384451708286074 43.563121392153811 -1.0551122520729488 2.9948769475098906 17.245512632662425 -2.4475635314908275 -8.806916115711406 43.29563702367048 -9.3699739951388796 -15.830142511132955 7.3901453598249809 -20.143226096507874 2.4157435518889465 -1.2558970957523519 -7.0650509199036051 -7.6467800709005465 -44.336453729831646 8.0046539585091043 1.6737324180677025 -15.070278281593801 -3.9707268923184418 37.980464588708195 18.301942175578297 -27.973654543611698 -19.606853168641265 -0.28058999685310415 25.301786736160629 -3.1816418379973759 -25.762267565646052 -21.135847059412029 14.580549718555098 -19.368780538047563 0.59394451316938568 -1.4154491815365082 -1.5257049002462189 -3.0838046157342549 9.7613449544949873 -19.414387845309619 7.2227476099289127 100.17658786696293 1.7145701485855396 1.2786528879661465 -5.5171276535552707 1.7239579568323489
leaf_weight=41 124 48 1807 3190 92 52 42 62 42 50 42 6848 48 78 41 3685 51 146 69 48 201 49 58 944 687 43 131 150 57 77 172 2623 60 594 41 195 1553 60 208 53 43 57 44 54 42 2194 44 57 474 71 8183 510 320 238 281 61 179 40 1289 59 1270 1265
leaf_count=41 124 48 1807 3190 92 52 42 62 42 50 42 6848 48 78 41 3685 51 146 69 48 201 49 58 944 687 43 131 150 57 77 172 2623 60 594 41 195 1553 60 208 53 43 57 44 54 42 2194 44 57 474 71 8183 510 320 238 281 61 179 40 1289 59 1270 1265
internal_value=-0.08068 0.662988 4.07162 -0.153311 -23.072 3.13948 0.144242 2.49638 14.3303 -1.15926 0.292959 1.30234 -16.6317 -1.83512 -0.416781 -1.38255 -2.34553 -2.49319 1.67958 2.16042 8.50747 23.082 3.04562 -2.26129 -6.32323 -1.7684 0.662665 -0.307895 -9.43589 -2.75822 -9.6577 -2.20929 -21.3216 -5.04916 -28.5646 -0.614953 0.814376 0.22603 0.279957 17.324 0.185323 -5.52259 -1.84175 0.732296 10.919 0.325154 -8.89805 0.278225 0.985716 1.11095 0.42211 4.22971 6.4224 8.98367 3.87115 -0.849619 -0.669598 0.309047 4.53712 41.2679 -3.94313 -1.3876
internal_weight=41337 12867 2486 10381 133 2438 10248 2386 154 92 10158 6890 90 3268 28470 11377 7692 7641 2232 2163 356 97 259 7495 811 6684 1934 1891 207 4750 350 4400 178 1582 118 2818 1684 17093 17033 94 16939 405 348 304 96 16534 638 16491 10134 10077 8254 1823 1313 993 519 6357 6296 4847 1388 99 1449 3459
internal_count=41337 12867 2486 10381 133 2438 10248 2386 154 92 10158 6890 90 3268 28470 11377 7692 7641 2232 2163 356 97 259 7495 811 6684 1934 1891 207 4750 350 4400 178 1582 118 2818 1684 17093 17033 94 16939 405 348 304 96 16534 638 16491 10134 10077 8254 1823 1313 993 519 6357 6296 4847 1388 99 1449 3459
is_linear=0
shrinkage=0.1


Tree=62
num_leaves=63
num_cat=0
split_feature=25 23 21 25 1 33 24 28 34 28 32 24 25 22 24 29 26 22 33 4 23 33 35 28 23 23 22 21 28 35 21 33 25 26 22 23 13 23 18 35 29 33 35 35 34 35 23 35 12 35 4 0 32 26 6 25 23 21 17 17 21 23
split_gain=1.39102e+06 2.3559e+06 3.42543e+06 3.27505e+06 6.82842e+06 2.40349e+06 1.92898e+06 2.12014e+06 1.74817e+06 2.44584e+06 2.53521e+06 1.52049e+06 1.22192e+06 3.42491e+06 1.90096e+06 1.68716e+06 2.47212e+06 1.92885e+06 1.46998e+06 1.55853e+06 1.34693e+06 2.23256e+06 1.20019e+06 1.03423e+06 2.91031e+06 3.3049e+06 1.31303e+07 2.75294e+06 2.324e+06 2.94466e+06 6.0374e+06 5.05738e+06 2.88507e+06 2.27449e+06 8.10506e+06 2.34677e+06 2.2907e+06 2.27651e+06 2.14527e+06 1.93444e+06 2.44061e+06 2.31384e+06 2.39921e+06 2.45944e+06 1.73305e+06 2.22455e+06 1.36876e+07 2.37023e+06 2.02512e+06 1.80501e+06 1.95604e+06 4.2431e+06 2.67487e+06 3.43167e+06 2.81134e+06 2.17479e+06 2.39776e+06 4.18791e+06 2.56236e+06 4.758e+06 2.70485e+06 2.75028e+06
threshold=-898.20660714285702 1570.1785714285718 1833.9285714285718 -1475.7339285714286 3.5000000000000004 249.10714285714286 2427.3214285714289 38385.000000000007 1.5000000000000002 37455.000000000007 599.28571428571433 1107.6594642857146 823.29053571428574 -881.76964285714268 1514.1071428571429 11919.845000000003 2645.0000000000005 949.82642857142866 366.60714285714295 3.5000000000000004 1809.1071428571429 227.80357142857147 49630.665000000008 22815.000000000004 734.46428571428589 746.607142857143 -550.99071428571426 1010.1314285714287 24015.000000000004 10637.695000000002 767.99107142857156 179.4001785714286 -255.13982142857139 7345.0000000000009 -1696.8382142857138 1339.8214285714287 13.535000000000002 1623.3928571428576 647.857142857143 5480.0650000000014 21055.000000000004 1489.8214285714287 22401.800000000003 31756.850000000002 7.5000000000000009 76700.345000000016 1394.8214285714287 57453.030000000006 2785.0000000000005 16231.280000000002 13.500000000000002 15.500000000000002 263.57142857142861 2865.0000000000005 -669.43999999999994 275.01678571428585 1289.1071428571429 1147.3907142857145 -2206.7599999999998 -1976.8399999999999 1340.3046428571431 1448.0357142857144
decision_type=2 2 2 2 2 2 2 2 2 2 2 2 2 2 2 2 2 2 2 2 2 2 2 2 2 2 2 2 2 2 2 2 2 2 2 2 2 2 2 2 2 2 2 2 2 2 2 2 2 2 2 2 2 2 2 2 2 2 2 2 2 2
left_child=1 2 3 4 -1 -5 7 -4 -7 11 -11 -10 23 -14 15 16 17 -15 19 -17 -21 -22 -8 24 27 26 -26 -2 -25 30 31 -30 -33 34 -32 38 -36 -37 -35 -27 41 42 -41 -44 49 47 -47 48 -46 -31 51 -51 53 54 -53 56 57 -54 -58 -60 61 -61
right_child=12 -3 6 5 -6 8 22 -9 9 10 -12 -13 13 14 -16 18 -18 -19 -20 20 21 -23 -24 28 25 39 -28 -29 29 44 33 32 -34 35 36 37 -38 -39 -40 40 -42 -43 43 -45 45 46 -48 -49 -50 50 -52 52 55 -55 -56 -57 58 -59 59 60 -62 -63
leaf_value=50.069348367089049 -0.44718421324252172 19.520493105228216 -6.2018357993929634 22.699333448347119 -4.1089771618672231 13.382455199915425 14.447101748272425 -34.812243401699938 -4.5286455155019745 -29.171079554942924 1.4798533533934304 12.432875625664535 -28.517322028951448 -22.631774155470115 18.544862931480363 -10.193694192760026 -31.989742677190932 -0.88634732532783023 -13.824080868367913 23.689374456666307 -10.221700413422582 19.222074905380268 -10.034654898768508 -4.4063347745881023 50.703334772631273 4.4171733082882758 2.8936673426298176 -11.502941390963732 44.698461857600755 -3.027221496655633 43.866008829893147 33.85373709628702 4.1152980223499496 16.89301574771838 -17.94251679697129 -23.69927488567431 2.4947104570894929 -4.4739861147063298 -6.5020733143482765 -0.34169270262960649 7.6844507506173017 -12.328251406147279 6.3374365109363033 -1.1029920446523478 -3.0702432816714413 18.136833659238761 -48.57670596468364 15.854639610692828 17.010915756599214 31.114056698435441 -0.87914710497934534 20.573233569911938 2.5606035923445312 36.624308483949321 1.1875935992485567 -5.0763703188371423 -4.4476558115354106 -19.410123116322495 39.569928214065612 6.6634750093357047 9.6047234091564775 -14.493324853713256
leaf_weight=47 13495 88 61 53 46 79 40 45 119 60 49 95 54 51 41 46 40 203 46 53 53 50 40 1514 67 1579 401 229 54 1629 47 41 159 75 57 90 1418 195 82 7272 469 143 1222 698 3091 60 63 70 51 52 3209 103 300 42 273 487 224 122 44 136 574 112
leaf_count=47 13495 88 61 53 46 79 40 45 119 60 49 95 54 51 41 46 40 203 46 53 53 50 40 1514 67 1579 401 229 54 1629 47 41 159 75 57 90 1418 195 82 7272 469 143 1222 698 3091 60 63 70 51 52 3209 103 300 42 273 487 224 122 44 136 574 112
internal_value=-0.00866954 4.06385 2.20952 6.18941 23.2836 2.69324 -9.51465 -18.3585 0.0531181 -3.20855 -15.3978 3.00212 -0.0911564 -4.43626 -2.2035 -3.7746 -8.89823 -5.25617 2.29993 5.97427 10.7435 4.07374 2.20754 -0.0218667 0.359582 1.50753 9.74291 -0.631703 -0.70056 -0.264266 3.05027 17.5564 10.2186 1.17382 3.00772 -5.14071 1.70435 -10.5482 4.67571 1.1689 0.645727 0.292054 0.488455 3.63257 -0.95509 -2.844 -16.0393 -2.33846 -2.74402 -0.0929552 0.748895 2.86486 2.25647 9.53093 6.50006 0.735145 2.60708 -3.79266 5.08485 7.55065 5.83441 -2.89218
internal_weight=41408 822 734 548 93 455 186 106 402 323 109 214 40586 637 583 542 294 254 248 202 156 103 80 39949 25575 11851 468 13724 14374 12860 2218 254 200 1964 1522 442 1475 285 157 11383 9804 9335 9192 1920 10642 3335 123 3212 3142 7307 5678 2469 2417 418 376 1999 1512 422 1090 866 822 248
internal_count=41408 822 734 548 93 455 186 106 402 323 109 214 40586 637 583 542 294 254 248 202 156 103 80 39949 25575 11851 468 13724 14374 12860 2218 254 200 1964 1522 442 1475 285 157 11383 9804 9335 9192 1920 10642 3335 123 3212 3142 7307 5678 2469 2417 418 376 1999 1512 422 1090 866 822 248
is_linear=0
shrinkage=0.1


Tree=63
num_leaves=63
num_cat=0
split_feature=9 35 19 19 28 24 21 35 24 35 9 30 35 32 13 34 28 20 19 25 33 23 25 29 18 28 24 0 23 32 33 25 16 35 33 30 29 35 33 29 32 32 33 22 33 0 30 15 0 35 23 31 28 28 35 35 30 9 25 23 22 32
split_gain=1.18499e+06 2.41772e+06 1.80128e+06 2.34145e+06 1.34554e+06 1.15102e+06 3.22476e+06 3.28038e+06 5.88378e+06 2.95971e+06 2.40227e+06 2.12386e+06 1.97873e+06 2.54492e+06 1.54864e+06 1.41692e+06 2.15547e+06 1.6011e+06 1.58586e+06 2.14214e+06 2.43898e+06 2.48924e+06 5.07252e+06 3.14435e+06 3.10728e+06 2.97049e+06 1.78255e+06 1.56956e+06 1.46076e+06 1.50762e+06 1.72888e+06 2.18004e+06 1.28378e+06 1.25743e+06 4.03136e+06 1.83609e+06 3.0631e+06 2.39629e+06 1.37013e+06 1.23211e+06 7.63176e+06 1.19704e+07 2.86228e+06 3.6077e+06 3.0122e+06 2.0403e+06 1.91313e+06 2.94901e+06 2.7083e+06 2.63825e+06 3.73702e+06 2.62537e+06 2.51264e+06 2.19249e+06 2.00375e+06 1.94515e+06 1.84664e+06 2.57029e+06 2.59283e+06 2.217e+06 1.82573e+06 3.61081e+06
threshold=-6387.1899999999987 23036.735000000004 1203.2307142857146 1953.5507142857143 39565.000000000007 1754.3467857142857 1470.9582142857146 11527.440000000001 2024.9332142857145 0.20000000000000004 -558.29499999999996 31355.000000000004 22607.355000000007 884.67000000000019 322.02500000000003 2.5000000000000004 69245.000000000015 -3516.3342857142852 1708.5921428571432 -810.40696428571437 1489.8214285714287 2116.6071428571436 145.33750000000001 5522.3200000000006 2150.7142857142862 39565.000000000007 1826.964285714286 20.500000000000004 2346.9642857142862 805.00000000000011 856.07142857142867 -308.05303571428573 1313.5300000000002 1.0000000180025095e-35 674.32964285714297 24050.000000000004 48160.000000000007 23036.735000000004 930.17857142857156 35421.950000000004 1399.2857142857144 1572.8571428571429 771.8687500000002 -1500.8071428571427 842.32142857142867 26.500000000000004 11565.000000000002 778.33333333333337 16.500000000000004 43789.220000000008 1576.964285714286 2.5000000000000004 42325.000000000007 46615.000000000007 20704.775000000005 5788.9600000000009 13726.740000000002 -389.78999999999991 83.628392857142842 1364.464285714286 -901.79678571428565 270.71428571428578
decision_type=2 2 2 2 2 2 2 2 2 2 2 2 2 2 2 2 2 2 2 2 2 2 2 2 2 2 2 2 2 2 2 2 2 2 2 2 2 2 2 2 2 2 2 2 2 2 2 2 2 2 2 2 2 2 2 2 2 2 2 2 2 2
left_child=1 -1 4 -4 -3 11 7 8 -7 10 -8 33 32 14 -14 17 18 -11 28 -20 21 23 24 -21 -23 -26 -25 -28 29 30 -17 -32 -9 34 -2 39 37 38 -37 46 42 -42 43 -41 -44 -45 60 49 -49 52 -51 -50 55 -54 -53 -48 59 58 -58 -57 61 -35
right_child=5 2 3 -5 -6 6 9 12 -10 15 -12 -13 13 -15 -16 16 -18 -19 19 20 -22 22 -24 26 25 -27 27 -29 -30 -31 31 -33 -34 35 -36 36 -38 -39 -40 40 41 -43 44 45 -46 -47 47 48 51 50 -52 54 53 -55 -56 56 57 -59 -60 -61 -62 -63
leaf_value=0.96378903380247449 2.2251412426124499 -11.048930900429259 6.7267856242878601 -20.847564038363373 -32.757640594496813 42.819451306446091 -34.75638542152614 -10.735003337780677 -5.5019372669200921 19.60520410454529 -0.52322080150228023 -22.994819041524792 -11.464791265271614 32.41812210283269 10.520217118594632 19.665913924550626 -22.107836018581995 3.1138320441877849 15.331204293615796 -32.169413812747749 -16.219567229442465 -0.46214915674568613 -8.6080251136032668 9.5554970642253227 45.557793330866026 9.6387761553742806 -2.8610360707762985 -21.59850463467582 22.424966628883176 21.033127375148538 8.7115905725874949 -8.1040919806938856 10.047056837115139 8.4104448119222202 33.492752886400638 2.7963339008724284 9.9480500088537731 -38.025974462325628 -21.088052642854024 -14.04490152458032 71.980654332402651 1.8394903102293794 -18.380803751332394 17.298260561698495 6.6205975388933247 3.4054018481433235 1.5596535707168346 8.6759108616525573 -13.688764914092225 -45.439982710918478 -6.7776353267279577 -2.1647752736050516 16.819967118479326 -7.8416905660105973 9.3812194498906063 -9.6897836341050816 -15.327807154102633 -4.4584115663630177 -41.484387330549836 10.474560149739167 -0.056811803249559326 -0.39886971044579089
leaf_weight=355 487 62 80 50 53 68 42 96 40 63 40 40 41 44 146 43 46 889 61 44 137 56 135 77 51 42 160 62 42 41 125 201 43 772 45 48 56 41 48 103 40 62 138 130 74 565 182 295 166 41 64 862 88 61 182 215 122 119 55 73 31580 1171
leaf_count=355 487 62 80 50 53 68 42 96 40 63 40 40 41 44 146 43 46 889 61 44 137 56 135 77 51 42 160 62 42 41 125 201 43 772 45 48 56 41 48 103 40 62 138 130 74 565 182 295 166 41 64 862 88 61 182 215 122 119 55 73 31580 1171
internal_value=0.101682 -4.30985 -11.9499 -3.88263 -21.0637 0.166627 2.11022 9.59901 24.9283 0.59132 -18.0678 0.021335 5.12173 10.7936 5.69817 1.26425 -0.85274 4.20615 -0.0862509 -2.69464 -4.1348 -1.49317 5.43078 -7.2261 18.1492 29.3503 -3.55073 -8.09773 4.6744 2.85353 0.830983 -1.656 -4.30468 0.0456666 4.87287 -0.0230911 -9.75027 -17.8029 -9.15057 0.0274424 3.30587 29.3677 0.67256 3.4165 -9.65437 6.00513 -0.0736941 -2.7281 0.0853856 -6.87918 -21.8889 -2.00927 -5.15565 6.72431 -0.15161 -7.4668 -10.2797 -15.8259 -23.465 -4.57773 0.126243 3.1014
internal_weight=41360 600 245 130 115 40760 2835 478 108 2357 82 37925 370 231 187 2275 1323 952 1277 825 764 627 284 343 149 93 299 222 452 410 369 326 139 37885 532 37353 193 137 96 37160 1112 102 1010 798 212 695 36048 2525 1505 1020 105 1210 915 149 1044 766 584 296 177 288 33523 1943
internal_count=41360 600 245 130 115 40760 2835 478 108 2357 82 37925 370 231 187 2275 1323 952 1277 825 764 627 284 343 149 93 299 222 452 410 369 326 139 37885 532 37353 193 137 96 37160 1112 102 1010 798 212 695 36048 2525 1505 1020 105 1210 915 149 1044 766 584 296 177 288 33523 1943
is_linear=0
shrinkage=0.1


Tree=64
num_leaves=63
num_cat=0
split_feature=33 33 22 34 22 29 30 18 30 28 15 17 35 2 20 29 28 22 15 8 24 9 28 25 19 33 1 28 33 13 5 23 10 22 30 34 16 33 30 28 0 23 0 4 9 18 33 31 18 30 35 9 20 28 23 35 23 23 28 23 22 22
split_gain=1.11756e+06 9.41871e+06 3.60272e+06 7.2095e+06 2.41687e+06 2.06003e+06 1.74235e+06 3.00818e+06 2.48015e+06 2.58564e+06 2.49922e+06 1.65646e+06 1.86845e+06 1.96872e+06 3.47806e+06 3.16485e+06 1.96521e+06 1.5653e+06 1.52349e+06 1.40865e+06 1.27911e+06 1.198e+06 1.4689e+06 1.26184e+06 4.37807e+06 3.66668e+06 3.63069e+06 3.9914e+06 6.9249e+06 3.03677e+06 2.42614e+06 1.12384e+06 1.02462e+06 1.01507e+06 979065 2.43953e+06 8.01092e+06 3.16615e+06 1.17979e+07 2.09476e+06 1.38339e+07 4.53339e+06 2.61613e+06 3.39106e+06 7.12346e+06 2.44053e+06 3.09998e+06 2.41197e+06 3.05542e+06 2.214e+06 2.60538e+06 2.02369e+06 2.01748e+06 2.01707e+06 2.14182e+06 3.17822e+06 2.01691e+06 6.1231e+06 2.09176e+06 2.21247e+06 1.94586e+06 1.9449e+06
threshold=1429.464285714286 1489.8214285714287 72.650000000000048 3.5000000000000004 673.50214285714299 11694.360000000002 32345.000000000004 2363.5714285714289 36388.780000000006 62725.000000000007 1558.3333333333337 933.3333333333336 30054.340000000004 1.0000000180025095e-35 -1185.5849999999998 60845.000000000007 47855.000000000007 1939.0239285714285 2205.0000000000005 -329.17499999999995 2427.3214285714289 -7995.4449999999988 46615.000000000007 -993.66624999999988 2005.0000000000002 289.82142857142861 1.5000000000000002 33725.000000000007 674.32964285714297 460.38500000000005 -689.89499999999987 1740.5357142857144 1277.4650000000004 -361.75428571428569 1.0000000180025095e-35 13.500000000000002 1291.6666666666667 78.851607142857162 1665.0000000000002 1.0000000180025095e-35 15.500000000000002 1301.6071428571429 15.500000000000002 13.500000000000002 11080.000000000002 1.0000000180025095e-35 1095.714285714286 2.5000000000000004 992.14285714285722 16105.000000000002 8466.5100000000002 564.99500000000012 -182.84071428571428 4495.0000000000009 1.0000000180025095e-35 161154.62500000003 1508.7500000000002 1461.964285714286 43870.000000000007 1706.2500000000002 1156.7778571428573 -503.48392857142852
decision_type=2 2 2 2 2 2 2 2 2 2 2 2 2 2 2 2 2 2 2 2 2 2 2 2 2 2 2 2 2 2 2 2 2 2 2 2 2 2 2 2 2 2 2 2 2 2 2 2 2 2 2 2 2 2 2 2 2 2 2 2 2 2
left_child=6 2 3 -2 5 31 20 8 10 -10 -8 12 13 15 -15 18 -14 -6 19 -7 21 22 32 24 25 -23 -27 29 30 -28 -29 -3 -1 -13 53 39 37 38 -37 40 41 -36 43 44 -41 46 -45 48 56 50 -50 -47 -52 54 -25 60 57 -44 -58 -60 -56 -39
right_child=1 4 -4 -5 17 11 7 -9 9 -11 -12 33 16 14 -16 -17 -18 -19 -20 -21 -22 23 -24 34 -26 26 27 28 -30 -31 -32 -33 -34 -35 35 36 -38 61 -40 42 -42 -43 47 45 -46 51 -48 -49 49 -51 52 -53 -54 -55 55 -57 58 -59 59 -61 -62 -63
leaf_value=-0.22446080501548404 12.502109199888038 -6.7404483340519921 4.7097342159966846 70.470859447756879 23.371586650751539 0.96801950800868986 -42.452610686828251 16.292923069348728 8.5721330659037243 -21.365823957254161 -9.4770975759254892 -24.275493562456905 0.84071657893994578 38.944283056089063 0.42932238781036464 -16.652160812213083 -27.403123035740471 -1.2083213537302981 -5.8366298146717082 24.780949253321268 -17.169758629338833 29.67436022355923 -24.592916241477944 19.128260291957936 35.616316357168451 17.388139565723026 28.901626679066869 8.1654447688322218 -53.119949115934389 -6.2050089969381892 -23.274388575118298 -29.75478754543068 -18.034394607591572 -3.8493125965295363 -5.9687964560157987 0.35950179170662816 45.933436855853081 -5.4654750130005674 46.383500370417018 0.70479013781990418 48.277535037563482 -29.444452878216552 -1.1294107413827332 -1.2702202732140897 40.434163212968883 0.86505074011108651 -28.341110311900287 0.37238675145627487 2.6679586875515455 6.4449388726372483 -20.972602531075726 4.3845053350210215 -8.5383200329648492 -1.9034912597980629 0.15741183694928151 -27.276148342360244 -20.329975718273605 36.749767007063497 6.1729952150350709 -14.606164416800517 8.2723139158885939 2.9929597646600268
leaf_weight=167 45 44 43 41 61 41 45 41 70 49 47 43 64 42 53 74 40 45 50 63 44 42 40 62 43 76 40 61 41 64 41 41 40 56 335 216 44 369 75 134 42 109 4895 2433 68 5869 43 7645 163 106 167 2264 597 7523 4760 41 108 43 114 93 315 1032
leaf_count=167 45 44 43 41 61 41 45 41 70 49 47 43 64 42 53 74 40 45 50 63 44 42 40 62 43 76 40 61 41 64 41 41 40 56 335 216 44 369 75 134 42 109 4895 2433 68 5869 43 7645 163 106 167 2264 597 7523 4760 41 108 43 114 93 315 1032
internal_value=-0.115413 3.48175 28.3519 40.1633 -0.994454 -3.41294 -0.190343 -8.47879 -13.295 -3.75902 -25.6208 -1.07806 1.6244 5.37795 17.4686 0.337449 -10.0302 12.941 8.50407 15.3982 -0.138586 -0.119979 -7.06225 -0.0771799 5.45535 1.89773 -1.71811 -7.5993 -18.4375 7.30489 -4.4773 -17.8525 -3.66954 -12.7291 -0.134095 0.206885 3.83283 2.73668 12.2273 -0.0426322 -6.54396 -11.7346 0.0850843 1.25235 14.0858 1.00793 -1.74092 -0.820759 -2.27185 -7.24338 -8.80887 1.84479 -11.2575 -0.857988 0.661003 0.437016 -1.29414 -0.79919 -9.05167 -3.16382 0.661173 0.76503
internal_weight=41462 846 129 86 717 611 40616 252 211 119 92 526 427 323 95 228 104 106 154 104 40364 40320 247 40073 408 365 323 247 143 104 102 85 207 99 39665 26964 1736 1692 291 25228 486 444 24742 10811 202 10609 2476 13931 6286 1033 927 8133 764 12701 5178 5116 5253 4938 315 207 5075 1401
internal_count=41462 846 129 86 717 611 40616 252 211 119 92 526 427 323 95 228 104 106 154 104 40364 40320 247 40073 408 365 323 247 143 104 102 85 207 99 39665 26964 1736 1692 291 25228 486 444 24742 10811 202 10609 2476 13931 6286 1033 927 8133 764 12701 5178 5116 5253 4938 315 207 5075 1401
is_linear=0
shrinkage=0.1


Tree=65
num_leaves=63
num_cat=0
split_feature=21 24 26 26 13 29 34 26 26 26 19 18 21 32 24 22 13 4 24 35 24 35 34 30 26 32 26 30 28 21 15 19 24 23 20 24 23 29 4 18 15 26 29 19 21 29 24 35 30 21 24 5 26 29 32 21 32 23 18 4 8 35
split_gain=906504 2.59813e+06 2.50543e+06 2.21248e+06 2.14461e+06 2.25109e+06 2.1928e+06 1.95938e+06 5.63369e+06 2.98079e+06 3.03249e+06 2.78792e+06 1.75438e+06 1.64133e+06 2.05692e+06 1.5594e+06 1.41994e+06 2.21171e+06 1.34242e+06 1.2759e+06 2.09001e+06 1.59455e+06 4.0073e+06 1.62829e+06 2.72144e+06 2.03142e+06 1.9983e+07 2.57922e+06 3.50317e+06 1.7818e+06 1.46454e+06 1.36406e+06 2.26551e+06 2.2047e+06 3.11727e+06 1.65749e+06 2.18429e+06 2.59074e+06 1.60495e+06 1.5612e+06 2.05809e+06 1.53504e+06 1.29852e+06 1.47206e+06 1.27306e+06 1.23974e+06 1.25398e+06 1.23711e+06 1.23022e+06 1.22448e+06 1.96717e+06 1.1675e+06 1.58918e+06 1.71003e+06 1.16088e+06 1.51026e+06 1.11864e+06 1.14751e+06 1.74796e+06 2.30037e+06 1.10421e+06 1.11611e+06
threshold=1577.8910714285716 1907.9301785714288 2915.0000000000005 3685.0000000000005 1.0000000180025095e-35 39762.455000000009 9.5000000000000018 1365.0000000000002 1665.0000000000002 2085.0000000000005 970.71428571428589 1843.5714285714287 1715.3571428571431 397.85714285714295 1578.160535714286 501.64500000000004 395.00000000000006 14.500000000000002 2069.4642857142862 161154.62500000003 1709.7994642857145 68200.970000000016 1.5000000000000002 52175.000000000007 13805.000000000002 1399.2857142857144 6185.0000000000009 20555.000000000004 33725.000000000007 1833.9285714285718 2588.3333333333335 2226.3407142857145 1690.1785714285718 1833.7500000000002 -102.27357142857136 1944.9091071428572 2188.3928571428573 46340.000000000007 9.5000000000000018 6200.0000000000009 2875.0000000000005 7665.0000000000009 14645.000000000002 2753.5714285714289 1926.7857142857144 39762.455000000009 1486.5164285714288 22401.800000000003 18855.000000000004 2304.6428571428573 2069.4642857142862 -639.89999999999986 2700.0200000000004 43125.000000000007 937.857142857143 1658.214285714286 2069.3835714285719 1706.2500000000002 2217.8571428571436 13.500000000000002 -808.9799999999999 16378.685000000003
decision_type=2 2 2 2 2 2 2 2 2 2 2 2 2 2 2 2 2 2 2 2 2 2 2 2 2 2 2 2 2 2 2 2 2 2 2 2 2 2 2 2 2 2 2 2 2 2 2 2 2 2 2 2 2 2 2 2 2 2 2 2 2 2
left_child=1 -1 7 13 -3 6 18 12 11 10 -10 -9 -2 14 -4 -7 -14 -18 -6 21 -21 23 -23 24 25 31 -27 42 -29 -30 49 32 39 -33 -35 60 38 41 -37 40 45 -38 -28 -44 -26 48 -47 -45 54 -31 -51 -11 53 -53 55 -5 -46 -58 59 -59 -34 -62
right_child=2 4 3 19 5 15 -8 8 9 51 -12 -13 16 -15 -16 -17 17 -19 -20 20 -22 22 -24 -25 44 26 27 28 29 30 -32 33 35 34 -36 36 37 -39 -40 -41 -42 -43 43 47 56 46 -48 -49 -50 50 -52 52 -54 -55 -56 -57 57 58 -60 -61 61 -63
leaf_value=0.011103005035221249 13.619568857461694 26.392362394341248 -9.8728509854079327 2.0205462601621558 7.7220730793016159 -22.499380474578455 -6.5362587188152563 -53.31070353285353 -3.6903623315857623 -22.694176974776564 30.015775228588474 -16.186310672179211 -20.221136980554245 24.570873391000852 15.582947270449873 4.4484855050649026 11.162042135814286 -16.676448054111741 26.342145067324068 -4.7679719209394111 26.048992714156856 12.728226012811882 -25.871190293120851 17.667453466287711 8.0238655014133329 71.62444571560107 3.8013219619989145 33.493010075745921 23.632235057336189 6.6758766032655394 15.548240626004759 -0.59048792427756103 -4.1103123966368917 -30.817855567857869 3.0428601268355546 -27.016698874916148 -13.252443487884637 28.591561080989774 -4.1788648762290235 15.102784788877873 -25.709691715998225 11.038614067951917 -8.8985973486938104 -4.2513277543515828 -22.641982197230092 -23.513673372454409 -4.2465085973625021 10.608295093213613 13.423833508952647 -23.326243272981266 0.32582555304370797 -8.8783254639033977 -23.549421060742752 14.790713807871516 1.2687254992115145 -9.6721290572627225 1.1789574601635837 -38.139849187954688 -1.8912032007434811 -8.9078848014564151 4.3078997195962501 16.195264164331913
leaf_weight=36132 72 57 58 158 79 41 54 40 80 68 40 41 45 56 70 45 75 46 76 43 45 41 78 47 40 41 239 45 41 108 61 148 64 77 42 41 53 40 123 42 44 51 366 154 65 59 79 88 47 51 113 119 48 41 352 367 91 45 89 67 157 159
leaf_count=36132 72 57 58 158 79 41 54 40 80 68 40 41 45 56 70 45 75 46 76 43 45 41 78 47 40 41 239 45 41 108 61 148 64 77 42 41 53 40 123 42 44 51 366 154 65 59 79 88 47 51 113 119 48 41 352 367 91 45 89 67 157 159
internal_value=-0.0780415 0.0944012 -1.34646 -0.424035 8.64354 5.2102 10.813 -6.82252 -10.5199 -5.60278 7.5528 -34.541 0.588463 10.2997 4.0489 -8.4043 -5.06595 0.576256 16.8575 -0.91004 10.9965 -1.1739 -12.5724 -0.821788 -1.05028 -0.137949 2.95801 0.731468 7.14845 3.97458 1.55107 -2.06209 -1.09076 -8.73988 -18.8707 3.44665 -2.00511 6.98071 -9.89485 -3.81008 -4.52895 -1.34085 -2.44316 -4.89793 -8.88566 -3.65023 -12.4895 1.15323 -2.32947 -1.59027 -7.03423 -11.3229 -7.60084 -2.81038 -3.17444 -6.15332 -10.7812 -8.13746 -12.3546 -20.6647 7.86514 10.2908
internal_weight=41444 36484 4960 4245 352 295 209 715 477 396 120 81 238 184 128 86 166 121 155 4061 88 3973 119 3854 3807 3410 1307 1266 419 374 333 2103 1836 267 119 688 308 144 164 1148 1106 104 847 608 397 1062 138 242 924 272 164 276 208 160 877 525 357 292 201 112 380 316
internal_count=41444 36484 4960 4245 352 295 209 715 477 396 120 81 238 184 128 86 166 121 155 4061 88 3973 119 3854 3807 3410 1307 1266 419 374 333 2103 1836 267 119 688 308 144 164 1148 1106 104 847 608 397 1062 138 242 924 272 164 276 208 160 877 525 357 292 201 112 380 316
is_linear=0
shrinkage=0.1


Tree=66
num_leaves=63
num_cat=0
split_feature=9 30 24 21 10 31 30 22 35 25 1 5 24 35 8 7 22 25 30 21 5 24 33 32 32 14 5 6 1 14 34 22 24 35 32 24 4 35 24 21 21 19 25 29 29 25 30 19 30 33 35 34 22 33 22 30 19 35 24 33 22 33
split_gain=1.40151e+06 1.53472e+06 7.60326e+06 3.45884e+06 1.61379e+06 1.30275e+06 3.86393e+06 3.915e+06 1.66879e+06 1.26099e+06 2.42097e+06 1.79346e+06 1.15513e+06 1.1205e+06 1.09689e+06 1.78251e+06 1.07755e+06 1.54806e+06 1.13421e+06 1.01724e+06 969972 1.22304e+06 1.41537e+06 1.82407e+06 1.08581e+06 993395 939615 1.5087e+06 999679 938914 928006 889308 842739 1.14292e+06 1.26978e+06 1.37434e+06 2.29201e+06 2.63143e+06 2.26862e+06 1.21108e+06 1.09791e+06 1.86229e+06 1.59912e+06 1.79542e+06 1.46729e+06 2.50523e+06 2.02749e+06 1.99147e+06 1.58206e+06 2.9054e+06 1.27597e+06 2.4862e+06 6.41626e+06 2.32356e+06 1.57897e+06 1.24179e+06 1.336e+06 2.79682e+06 1.84838e+06 1.96036e+06 1.75145e+06 1.21129e+06
threshold=-808.9799999999999 38544.735000000008 2069.4642857142862 2156.7857142857151 995.00000000000011 4.5000000000000009 22345.000000000004 -823.91214285714284 9013.5800000000017 -1249.4976785714282 2.5000000000000004 -8685.9499999999989 221.96428571428575 8280.4950000000008 -5947.1999999999998 -629.15999999999997 -2063.4671428571423 -367.92607142857133 34640.000000000007 168.62535714285718 -12235.784999999998 2614.5955357142861 1561.6071428571429 1662.1428571428573 1572.8571428571429 39570.000000000007 -3838.6749999999997 -579.15999999999997 1.5000000000000002 35060.000000000007 3.5000000000000004 253.46357142857144 556.44464285714298 20704.775000000005 228.59928571428574 280.36446428571429 13.500000000000002 6241.130000000001 270.72160714285718 715.09035714285721 786.60678571428582 643.57142857142878 -392.85696428571424 31585.000000000004 19451.420000000002 207.34875000000005 5545.0000000000009 361.63714285714292 1975.0000000000002 92.321428571428584 15424.285000000002 14.500000000000002 -636.14821428571418 70.535714285714292 -610.09499999999991 7813.0900000000011 681.88642857142861 16378.685000000003 899.46428571428589 356.18482142857152 1189.7203571428574 320.53571428571433
decision_type=2 2 2 2 2 2 2 2 2 2 2 2 2 2 2 2 2 2 2 2 2 2 2 2 2 2 2 2 2 2 2 2 2 2 2 2 2 2 2 2 2 2 2 2 2 2 2 2 2 2 2 2 2 2 2 2 2 2 2 2 2 2
left_child=9 5 -3 -4 -5 12 7 -7 -9 10 -1 -11 13 -2 15 -13 17 -16 26 -14 -21 22 25 30 -23 32 27 -18 -29 -28 -24 -15 33 34 35 36 37 38 -22 -37 44 42 -42 -44 50 47 -47 -46 -49 -50 51 53 -53 54 -34 56 58 -58 59 61 -60 -52
right_child=1 2 3 4 -6 6 -8 8 -10 11 -12 14 19 31 16 -17 18 -19 -20 20 21 24 23 -25 -26 -27 29 28 -30 -31 -32 -33 40 -35 -36 39 -38 -39 -40 -41 41 -43 43 -45 45 46 -48 48 49 -51 55 52 -54 -55 -56 -57 57 -59 60 -61 -62 -63
leaf_value=6.912007496728342 -0.97305366057242648 47.935747450091576 -22.89820456932566 18.247136883396738 -5.3381864745925576 -18.583845690564839 -33.584253408959128 -0.77126911291968914 23.453659143544925 15.753920520840877 -23.612881540087201 -26.962895543345457 4.2410062600222886 -17.112239794459338 -2.5451306033444099 -2.8646105505717463 -19.327743292931906 23.163279900783582 -16.924859856057761 -13.917105372465613 0.8741748934982696 0.29890701963899713 10.215470529350256 -22.913005394026406 17.93860730371469 13.265528640860124 -0.82564028880751739 -14.249199820030785 3.3224276881543719 -13.60306273106354 -9.6303465605927254 -4.6917680831647663 -24.354863616248252 -6.1888391090316102 -3.7341343082033704 -0.23679157734194933 -0.52315184639099155 27.721421894833163 24.348079360665096 -12.503445483518041 11.410845767219064 0.42560845690503241 -2.9239934093008739 -16.649334581105048 -13.547700328217671 34.56249853574564 9.8646803847801312 -12.915659548977098 30.804107176591334 3.6921161483211593 1.4672154818394578 33.680125658451736 1.8851254451965673 -0.56247451882320676 -4.6052512307693698 19.565439873331371 23.674291530482922 3.6272713967619055 -14.777371887486561 14.883221003354445 0.67518483026195608 -16.160306001751316
leaf_weight=42 1600 40 49 71 49 76 45 60 54 62 68 43 662 71 50 107 73 44 46 48 197 66 43 60 74 59 6180 46 109 58 52 306 68 363 966 4223 442 70 52 82 72 14547 1443 102 70 42 159 51 42 659 1462 73 484 3451 100 42 74 1157 140 109 154 40
leaf_count=42 1600 40 49 71 49 76 45 60 54 62 68 43 662 71 50 107 73 44 46 48 197 66 43 60 74 59 6180 46 109 58 52 306 68 363 966 4223 442 70 52 82 72 14547 1443 102 70 42 159 51 42 659 1462 73 484 3451 100 42 74 1157 140 109 154 40
internal_value=-0.0432983 0.217893 8.76004 -0.523726 8.61821 0.165696 -7.25344 -1.00998 10.7089 -1.34099 -11.96 -1.16958 0.217021 -2.12877 -1.325 -9.7795 -1.13296 9.49446 -1.28643 0.36195 0.28 0.301801 0.25988 -9.27062 9.62586 0.307555 -1.17505 -7.47975 -1.89526 -0.944552 -0.646802 -7.03287 0.282821 -0.739621 -0.411643 0.221929 4.13929 10.5986 5.78028 -0.470586 0.549254 0.0677405 -3.15165 -3.83065 1.47836 5.02671 15.0328 2.57921 4.08119 5.3186 0.984726 -0.164367 6.05481 -1.12163 -12.604 2.49465 2.26572 4.83329 0.606482 1.93721 -6.68442 0.997249
internal_weight=41349 34421 209 169 120 34212 235 190 114 6928 110 6818 33977 1977 6756 150 6606 94 6512 32000 31338 31290 31150 155 140 30995 6466 228 155 6238 95 377 30936 6395 6032 5066 761 319 249 4305 24541 16164 1617 1545 8377 1023 201 822 752 701 7354 4176 557 3619 168 3178 3136 1231 1905 1611 294 1502
internal_count=41349 34421 209 169 120 34212 235 190 114 6928 110 6818 33977 1977 6756 150 6606 94 6512 32000 31338 31290 31150 155 140 30995 6466 228 155 6238 95 377 30936 6395 6032 5066 761 319 249 4305 24541 16164 1617 1545 8377 1023 201 822 752 701 7354 4176 557 3619 168 3178 3136 1231 1905 1611 294 1502
is_linear=0
shrinkage=0.1


Tree=67
num_leaves=63
num_cat=0
split_feature=4 22 18 0 0 22 18 26 30 4 28 1 30 28 28 35 29 23 28 35 30 24 28 4 24 29 0 26 23 16 21 30 30 24 22 35 28 30 28 33 24 29 30 23 23 25 35 22 33 18 23 27 18 32 23 32 26 19 22 21 35 25
split_gain=1.16986e+06 6.98053e+06 4.07596e+06 4.74216e+06 3.30158e+06 1.37201e+07 3.24653e+06 2.91354e+06 4.15305e+06 2.47748e+06 3.04823e+06 5.14834e+06 5.52602e+06 2.46132e+06 9.91264e+06 1.53167e+07 8.27775e+06 9.16405e+06 8.115e+06 2.87302e+06 3.24798e+06 3.14854e+06 3.16571e+06 3.75176e+06 2.82459e+06 7.34746e+06 2.38557e+06 3.38692e+06 2.92578e+06 6.67555e+06 1.92898e+06 1.8438e+06 2.32719e+06 2.88899e+06 2.07765e+06 2.15465e+06 1.97755e+06 1.72004e+06 2.69554e+06 3.24854e+06 3.07368e+06 1.7067e+06 1.9802e+06 1.70206e+06 2.03759e+06 1.69025e+06 2.03253e+06 1.66373e+06 2.73764e+06 2.25111e+06 2.41461e+06 2.0288e+06 1.77238e+06 1.61461e+06 1.60334e+06 1.57617e+06 3.44487e+06 2.31177e+06 1.83582e+06 1.80467e+06 1.5709e+06 1.52001e+06
threshold=13.500000000000002 1352.9978571428576 1.0000000180025095e-35 22.500000000000004 15.500000000000002 -182.12214285714279 236.42857142857147 19528.400000000005 25350.000000000004 16.500000000000004 36625.000000000007 4.5000000000000009 11330.000000000002 38815.000000000007 41980.000000000007 10727.220000000003 30705.000000000004 1414.464285714286 37455.000000000007 7862.8450000000012 41665.000000000007 1549.1071428571429 62725.000000000007 2.5000000000000004 1499.3994642857144 37425.000000000007 18.500000000000004 3545.0000000000005 1333.7500000000002 818.33333333333337 1523.9014285714288 2915.0000000000005 3065.0000000000005 1031.5182142857145 -550.99071428571426 17299.145000000004 865.00000000000011 11565.000000000002 33295.000000000007 421.31017857142859 968.64642857142871 26823.835000000003 3915.8850000000007 1181.2500000000002 1149.1071428571429 553.34839285714281 35298.930000000008 266.44500000000011 1074.464285714286 1700.714285714286 1673.7500000000002 1.0000000180025095e-35 900.71428571428589 1262.1428571428573 1348.0357142857144 1095.0000000000002 8285.0000000000018 1512.1428571428573 -192.06892857142853 1926.7857142857144 21739.315000000002 675.68732142857152
decision_type=2 2 2 2 2 2 2 2 2 2 2 2 2 2 2 2 2 2 2 2 2 2 2 2 2 2 2 2 2 2 2 2 2 2 2 2 2 2 2 2 2 2 2 2 2 2 2 2 2 2 2 2 2 2 2 2 2 2 2 2 2 2
left_child=1 2 3 4 5 -1 9 8 31 10 61 41 -13 18 15 -15 -17 -18 24 20 -16 30 23 -23 25 37 27 28 -6 -30 -21 34 33 -33 35 -8 60 38 43 40 -40 42 -12 44 -5 -4 -47 51 49 50 52 -38 -49 -50 -45 57 -57 -36 -58 -60 -34 -2
right_child=6 -3 45 13 26 -7 7 -9 -10 -11 11 12 -14 14 19 16 17 -19 -20 21 -22 22 -24 -25 -26 -27 -28 -29 29 -31 -32 32 36 -35 55 -37 47 -39 39 -41 -42 -43 -44 54 -46 46 -48 48 53 -51 -52 -53 -54 -55 -56 56 58 -59 59 -61 -62 -63
leaf_value=-56.63661332124763 -4.0476509298959416 34.653588375501293 -0.7155798610900348 -0.10471327197994923 10.571545697145456 16.228463526780175 -4.4597943769650952 -26.064358095946979 31.678874597991694 -1.0424642747781987 -36.8393327556524 -11.342845599160043 33.005012840097919 69.331483285499871 -30.007007216566372 43.199417268002563 27.325511252751667 -27.744500538467317 -25.049613622674652 0.1208754003951284 2.6683903716782029 44.168601156999529 -8.9077974074734527 8.0549743879709812 -22.273206218579965 41.414209509172792 3.9992723697302326 -1.2111287070033421 6.1091279649999199 54.510403389797901 -19.320705774186088 5.5872496890620944 0.2951000065988072 36.959199472491669 -0.22065535147075266 -29.377899861013237 -0.16159010180640207 -7.9450837664807992 -4.2116914270522452 -12.91399239291264 28.443643886171927 -38.03649081450947 -12.311252521990319 -28.065109886807605 18.658199589218153 -25.984949010410361 1.9877674013281226 23.326085524157619 33.901339019275234 0.48115176142905369 30.705914285899951 6.6941219254681101 3.5572681751113437 7.9595974976760919 -4.0104791578751415 33.778415601407424 18.085802026004451 -7.1616458367023927 4.5185449384432896 -16.234517653386121 -27.229414009078734 12.296548979369188
leaf_weight=42 1565 60 9690 2917 589 67 125 42 42 4119 42 89 41 54 68 49 51 74 134 188 55 44 51 83 56 43 2099 204 63 52 70 110 40 40 10850 48 3795 262 40 40 103 52 152 40 59 58 47 54 48 832 48 487 282 48 90 41 58 502 129 62 43 59
leaf_count=42 1565 60 9690 2917 589 67 125 42 42 4119 42 89 41 54 68 49 51 74 134 188 55 44 51 83 56 43 2099 204 63 52 70 110 40 40 10850 48 3795 262 40 40 103 52 152 40 59 58 47 54 48 832 48 487 282 48 90 41 58 502 129 62 43 59
internal_value=-0.00262338 0.617235 0.50032 2.22394 5.23217 -11.861 -0.458634 0.226928 0.289444 -2.44461 -5.33223 -13.4452 2.65106 0.173222 5.26126 22.8318 8.38505 -5.27395 -0.885048 -1.90664 -15.4009 1.90154 12.1306 20.5793 0.00241907 0.349814 5.85197 10.1343 13.4218 28.0091 -5.15667 0.214626 1.67034 13.9627 -0.503314 -11.38 1.34542 -0.148021 0.473199 12.2656 19.311 -21.9501 -17.6296 -0.221775 0.267572 -0.85236 -13.4688 1.57282 4.68832 3.40437 9.7371 0.618191 6.73741 20.9414 -11.4199 -0.341638 6.93762 -0.527625 2.51213 -2.22051 -13.9723 -3.4535
internal_weight=41387 17542 17482 7687 3116 109 23845 17726 17684 6119 2000 376 130 4571 787 228 174 125 3784 559 123 436 178 127 3650 3594 3007 908 704 115 258 17642 5827 150 11815 173 5677 3551 3289 183 143 246 194 3106 2976 9795 105 5594 1312 1216 384 4282 336 96 130 11642 290 11352 249 191 83 1624
internal_count=41387 17542 17482 7687 3116 109 23845 17726 17684 6119 2000 376 130 4571 787 228 174 125 3784 559 123 436 178 127 3650 3594 3007 908 704 115 258 17642 5827 150 11815 173 5677 3551 3289 183 143 246 194 3106 2976 9795 105 5594 1312 1216 384 4282 336 96 130 11642 290 11352 249 191 83 1624
is_linear=0
shrinkage=0.1


Tree=68
num_leaves=63
num_cat=0
split_feature=4 9 18 0 0 22 18 32 26 28 22 35 31 33 26 30 4 30 28 30 4 30 21 28 28 35 28 24 31 7 20 23 35 21 26 28 0 34 35 24 11 35 35 26 34 31 23 23 20 30 30 33 23 27 8 1 0 24 18 16 5 26
split_gain=751552 9.99788e+06 3.5028e+06 4.08915e+06 4.87116e+06 9.62515e+06 3.33812e+06 2.80512e+06 6.16146e+06 1.58943e+07 2.69388e+06 3.7608e+06 3.03208e+06 5.64335e+06 2.61676e+06 3.5617e+06 2.47394e+06 5.46525e+06 3.62035e+06 2.24446e+06 2.23338e+06 6.32281e+06 4.0392e+06 2.23111e+06 8.60384e+06 1.23955e+07 6.72674e+06 4.94821e+06 4.39622e+06 5.35896e+06 3.51534e+06 5.99217e+06 2.61942e+06 3.46573e+06 2.11976e+06 2.07658e+06 2.02689e+06 1.99391e+06 1.83539e+06 1.82612e+06 1.69587e+06 1.62885e+06 1.6433e+06 1.53334e+06 3.02725e+06 7.40033e+06 1.91436e+06 1.96976e+06 1.82525e+06 1.52438e+06 1.68638e+06 2.28989e+06 1.47739e+06 1.5366e+06 1.44867e+06 1.60248e+06 1.43016e+06 1.88905e+06 2.67998e+06 1.41086e+06 1.47264e+06 1.38796e+06
threshold=13.500000000000002 23924.780000000002 1.0000000180025095e-35 24.500000000000004 15.500000000000002 -212.13750000000002 132.85714285714286 267.8192857142858 2794.4400000000005 39565.000000000007 -1270.0753571428568 23937.610000000004 2.5000000000000004 223.03571428571431 19528.400000000005 25350.000000000004 15.500000000000002 22075.000000000004 24685.000000000004 19265.000000000004 14.500000000000002 5800.0000000000009 905.75142857142862 38815.000000000007 41980.000000000007 9306.755000000001 37455.000000000007 1499.3994642857144 4.5000000000000009 -788.94999999999993 -1435.9564285714284 1414.464285714286 10158.590000000002 1809.6428571428573 6995.0000000000009 5875.0000000000009 18.500000000000004 14.500000000000002 28939.045000000002 1549.1071428571429 95.000000000000014 17299.145000000004 11324.580000000002 1870.2850000000001 12.500000000000002 1.5000000000000002 905.89285714285722 1094.464285714286 -778.15071428571412 2915.0000000000005 3065.0000000000005 431.80125000000004 394.46428571428578 1.0000000180025095e-35 -549.06999999999982 5.5000000000000009 7.5000000000000009 980.43160714285716 992.14285714285722 1251.4883333333335 -419.55999999999995 1582.5650000000003
decision_type=2 2 2 2 2 2 2 2 2 2 2 2 2 2 2 2 2 2 2 2 2 2 2 2 2 2 2 2 2 2 2 2 2 2 2 2 2 2 2 2 2 2 2 2 2 2 2 2 2 2 2 2 2 2 2 2 2 2 2 2 2 2
left_child=1 2 3 4 5 -1 16 8 10 -10 11 -6 36 -14 15 49 17 18 20 41 21 35 -22 26 25 -25 27 61 32 -30 -27 -32 33 -26 59 -2 54 39 -21 -20 -9 42 -18 48 46 -46 -45 -48 -38 -8 51 -51 -52 -54 55 -12 -55 -58 -59 60 -34 -5
right_child=6 -3 -4 23 7 -7 14 40 9 -11 12 -13 13 -15 -16 -17 19 -19 37 38 22 -23 -24 24 28 30 -28 -29 29 -31 31 -33 34 -35 -36 -37 43 -39 -40 -41 -42 -43 -44 44 45 -47 47 -49 -50 50 52 -53 53 56 -56 -57 57 58 -60 -61 -62 -63
leaf_value=-55.159899595405875 8.1542461748399333 46.605460636572687 -0.80058581133821749 2.0778559500510001 4.507332790233809 12.224957683599751 -0.26123924979469826 13.022257098647769 4.8370988205248615 72.262557405477523 12.18581124489269 -28.217686028187032 43.147251883966824 1.945735215585906 -25.147254277585304 29.864623854308419 -1.5385123105567939 30.195653201518738 -9.4007121275485517 -3.7931076228844227 -4.4800580184224428 39.812979850815509 -37.77741015918653 71.621427698518715 -5.7881313284647833 32.604008677219568 -26.713390528212933 -35.592886559704276 43.098130211847156 -4.7052690954954413 21.176914003320064 -28.721475095023635 8.196660245152092 -42.357198183057534 12.912359392809396 -8.2976618294599138 -17.115419934021698 -31.894385736377373 -28.910529915491743 -29.207112731347287 -0.23282462393664557 0.48233837951854569 -8.8857979691942148 -8.0180525035753316 4.2443832007542985 53.724109623150007 21.544085334056884 -5.3393852225419032 2.7231865059834544 3.9937735795192442 -16.205267154600364 31.403266690267209 1.0819314439380943 -0.95123537541292569 7.2761475287551072 34.473790110440952 1.8003071667560098 40.223570620552294 11.057587019465574 -21.315355189656024 -14.620552524486621 -2.4161961943006833
leaf_weight=40 126 47 9846 1363 94 45 12134 105 116 50 114 56 61 73 40 41 1120 40 442 66 324 41 41 41 63 44 103 40 42 53 53 44 65 44 68 196 48 53 52 52 1189 2933 418 100 88 46 69 45 1332 99 47 44 5101 153 415 45 136 40 148 54 50 1386
leaf_count=40 126 47 9846 1363 94 45 12134 105 116 50 114 56 61 73 40 41 1120 40 442 66 324 41 41 41 63 44 103 40 42 53 53 44 65 44 68 196 48 53 52 52 1189 2933 418 100 88 46 69 45 1332 99 47 44 5101 153 415 45 136 40 148 54 50 1386
internal_value=0.0730727 0.570187 0.446345 2.05247 4.18534 -19.4993 -0.291891 4.68315 6.48866 25.1616 5.28954 -7.71531 6.09048 20.7108 0.385458 0.442448 -2.35502 -6.17893 -7.32124 -1.2592 -2.7019 2.85197 -8.22498 -0.455624 4.98257 23.2602 -1.62344 -0.696381 -2.59673 16.4404 9.17732 -1.46049 -7.85571 -20.8387 -1.99101 -1.85968 5.23899 -13.4683 -14.8694 -11.4884 0.8432 -0.899832 -3.5356 3.52861 9.4601 21.2437 2.07832 10.9345 2.03255 0.374981 1.71337 12.4355 1.44068 1.58951 10.3873 18.5026 7.01683 10.7791 17.2722 -7.98971 -1.72587 -0.187971
internal_weight=41424 17537 17490 7644 4131 85 23887 4046 2752 166 2586 150 2436 134 17983 17943 5904 1315 1275 4589 728 363 365 3513 621 182 2892 2789 439 95 141 97 344 107 237 322 2302 547 118 494 1294 4471 1538 1728 348 134 214 114 1380 17902 5768 143 5625 5578 574 159 477 324 188 169 115 2749
internal_count=41424 17537 17490 7644 4131 85 23887 4046 2752 166 2586 150 2436 134 17983 17943 5904 1315 1275 4589 728 363 365 3513 621 182 2892 2789 439 95 141 97 344 107 237 322 2302 547 118 494 1294 4471 1538 1728 348 134 214 114 1380 17902 5768 143 5625 5578 574 159 477 324 188 169 115 2749
is_linear=0
shrinkage=0.1


Tree=69
num_leaves=63
num_cat=0
split_feature=29 30 26 19 28 20 0 0 22 22 18 9 0 22 28 23 28 35 20 28 33 28 5 32 32 32 20 19 35 9 21 24 33 0 23 35 26 30 26 28 24 21 21 26 29 31 20 19 32 35 29 33 33 0 33 4 33 16 9 2 30 19
split_gain=1.19622e+06 3.71966e+06 1.34856e+07 3.53754e+06 7.92471e+06 1.57252e+06 1.45671e+06 5.83601e+06 3.34387e+06 1.57534e+06 2.87637e+06 2.31533e+06 1.60562e+06 1.4108e+06 2.49904e+06 3.8701e+06 2.90915e+06 3.2059e+06 2.81731e+06 2.76726e+06 2.42615e+06 1.87334e+06 2.56845e+06 1.88188e+06 4.53169e+06 1.77753e+06 1.77606e+06 1.55585e+06 1.50565e+06 1.46819e+06 1.40848e+06 2.41043e+06 1.78225e+06 2.35938e+06 2.94171e+06 3.5757e+06 2.24002e+06 1.99322e+06 1.82668e+06 1.74006e+06 1.51653e+06 1.81762e+06 1.92673e+06 1.50888e+06 1.4189e+06 1.41802e+06 1.74844e+06 2.60927e+06 2.31244e+06 2.24118e+06 1.4048e+06 1.72893e+06 1.28754e+06 1.55268e+06 1.45347e+06 1.23292e+06 1.42418e+06 1.48948e+06 1.2476e+06 1.7565e+06 1.22013e+06 1.21287e+06
threshold=35421.950000000004 14695.000000000002 5455.0000000000009 1.0000000180025095e-35 41980.000000000007 -1104.3249999999996 17.500000000000004 16.500000000000004 -842.2710714285713 829.70571428571441 2363.5714285714289 1685.0000000000002 25.500000000000004 -517.68499999999995 52880.000000000007 1758.0357142857144 42765.000000000007 19637.880000000001 -1580.7792857142854 60820.000000000007 1026.2500000000002 41110.000000000007 1675.0000000000002 1250.714285714286 1117.5842857142859 620.71428571428589 -2748.2528571428566 2273.4207142857144 6770.4550000000008 1035.0000000000002 1175.674642857143 1063.3928571428576 330.05535714285719 20.500000000000004 1470.8928571428576 26690.895000000004 5962.4600000000009 15075.000000000002 6354.6200000000008 62725.000000000007 738.64571428571446 880.20892857142871 1066.7857142857144 3755.0000000000005 23252.525000000005 2.5000000000000004 655.78428571428583 996.18214285714294 1749.2857142857144 43789.220000000008 1265.0000000000002 64.107142857142875 316.89750000000009 21.500000000000004 528.03571428571433 17.500000000000004 363.75000000000006 616.8183333333335 2705.0150000000008 1.0000000180025095e-35 23485.000000000004 1292.9742857142858
decision_type=2 2 2 2 2 2 2 2 2 2 2 2 2 2 2 2 2 2 2 2 2 2 2 2 2 2 2 2 2 2 2 2 2 2 2 2 2 2 2 2 2 2 2 2 2 2 2 2 2 2 2 2 2 2 2 2 2 2 2 2 2 2
left_child=30 2 5 4 -3 -2 7 8 -5 10 13 -12 -11 14 15 16 17 25 -18 20 -16 28 23 24 29 -8 -21 -28 -15 -23 40 52 36 39 61 37 -33 38 -36 45 41 44 -43 -37 -1 55 47 -47 49 -49 51 -42 53 -32 -54 58 -57 -58 -34 -60 -27 -35
right_child=1 3 -4 6 -6 -7 9 -9 -10 12 11 -13 -14 21 19 -17 18 -19 -20 26 -22 22 -24 -25 -26 60 27 -29 -30 -31 31 32 33 34 35 43 -38 -39 -40 -41 50 42 -44 -45 -46 46 -48 48 -50 -51 -52 -53 54 -55 -56 56 57 -59 59 -61 -62 -63
leaf_value=-0.2828399531366374 -11.773080882975975 48.618597341166549 61.980556944503547 -25.792240916332293 -11.512736466160355 8.164279191044125 -16.059883357960345 37.583656260852841 6.6112311339848322 -27.799993560827307 19.430066081687293 -6.8027929564899523 -1.6298851372721508 -9.0977972751578466 36.37377195170243 -24.132491753471474 -5.472725442472993 -36.215120254116563 17.900895073338923 11.817323371811 3.5633511366067716 -8.6430903365444021 12.896757369848538 5.1836971759649924 -37.820569334344079 -8.6759102065543345 -0.3013694738860338 -27.125447703538914 10.919443281965314 4.0408424883077476 -4.799427157553195 -4.3751577939705664 -3.6233157888936649 3.4914035526657012 -32.070522479649405 15.669548066820987 -28.109872129962071 -3.9145196405938885 -8.5107470365352409 -19.946092987060549 22.402188621056723 -8.6512877297481783 13.803844576528327 -7.7741807351346885 18.563076127513071 -15.283892174257018 18.601092469699775 5.1164384193505681 -9.2679943733555099 25.57351976922768 0.78107101601795126 3.9353770393995142 -10.721249546725735 9.7138276704962649 0.17035787606981331 12.374653312362968 -3.7582044093794509 1.5166326509310584 -5.1047462001308936 21.525693464133354 8.4068600870118679 -4.2807727958898845
leaf_weight=16000 57 47 47 41 41 129 106 51 142 42 125 46 53 44 41 113 110 40 97 45 50 249 106 163 44 78 47 40 256 144 280 409 1133 335 116 48 44 59 46 41 55 419 42 64 40 71 79 576 101 59 12472 642 534 100 159 106 644 3171 50 49 90 501
leaf_count=16000 57 47 47 41 41 129 106 51 142 42 125 46 53 44 41 113 110 40 97 45 50 249 106 163 44 78 47 40 256 144 280 409 1133 335 116 48 44 59 46 41 55 419 42 64 40 71 79 576 101 59 12472 642 534 100 159 106 644 3171 50 49 90 501
internal_value=0.038289 2.07935 14.152 0.931415 20.6122 2.05289 0.198065 7.68639 -0.653598 -0.625141 -0.0371141 12.3733 -13.2084 -1.17654 -4.15793 -7.3604 -3.72072 -9.78726 5.48178 4.94645 18.358 1.36335 -1.4497 -3.98511 -7.40527 -5.92325 -4.30279 -12.6428 7.98254 -3.99561 -0.104208 -1.21719 -0.598559 -0.218267 -4.33255 -12.2801 -6.68338 -19.6556 -25.3854 0.572814 0.224962 -0.413723 -6.6042 2.2756 -0.235785 0.712286 4.40766 3.01714 4.78352 7.01905 1.02525 5.3941 -5.65751 -0.979361 -8.22247 0.0768706 0.943925 0.626163 -2.68257 8.08014 0.475323 -1.1663
internal_weight=41129 2684 233 2451 88 186 2363 234 183 2129 2034 171 95 1863 857 634 521 314 207 223 91 1006 706 600 437 274 132 87 300 393 38445 8775 7702 7249 1169 333 453 221 162 6080 29670 16501 461 112 16040 6039 886 807 736 635 13169 697 1073 380 693 5153 3921 3815 1232 99 168 836
internal_count=41129 2684 233 2451 88 186 2363 234 183 2129 2034 171 95 1863 857 634 521 314 207 223 91 1006 706 600 437 274 132 87 300 393 38445 8775 7702 7249 1169 333 453 221 162 6080 29670 16501 461 112 16040 6039 886 807 736 635 13169 697 1073 380 693 5153 3921 3815 1232 99 168 836
is_linear=0
shrinkage=0.1


Tree=70
num_leaves=63
num_cat=0
split_feature=25 26 32 33 33 32 20 9 33 22 32 35 26 16 9 22 22 26 25 13 17 35 28 33 26 28 33 35 28 0 29 26 13 22 29 32 31 17 31 33 28 6 6 26 22 0 22 1 32 9 4 26 0 32 28 19 28 28 25 28 28 15
split_gain=877379 1.35935e+06 2.24135e+06 4.04832e+06 4.41089e+06 2.0094e+06 2.47945e+06 1.8025e+06 1.44455e+06 1.98152e+06 1.87239e+06 2.19493e+06 2.57864e+06 1.76038e+06 1.65775e+06 1.33699e+06 1.26921e+06 2.87842e+06 3.06925e+06 2.1094e+06 2.46121e+06 2.42426e+06 2.31617e+06 1.81827e+06 1.69312e+06 2.80075e+06 4.52749e+06 2.75902e+06 2.3269e+06 2.75034e+06 1.90588e+06 1.6329e+06 1.52842e+06 1.51376e+06 2.00366e+06 1.97504e+06 1.92377e+06 1.70928e+06 1.7839e+06 1.69293e+06 1.48415e+06 1.43961e+06 2.42597e+06 1.6061e+06 2.61704e+06 1.50025e+06 1.80531e+06 3.05911e+06 2.81326e+06 1.62148e+06 1.43023e+06 1.48494e+06 1.74736e+06 1.40296e+06 1.35824e+06 1.35652e+06 2.0576e+06 4.34939e+06 1.95666e+06 1.97259e+06 1.85781e+07 3.26246e+06
threshold=135.36857142857153 10840.000000000002 1234.2857142857144 579.46428571428589 506.60714285714295 1553.5714285714287 -1840.5614285714285 -959.80999999999983 887.69803571428577 -1432.0046428571427 713.57142857142878 19637.880000000001 1954.2850000000001 1157.2300000000002 -938.69999999999993 -3.6200000000000201 -1118.9457142857138 2675.0000000000005 114.91249999999998 381.46000000000009 -653.33333333333269 10913.670000000002 36245.000000000007 347.36517857142866 2435.0000000000005 40860.000000000007 1429.464285714286 96433.185000000012 43625.000000000007 26.500000000000004 631.5100000000001 4815.0000000000009 783.95000000000016 -550.99071428571426 33690.630000000012 362.14285714285717 4.5000000000000009 -1915.438333333333 3.5000000000000004 1379.2762500000001 1685.0000000000002 -3726.4149999999995 -2869.9949999999994 10203.050000000001 -1500.8071428571427 22.500000000000004 -1696.8382142857138 4.5000000000000009 1303.5714285714287 -589.52499999999986 17.500000000000004 7095.6800000000012 17.500000000000004 129.28571428571431 37755.000000000007 609.12428571428575 33475.000000000007 32345.000000000004 -636.48410714285694 20765.000000000004 21195.000000000004 2008.3333333333337
decision_type=2 2 2 2 2 2 2 2 2 2 2 2 2 2 2 2 2 2 2 2 2 2 2 2 2 2 2 2 2 2 2 2 2 2 2 2 2 2 2 2 2 2 2 2 2 2 2 2 2 2 2 2 2 2 2 2 2 2 2 2 2 2
left_child=16 2 8 4 -4 -3 -7 -5 9 14 11 -10 -13 -12 -2 -9 17 19 23 -1 21 -21 -22 31 25 26 27 30 -27 32 40 -19 -30 36 50 -36 39 38 -37 -26 -18 43 -43 44 -25 46 47 48 -44 -48 51 -35 -53 -42 55 56 57 -32 -57 61 -61 -60
right_child=1 5 3 7 -6 6 -8 15 10 -11 13 12 -14 -15 -16 -17 24 18 -20 20 22 -23 -24 41 33 28 -28 -29 29 -31 54 -33 -34 34 35 37 -38 -39 -40 -41 53 42 45 -45 -46 -47 49 -49 -50 -51 -52 52 -54 -55 -56 58 -58 -59 59 60 -62 -63
leaf_value=-19.470252796222518 2.2470442658360059 -25.838818679648337 6.4217679982544276 -18.934018487313281 44.141168090342084 -24.29215036456505 4.8020071182705735 -4.9829846092501242 22.580061526066359 -0.92492799902433687 33.482721043466483 8.7154448693722326 -13.222869122315792 5.3403622862580535 -17.997835499929931 11.411763953975695 -0.19922164563986447 22.51089706420899 31.934692039443288 8.0392273575476789 -2.5471053537496267 -22.653400225510293 24.606537568490538 -28.241517072499182 -1.9434069219330459 -25.779348180260257 29.28821673669739 26.401099473089161 17.560433360156473 -18.240531639541334 0.40776068795384196 0.14550904570283235 -7.8369244045681432 -1.5505321612887009 -12.058244692228639 5.5525012564161695 -20.20062790480101 7.2644264617849394 -13.890988085558881 -13.798316909514313 -12.325019179227937 26.047237890478797 24.029732052567851 6.8283406232078381 1.8305431044170062 -1.1436371492220851 -3.8024394643946624 35.325196547872274 -8.4362351708964045 10.295383997560918 0.28077205685358397 -2.4207021373460509 -15.226488213433043 5.0799279107885846 -9.1534362002667091 -7.8055862811282672 -16.306885773494262 33.425815613707357 0.38207148121768131 54.025317805453511 3.2988565219657007 15.612845058950047
leaf_weight=81 60 52 79 44 51 40 109 97 40 9857 40 101 114 50 124 102 401 94 41 40 77 72 53 55 1634 67 56 42 58 75 10351 50 40 3395 72 103 66 751 87 130 267 49 48 69 61 423 176 53 60 152 5265 257 182 56 131 181 73 40 2809 75 1901 148
leaf_count=81 60 52 79 44 51 40 109 97 40 9857 40 101 114 50 124 102 401 94 41 40 77 72 53 55 1634 67 56 42 58 75 10351 50 40 3395 72 103 66 751 87 130 267 49 48 69 61 423 176 53 60 152 5265 257 182 56 131 181 73 40 2809 75 1901 148
internal_value=-0.0100183 -0.776976 -0.624733 6.99095 21.2307 -8.92391 -3.014 -0.629795 -0.898274 -1.11689 5.46366 1.0859 -2.91731 17.8598 -11.3974 3.42108 0.266791 2.96037 5.01541 -5.50735 -0.830734 -11.693 8.52839 4.15862 0.111624 0.759605 0.915328 0.818797 -9.96437 -3.83379 0.753332 14.7479 7.1954 -0.798382 -0.319417 3.89924 -3.44491 5.12079 -3.35186 -2.81744 -4.26292 2.82744 4.38253 -5.24958 -12.4337 3.21716 6.98912 15.6599 5.99748 2.73126 -0.789103 -2.25828 -7.73085 -9.30711 0.984536 1.06982 0.417452 0.535024 2.40464 2.77934 5.22552 1.14464
internal_weight=41327 10960 10759 373 130 201 149 243 10386 10041 345 255 215 90 184 199 30367 1654 1331 323 242 112 130 1290 28713 16771 16531 16475 240 173 16433 144 98 11942 10112 1013 1830 941 190 1764 724 1146 961 185 116 912 489 161 108 328 9099 3834 439 323 15709 15578 10464 10391 5114 4933 1976 2957
internal_count=41327 10960 10759 373 130 201 149 243 10386 10041 345 255 215 90 184 199 30367 1654 1331 323 242 112 130 1290 28713 16771 16531 16475 240 173 16433 144 98 11942 10112 1013 1830 941 190 1764 724 1146 961 185 116 912 489 161 108 328 9099 3834 439 323 15709 15578 10464 10391 5114 4933 1976 2957
is_linear=0
shrinkage=0.1


Tree=71
num_leaves=63
num_cat=0
split_feature=29 28 20 30 26 34 21 21 26 17 20 23 28 1 16 28 26 23 2 17 9 23 28 26 13 32 20 18 23 30 29 31 1 28 30 20 22 35 18 30 21 35 4 4 23 33 23 20 22 28 35 26 26 26 32 0 22 32 17 35 23 35
split_gain=1.03382e+06 2.44632e+06 7.42877e+06 2.65358e+06 1.13644e+07 2.69548e+06 6.17812e+06 2.00554e+06 2.01197e+06 2.06558e+06 1.88875e+06 1.80802e+06 2.33895e+06 1.80541e+06 1.82285e+06 1.75491e+06 1.7809e+06 1.56086e+06 1.52751e+06 1.82172e+06 1.34826e+06 1.97126e+06 1.37926e+06 1.52446e+06 1.2268e+06 1.22001e+06 1.2169e+06 1.53533e+06 1.70563e+06 1.69015e+06 1.15608e+06 2.22453e+06 1.14383e+06 1.12625e+06 1.99222e+06 1.81501e+06 1.99249e+06 1.91053e+06 2.33192e+06 3.26974e+06 2.26591e+06 2.19047e+06 2.18603e+06 1.74102e+06 1.69912e+06 2.38108e+06 2.26627e+06 2.93027e+06 1.74206e+06 1.63291e+06 2.1826e+06 1.97513e+06 2.28679e+06 2.95129e+06 1.94196e+06 1.77266e+06 1.62677e+06 1.59624e+06 1.63564e+06 2.84512e+06 2.072e+06 1.57538e+06
threshold=35421.950000000004 33475.000000000007 -448.45642857142849 14695.000000000002 5555.0000000000009 16.500000000000004 615.01821428571441 834.42857142857156 2915.0000000000005 -256.66666666666657 -1215.347857142857 1339.8214285714287 44295.000000000007 3.5000000000000004 671.66666666666686 37455.000000000007 2412.0000000000005 1072.6785714285718 1.0000000180025095e-35 1285.0000000000002 1633.5300000000002 2398.5714285714289 41110.000000000007 11515.000000000002 621.73500000000013 1027.1600000000001 130.00000000000014 1660.714285714286 1912.3214285714287 29655.000000000004 52675.400000000009 3.5000000000000004 5.5000000000000009 17085.000000000004 7813.0900000000011 -1329.890714285714 -1058.5242857142855 22401.800000000003 5257.1428571428578 785.00000000000011 2439.2857142857147 36682.645000000011 26.500000000000004 27.500000000000004 2477.1428571428573 869.107142857143 2309.8214285714289 1015.0000000000001 1396.3385714285716 18035.000000000004 24958.645000000004 5962.4600000000009 5671.1900000000014 5595.0000000000009 583.57142857142878 13.500000000000002 1620.2642857142862 740.71428571428589 -523.31833333333327 45003.415000000008 1570.1785714285718 20497.770000000004
decision_type=2 2 2 2 2 2 2 2 2 2 2 2 2 2 2 2 2 2 2 2 2 2 2 2 2 2 2 2 2 2 2 2 2 2 2 2 2 2 2 2 2 2 2 2 2 2 2 2 2 2 2 2 2 2 2 2 2 2 2 2 2 2
left_child=33 2 -2 4 10 6 -5 -8 15 11 -3 12 17 14 -13 -9 18 -10 19 30 21 22 -11 -24 -20 -22 27 28 32 -29 31 -17 -15 34 35 -1 -37 40 41 42 -38 -39 -40 -43 46 48 49 -48 -46 50 -35 52 53 61 55 -53 57 -56 59 -59 -61 -51
right_child=1 3 -4 5 -6 -7 7 8 9 20 -12 13 -14 26 -16 16 -18 -19 24 -21 25 -23 23 -25 -26 -27 -28 29 -30 -31 -32 -33 -34 44 -36 36 37 38 39 -41 -42 43 -44 -45 45 -47 47 -49 -50 51 -52 54 -54 -55 56 -57 -58 58 -60 60 -62 -63
leaf_value=-13.4558935236157 -2.6461754961672197 -14.261104190190068 37.929851520493948 -39.352352650007809 59.013956916056372 24.548845731061924 21.910078194308653 -24.175916445887925 -13.673981326307199 14.693482402645756 7.2335215908847319 -27.236249247918863 27.149234571467048 -0.051604229840146856 -5.0545243065304959 3.1411584733407709 -18.798408319414953 9.1836917538561593 -24.294923315603871 -10.256081142047151 11.298031812184462 29.740240854746698 -0.40142118778169167 18.867404207079908 -1.6918781502559506 -9.8305844149016011 -13.875633934848057 25.341722007516424 14.932834422902344 0.022342335683759797 -5.5715955317541308 30.532061280727874 -18.198785796102282 -3.7792885538693244 4.2065679974700858 18.914646040358953 -0.060948434383735074 6.8853419583624618 7.345619628911269 -32.270580734385092 -22.770065578672867 -4.2149841684864908 -17.225533695202973 16.903522807434118 -12.42282478062593 28.880625678610212 -0.36802986587871972 -31.404062818896222 13.421154176499321 -1.050630950557129 -25.604005928700612 -33.326196134213212 10.014890819760046 -23.708867793842717 9.5868223647767561 -3.9153817846999019 7.2032231191110929 0.024496748570230681 -7.4698065542932133 -27.668093409037262 0.17741167196215352 1.0402994167278885
leaf_weight=97 118 56 73 40 41 44 42 48 46 142 151 40 47 119 495 75 67 85 42 68 40 40 252 49 56 86 41 60 55 47 40 49 49 697 1316 57 17314 1150 114 40 44 343 53 44 48 46 68 55 57 7756 49 40 224 53 91 42 157 1057 791 68 44 6730
leaf_count=97 118 56 73 40 41 44 42 48 46 142 151 40 47 119 495 75 67 85 42 68 40 40 252 49 56 86 41 60 55 47 40 49 49 697 1316 57 17314 1150 114 40 44 343 53 44 48 46 68 55 57 7756 49 40 224 53 91 42 157 1057 791 68 44 6730
internal_value=0.068575 1.95924 12.8678 1.12956 10.9486 0.0537538 -0.432274 0.28274 -0.142619 1.43016 1.41649 -1.18796 8.02447 -2.99826 -6.71537 -6.12574 -3.94057 1.15514 -0.921568 3.5004 6.09005 8.49307 6.57144 2.73796 -11.3864 -3.12123 2.36216 4.3814 -0.344055 14.2254 9.20572 13.973 -5.3484 -0.0636683 0.442328 0.185061 0.254159 0.198427 3.35349 -6.60943 -0.118578 4.69545 -0.455203 -1.81203 -0.63963 9.92197 -0.728644 -14.2531 1.60643 -0.635143 -5.21444 -0.434802 -0.0109322 -0.165433 -3.16731 -18.2737 -2.60589 -3.35692 -3.95811 -1.58171 -16.7335 -0.0792124
internal_weight=41348 2703 191 2512 248 2264 2220 2180 2138 1693 207 1084 178 906 535 445 397 131 330 232 609 483 443 301 98 126 371 330 223 107 164 124 168 38645 20572 19256 19159 19102 1744 207 17358 1537 167 387 18073 151 17922 123 105 17799 746 17053 14763 14539 2290 82 2208 2051 1960 1169 112 14486
internal_count=41348 2703 191 2512 248 2264 2220 2180 2138 1693 207 1084 178 906 535 445 397 131 330 232 609 483 443 301 98 126 371 330 223 107 164 124 168 38645 20572 19256 19159 19102 1744 207 17358 1537 167 387 18073 151 17922 123 105 17799 746 17053 14763 14539 2290 82 2208 2051 1960 1169 112 14486
is_linear=0
shrinkage=0.1


Tree=72
num_leaves=63
num_cat=0
split_feature=9 35 33 16 25 8 1 26 22 24 21 33 20 33 24 17 21 23 25 13 22 13 35 25 22 26 23 21 23 26 33 25 22 23 33 22 25 21 21 31 35 13 28 22 16 17 20 35 22 23 21 33 24 20 22 13 11 16 31 28 0 25
split_gain=1.13622e+06 2.44209e+06 1.95474e+06 1.69348e+06 1.09798e+06 1.08238e+06 1.19271e+06 1.08196e+06 1.03814e+06 747260 2.45764e+06 2.29839e+06 6.38214e+06 2.61098e+06 1.94993e+06 6.41815e+06 1.78599e+06 1.75768e+06 2.20148e+06 1.95163e+06 1.71249e+06 1.59627e+06 1.59132e+06 1.38246e+06 1.70176e+06 1.33332e+06 1.77249e+06 1.90491e+06 1.55908e+06 1.52161e+06 1.82794e+06 1.52458e+06 1.25843e+06 1.70679e+06 1.24766e+06 1.22575e+06 2.14679e+06 1.87319e+06 3.81011e+06 2.78439e+06 1.7577e+06 1.81087e+06 1.72937e+06 1.5199e+06 1.66117e+06 1.92945e+06 2.40617e+06 2.98304e+06 1.47899e+06 1.47522e+06 2.09034e+06 1.48346e+06 1.47243e+06 2.08487e+06 1.3877e+06 1.26187e+06 2.06464e+06 1.60172e+06 1.62496e+06 2.23135e+06 2.08851e+06 2.12042e+06
threshold=-6387.1899999999987 16977.620000000003 748.63285714285723 897.17000000000007 336.61250000000001 605.00000000000011 3.5000000000000004 5555.0000000000009 -648.80785714285696 1251.2300000000002 958.03107142857152 572.65232142857155 -2085.6414285714277 480.53571428571433 1094.7562500000001 -1278.843333333333 1470.9582142857146 1154.464285714286 86.790000000000035 405.00000000000006 -92.006785714285726 2575.0000000000005 161154.62500000003 54.753035714285708 384.83035714285717 3755.0000000000005 1632.3214285714287 1252.279642857143 1728.3928571428576 9425.0000000000018 674.32964285714297 -135.58321428571421 614.20642857142855 1360.5357142857144 553.75000000000011 501.64500000000004 253.94375000000005 844.38892857142878 942.50000000000011 3.5000000000000004 35985.255000000005 515.00000000000011 41110.000000000007 1156.7778571428573 905.00000000000011 -389.99999999999932 1426.7614285714287 22607.355000000007 475.10142857142864 1348.0357142857144 905.75142857142862 606.607142857143 1650.5357142857144 860.71428571428589 773.17857142857144 103.67500000000001 294.80500000000006 467.15333333333342 2.5000000000000004 47855.000000000007 21.500000000000004 199.02571428571426
decision_type=2 2 2 2 2 2 2 2 2 2 2 2 2 2 2 2 2 2 2 2 2 2 2 2 2 2 2 2 2 2 2 2 2 2 2 2 2 2 2 2 2 2 2 2 2 2 2 2 2 2 2 2 2 2 2 2 2 2 2 2 2 2
left_child=1 2 -1 -4 5 6 7 -3 -5 10 14 12 -11 16 -2 -16 23 -15 20 -20 34 32 25 -14 -25 28 29 -28 -12 30 -27 -31 33 -17 -19 37 43 39 -39 -13 41 -38 54 44 -37 -46 47 -47 55 -45 -51 -52 -42 -54 -43 56 -40 -57 59 -59 61 -60
right_child=9 4 3 8 -6 -7 -8 -9 -10 11 22 35 13 17 15 21 -18 18 19 -21 -22 -23 -24 24 -26 26 27 -29 -30 31 -32 -33 -34 -35 -36 36 40 38 48 -41 52 42 -44 49 45 46 -48 -49 -50 50 51 -53 53 -55 -56 57 -58 58 60 -61 -62 -63
leaf_value=-7.4847066641624309 0.18891202986168573 -12.387623724049368 20.849096794572294 -8.9308413281106365 -22.090894969906376 3.5713381486285876 -20.996077984448359 6.7340183539891711 11.803065206208055 34.471536656494486 -3.123308629003716 -0.86437993360539189 6.7838021543191793 22.973709217932306 38.304440321562844 1.3878537929140944 -8.2864357318141835 -10.036921469142861 26.776383350287961 7.6244426012470017 6.418646658769652 22.094536000750637 -16.220105832231436 -9.2302411276341392 4.4622932049664348 0.25521084242982617 -27.500124470277086 -1.7884934200998981 11.06350451698038 -3.0087180727997573 13.148079725599562 -26.588586240999419 8.0017581157403068 -15.192872795770235 7.2726728094587756 2.2714745472508056 8.9133728465221083 25.556315744827099 -27.384243014132938 -30.437000622002699 -3.9532425181147119 -18.041560216690609 -25.113541504861832 12.270763435087048 6.3530095159936195 14.342904542405506 4.3858811825761963 49.889360843695258 -16.391396239407481 -21.99594117100046 18.037061987237141 -1.419276610899435 -5.9782185529501701 23.113979792539077 2.9235613656156696 6.6644908137112528 -3.2306019300193949 -1.9560051943168937 3.602162971579737 -23.291643627063859 -1.1850872774330348 21.263290656023457
leaf_weight=116 23461 77 73 52 62 68 75 48 45 66 3865 82 294 60 55 338 247 171 61 415 231 40 75 183 180 3072 48 72 79 87 114 40 200 76 55 280 46 56 43 52 133 55 75 93 209 51 54 44 59 45 44 355 40 64 74 324 199 2379 830 50 1325 74
leaf_count=116 23461 77 73 52 62 68 75 48 45 66 3865 82 294 60 55 338 247 171 61 415 231 40 75 183 180 3072 48 72 79 87 114 40 200 76 55 280 46 56 43 52 133 55 75 93 209 51 54 44 59 45 44 355 40 64 74 324 199 2379 830 50 1325 74
internal_value=0.0208416 -4.24163 2.52158 9.34963 -10.1026 -7.32557 -11.0305 -5.04512 0.689055 0.0853283 -0.144451 0.88397 3.91416 2.85013 0.345061 5.51168 -1.03815 6.38979 5.32212 10.0814 0.364454 2.75115 -1.73214 1.68726 -2.44086 -1.58473 -0.143741 -12.0804 -2.839 0.288789 0.716738 -10.443 1.48929 -1.65741 -5.82371 0.0502751 2.42872 -0.672009 -0.378861 -12.3474 -3.15361 -9.00221 -13.0432 4.74246 8.0419 12.5541 21.2472 30.8242 -0.654015 0.822066 -1.57707 0.728263 3.01638 11.9271 -6.01854 -0.476121 -7.52716 -0.133545 -0.606468 -2.39566 1.34327 5.04898
internal_weight=41336 616 286 170 330 268 200 125 97 40720 31622 9098 1963 1897 24170 709 904 993 933 476 457 654 7452 657 363 7377 3433 120 3944 3313 3186 127 614 414 226 7135 1662 5473 5339 134 487 250 204 1175 638 358 149 95 5283 537 444 399 237 104 129 5224 242 4982 4658 2429 2229 904
internal_count=41336 616 286 170 330 268 200 125 97 40720 31622 9098 1963 1897 24170 709 904 993 933 476 457 654 7452 657 363 7377 3433 120 3944 3313 3186 127 614 414 226 7135 1662 5473 5339 134 487 250 204 1175 638 358 149 95 5283 537 444 399 237 104 129 5224 242 4982 4658 2429 2229 904
is_linear=0
shrinkage=0.1


Tree=73
num_leaves=63
num_cat=0
split_feature=31 0 33 28 33 33 19 24 19 33 16 33 13 30 21 16 20 29 32 26 7 35 24 29 28 21 29 29 19 30 35 11 8 26 33 19 28 10 23 35 17 16 34 33 5 13 29 35 30 23 35 23 4 23 34 4 23 28 35 30 32 30
split_gain=967859 1.16439e+06 2.20959e+06 2.42345e+06 2.17335e+06 1.59742e+06 4.21757e+06 2.95072e+06 2.07058e+06 1.97611e+06 1.71433e+06 2.03067e+06 1.71707e+06 1.67798e+06 1.74359e+06 1.64934e+06 2.93791e+06 1.5704e+06 1.4524e+06 1.91244e+06 1.36329e+06 1.35457e+06 1.30112e+06 1.23814e+06 2.38873e+06 1.20965e+06 2.13532e+06 2.64935e+06 2.06684e+06 1.8609e+06 1.4292e+06 1.25896e+06 1.29939e+06 1.18598e+06 1.6167e+06 1.52854e+06 1.76767e+06 1.38333e+06 1.97496e+06 1.36607e+06 2.13607e+06 1.89686e+06 1.16783e+06 3.39014e+06 1.74481e+06 1.15634e+06 1.15928e+06 1.14437e+06 2.84708e+06 4.54188e+06 4.6383e+06 3.34963e+06 4.75316e+06 3.04088e+06 2.90636e+06 2.46538e+06 2.48895e+06 2.37267e+06 2.14495e+06 2.14318e+06 2.13563e+06 2.08991e+06
threshold=1.5000000000000002 23.500000000000004 1561.6071428571429 54560.000000000007 1429.464285714286 1074.464285714286 1.0000000180025095e-35 2156.2500000000005 2316.428571428572 994.64285714285722 3095.0000000000005 758.75000000000011 360.38000000000005 23485.000000000004 1894.4660714285717 2751.6666666666674 -2085.6414285714277 56575.000000000007 845.00000000000011 7415.0000000000009 425.00000000000006 0.20000000000000004 1670.5062500000001 48160.000000000007 51315.000000000007 800.34857142857152 23490.960000000003 24565.000000000004 938.50000000000011 6950.8100000000004 57453.030000000006 294.80500000000006 -278.78999999999991 6030.4400000000014 696.07142857142867 1623.1014285714289 38385.000000000007 5205.0000000000009 1470.8928571428576 18845.885000000002 -1255.1449999999998 920.22333333333347 11.500000000000002 126.25000000000001 -146.93999999999997 271.54500000000007 32045.000000000004 20918.690000000006 11107.395000000002 1497.6785714285718 33638.230000000003 1728.3928571428576 14.500000000000002 1576.964285714286 3.5000000000000004 13.500000000000002 1461.964285714286 32885.000000000007 29656.035000000003 2095.0000000000005 673.57142857142878 6415.0000000000009
decision_type=2 2 2 2 2 2 2 2 2 2 2 2 2 2 2 2 2 2 2 2 2 2 2 2 2 2 2 2 2 2 2 2 2 2 2 2 2 2 2 2 2 2 2 2 2 2 2 2 2 2 2 2 2 2 2 2 2 2 2 2 2 2
left_child=-1 17 4 -4 5 6 -3 23 -9 10 11 15 -12 18 22 16 -8 42 -13 -20 -14 -18 -15 -7 -25 26 -23 29 31 -28 33 -27 -33 34 37 36 -35 38 39 -30 -41 -42 47 -44 -45 -29 -47 -2 51 50 -50 53 -53 55 -52 56 57 59 -55 -49 61 -59
right_child=1 2 3 -5 -6 7 9 8 -10 -11 12 13 20 14 -16 -17 21 -19 19 -21 -22 25 -24 24 -26 28 27 45 30 -31 -32 32 -34 35 -36 -37 -38 -39 -40 40 41 -43 43 44 -46 46 -48 48 49 -51 54 52 -54 58 -56 -57 -58 60 -60 -61 -62 -63
leaf_value=-0.35325125776295063 0.29663068455796415 32.386048342434513 1.8887269578760044 -24.6693233551877 17.819455992651026 -31.377798444191896 26.283715778128574 19.737308636742146 -6.7537833595662251 12.668256637111959 25.239483654334368 -6.6900053158141022 -1.809614959558169 -4.0123372564652664 -12.881434513226758 -15.827333336815208 -16.302787548435301 15.902602132357288 -37.061380324638115 -8.3756489387860835 18.0086191461188 0.17930348356260117 19.904546212169265 8.1246895265043459 -22.49700661059536 -12.708714850226052 37.779873249675376 -10.473123190241861 0.94634932488171009 10.770227827281792 -15.938296728839568 -6.9017039567842859 0.58738839228344553 -5.3594801690900935 21.012079423202181 1.1690776212120744 -30.533043033502231 19.744926022114086 -9.0065244039970977 24.737043900750038 12.633704524632744 -12.003550368609236 33.646665192602875 -1.1940275009999994 10.526256295386945 2.4435014938071626 16.986160862471003 27.050900145954216 -2.1751139326433968 2.1046737476527775 -15.559712888620474 40.954312947341208 4.8028474073288248 -24.680150354933684 -51.7348429723923 2.1013251472615093 -12.627987590283338 33.914660420574613 2.8137281513124233 3.3805118501832383 41.158829102002827 6.0947400045924596
leaf_weight=23338 7358 40 62 77 67 43 42 49 74 118 47 151 125 41 58 67 52 73 46 47 48 2369 51 40 70 175 42 51 1255 65 52 505 428 92 43 180 40 40 178 65 76 53 40 319 211 240 71 46 131 758 50 61 90 61 40 942 41 41 53 226 45 79
leaf_count=23338 7358 40 62 77 67 43 42 49 74 118 47 151 125 41 58 67 52 73 46 47 48 2369 51 40 70 175 42 51 1255 65 52 505 428 92 43 180 40 40 178 65 76 53 40 319 211 240 71 46 131 758 50 61 90 61 40 942 41 41 53 226 45 79
internal_value=0.0723606 0.621141 -0.339473 -12.8268 -0.101483 -0.267701 0.0284924 -7.72809 3.80327 -0.158967 -0.381813 -0.672388 8.30057 -7.63263 0.690726 -0.228657 -0.0575909 1.29082 -12.7486 -22.5766 3.69267 -0.240009 9.24949 -16.9966 -11.3632 -0.101126 1.39984 7.5643 -1.43983 21.3849 0.423 -4.92661 -3.46634 0.844152 1.87867 -4.82518 -12.9965 1.38451 0.932518 2.15374 9.96212 2.51065 1.19004 5.59277 3.47252 3.4768 5.76574 0.939611 2.71549 -1.57331 -14.1859 5.2073 19.4158 3.80808 -31.6574 5.06971 10.9187 13.1291 -11.9022 7.38785 22.5883 15.6101
internal_weight=41438 18100 7435 139 7296 7229 6953 276 123 6913 6795 6575 220 394 150 6181 6114 10665 244 93 173 6072 92 153 110 6020 2838 469 3182 107 2074 1108 933 2022 1710 312 132 1667 1627 1449 194 129 10592 570 530 362 311 10022 2664 979 221 1685 151 1534 90 1420 478 437 114 272 165 120
internal_count=41438 18100 7435 139 7296 7229 6953 276 123 6913 6795 6575 220 394 150 6181 6114 10665 244 93 173 6072 92 153 110 6020 2838 469 3182 107 2074 1108 933 2022 1710 312 132 1667 1627 1449 194 129 10592 570 530 362 311 10022 2664 979 221 1685 151 1534 90 1420 478 437 114 272 165 120
is_linear=0
shrinkage=0.1


Tree=74
num_leaves=63
num_cat=0
split_feature=35 28 26 28 28 26 28 35 28 28 22 28 35 34 20 28 35 9 4 1 22 29 35 10 17 35 34 5 26 35 35 14 6 26 35 13 23 33 33 18 4 28 34 20 35 28 28 22 22 26 23 0 35 29 23 33 28 28 23 23 23 28
split_gain=833609 1.46068e+06 6.40231e+06 5.50225e+06 5.7228e+06 787405 1.29451e+06 1.43624e+06 746648 1.7512e+07 5.38107e+07 1.80695e+06 1.94391e+06 1.19313e+06 2.61687e+06 1.65369e+06 1.68286e+06 2.76745e+06 1.32503e+06 5.3032e+06 2.18032e+06 1.96922e+06 1.73172e+06 1.59812e+06 2.03976e+06 1.68805e+06 1.66e+06 1.60874e+06 1.44276e+06 1.3316e+06 1.37834e+06 1.33637e+06 1.16082e+06 1.12477e+06 1.13411e+06 1.56953e+06 1.79564e+06 1.48515e+06 1.63063e+06 1.37103e+06 2.4607e+06 1.92321e+06 3.28051e+06 3.63778e+06 2.76227e+06 1.97288e+06 3.40169e+06 2.65713e+06 2.26618e+06 2.20866e+06 2.09806e+06 2.08398e+06 2.90507e+06 1.76225e+06 2.07472e+06 1.93274e+06 1.86237e+06 1.71191e+06 1.92977e+06 3.16657e+06 1.92837e+06 1.53956e+06
threshold=1044.9650000000004 39055.000000000007 2532.4050000000002 34945.000000000007 32695.000000000004 285.00000000000006 10255.000000000002 23036.735000000004 41575.000000000007 41980.000000000007 -675.90999999999985 41110.000000000007 46209.385000000009 9.5000000000000018 -984.2299999999999 47855.000000000007 38155.840000000004 -639.89999999999986 27.500000000000004 2.5000000000000004 1769.3750000000005 44550.000000000007 161154.62500000003 1015.0000000000001 861.05000000000007 24200.905000000002 1.5000000000000002 -739.7149999999998 8085.0000000000009 110465.84000000001 30501.650000000005 2315.0000000000005 1215.0000000000002 19528.400000000005 86917.895000000004 585.00000000000011 1673.7500000000002 386.96428571428578 72.678571428571445 4750.0000000000009 28.500000000000004 39835.000000000007 4.5000000000000009 -514.28571428571411 28939.045000000002 38815.000000000007 38385.000000000007 -312.94821428571424 -1087.9946428571427 4275.0000000000009 1414.464285714286 17.500000000000004 26977.480000000003 32045.000000000004 1284.8214285714287 823.03571428571433 37455.000000000007 39565.000000000007 1213.3928571428576 1263.7500000000002 1289.1071428571429 17085.000000000004
decision_type=2 2 2 2 2 2 2 2 2 2 2 2 2 2 2 2 2 2 2 2 2 2 2 2 2 2 2 2 2 2 2 2 2 2 2 2 2 2 2 2 2 2 2 2 2 2 2 2 2 2 2 2 2 2 2 2 2 2 2 2 2 2
left_child=1 3 -3 4 -1 6 -2 -8 11 10 -10 33 -13 18 -15 -16 -17 -18 20 -20 21 29 28 27 25 32 -27 -23 -22 30 31 -11 -25 34 39 37 -37 38 -36 41 57 45 -43 44 -44 46 53 48 -48 50 51 -47 -53 61 55 -55 -56 58 -41 -60 -61 -7
right_child=5 2 -4 -5 -6 8 7 -9 9 13 -12 12 -14 14 15 16 17 -19 19 -21 22 23 -24 24 -26 26 -28 -29 -30 -31 -32 -33 -34 -35 35 36 -38 -39 -40 40 -42 42 43 -45 -46 49 47 -49 -50 -51 -52 52 -54 54 56 -57 -58 -59 59 60 -62 -63
leaf_value=1.5295940591207022 -1.429996676042748 43.714468506918763 -9.3346184090699325 -28.627531237687027 38.851067040068649 0.51831856059751158 -18.643427614235115 3.7445837001126812 132.24818800300108 -3.6345441960134508 -4.5480910623526585 -3.9485788612621215 -30.138518351770376 -28.600048409234052 2.4472072912589606 -26.151402840033782 -19.737280694096864 12.563808941279348 19.193059944397771 -24.763650195851952 7.9821615406578204 25.742822023861194 24.324724783278079 -3.717272350027951 15.552346529464012 -4.1659310809337464 -30.669238396008435 5.3412356074450358 -9.4655271409346948 -16.09837155365592 2.0618425133911318 -19.958604206636107 13.667375973264985 -15.388027620265934 19.884340303189514 4.2696432015801724 -15.284031831799405 21.715534102019447 -1.9185061615577041 11.73867938371153 -28.227781756234961 1.1260307091016228 -12.065681283340965 1.5368825845766034 -42.545687452117647 3.5613580820791024 -10.146210017879611 -1.3322339035463635 -41.715474380002043 -1.985400962609849 -1.8663638817856545 13.241332760828257 48.161685973263765 1.4652650596492722 10.745046998948412 -18.023688608988376 -2.926108916720338 7.6621752560889522 -28.521992841254889 11.797910057600296 -7.0967475816751735 -0.88075519236420075
leaf_weight=1792 901 41 51 59 42 17729 95 41 41 564 96 97 40 42 260 48 53 53 42 79 307 42 55 177 59 54 42 479 56 71 478 55 49 48 50 176 64 79 109 59 41 236 60 70 59 47 46 87 45 141 57 52 44 368 476 59 126 123 62 63 377 14137
leaf_count=1792 901 41 51 59 42 17729 95 41 41 564 96 97 40 42 260 48 53 53 42 79 307 42 55 177 59 54 42 479 56 71 478 55 49 48 50 176 64 79 109 59 41 236 60 70 59 47 46 87 45 141 57 52 44 368 476 59 126 123 62 63 377 14137
internal_value=0.016633 2.01621 14.3177 1.418 2.38532 -0.0839411 -2.80299 -11.8952 -0.0105644 1.45145 36.4242 -0.143458 -11.6035 -0.112336 -4.83141 -2.41692 -10.6272 -3.58838 0.712537 -9.50428 1.2096 -0.120726 7.79681 3.38895 -1.53314 -4.66565 -15.7711 6.98822 5.28956 -2.83114 -1.97176 -5.08649 0.0541328 -0.0986985 -0.0777334 4.75963 -0.946747 10.513 4.9418 -0.144638 -4.44729 -0.0524474 -6.73663 -16.5523 -27.1892 0.03258 -0.0454492 -13.8304 -25.7718 7.59941 14.3555 20.82 29.2633 0.0291638 4.10216 -1.22937 7.88363 -3.01988 -5.36242 -7.37329 -4.39033 -0.102365
internal_weight=41451 1985 92 1893 1834 39466 1037 136 38429 3202 137 35227 137 3065 456 414 154 106 2609 121 2488 2070 418 902 381 322 96 521 363 1168 1097 619 226 35090 35042 478 240 238 159 34564 725 33839 425 189 119 33414 33073 178 91 341 200 143 96 32895 1029 427 602 684 561 502 440 31866
internal_count=41451 1985 92 1893 1834 39466 1037 136 38429 3202 137 35227 137 3065 456 414 154 106 2609 121 2488 2070 418 902 381 322 96 521 363 1168 1097 619 226 35090 35042 478 240 238 159 34564 725 33839 425 189 119 33414 33073 178 91 341 200 143 96 32895 1029 427 602 684 561 502 440 31866
is_linear=0
shrinkage=0.1


Tree=75
num_leaves=63
num_cat=0
split_feature=28 23 4 35 28 29 29 2 4 4 4 22 33 19 8 33 29 30 25 20 25 4 32 32 32 35 35 24 10 33 23 25 26 33 35 29 28 28 20 28 33 22 19 24 32 35 28 15 20 23 23 24 17 19 23 32 28 16 16 9 25 22
split_gain=787468 2.37842e+06 1.83794e+06 2.17165e+06 2.43543e+06 1.23119e+06 1.65261e+06 2.03545e+06 2.3576e+06 7.99093e+06 2.21126e+06 4.4807e+06 1.3954e+06 1.52784e+06 1.37007e+06 1.2688e+06 1.21121e+06 1.16955e+06 1.79925e+06 1.91104e+06 1.50151e+06 2.36004e+06 1.5348e+06 1.75322e+06 2.21421e+06 1.48001e+06 1.44799e+06 1.94559e+06 1.38524e+06 1.89122e+06 1.3754e+06 1.33165e+06 2.24945e+06 2.23561e+06 2.23512e+06 2.56458e+06 1.91256e+06 1.845e+06 1.91973e+06 1.66945e+06 1.97381e+06 3.28908e+06 1.64025e+06 2.32494e+06 2.37935e+06 1.50293e+06 1.35249e+06 1.62525e+06 1.34044e+06 2.14127e+06 1.39376e+06 1.33776e+06 2.07351e+06 1.87024e+06 1.44834e+06 1.32564e+06 2.21081e+06 3.17295e+06 1.86328e+06 1.66644e+06 3.47642e+06 2.08784e+06
threshold=3745.0000000000005 1.0000000180025095e-35 29.500000000000004 49630.665000000008 18900.000000000004 22308.710000000003 7852.2700000000013 1.0000000180025095e-35 14.500000000000002 11.500000000000002 12.500000000000002 394.30250000000007 40.892857142857146 786.42857142857144 -605.64499999999987 181.96428571428575 11102.630000000003 1.0000000180025095e-35 -993.66624999999988 -1000.7114285714284 211.7364285714286 23.500000000000004 482.14285714285717 270.71428571428578 110.71428571428574 16231.280000000002 29656.035000000003 1280.8648214285715 1145.0000000000002 591.25000000000011 1388.214285714286 -236.27392857142854 12275.000000000002 897.32142857142867 42667.910000000011 37425.000000000007 32695.000000000004 43280.000000000007 -1000.7114285714284 22525.000000000004 252.32142857142858 -636.14821428571418 2362.1428571428573 2115.178571428572 1019.2857142857143 25795.070000000003 18695.000000000004 1108.3333333333337 -648.4914285714284 2011.2500000000002 1948.3928571428573 1826.964285714286 -746.62833333333322 1874.3457142857144 1278.7500000000002 4509.2857142857156 51315.000000000007 961.66666666666686 3028.3333333333335 -8902.9799999999977 -1475.7339285714286 -1145.6764285714282
decision_type=2 2 2 2 2 2 2 2 2 2 2 2 2 2 2 2 2 2 2 2 2 2 2 2 2 2 2 2 2 2 2 2 2 2 2 2 2 2 2 2 2 2 2 2 2 2 2 2 2 2 2 2 2 2 2 2 2 2 2 2 2 2
left_child=1 -1 17 4 -4 6 15 8 9 12 -9 -12 13 14 -8 -3 -10 18 -2 30 -21 28 23 24 26 55 -23 -28 29 -22 -20 33 39 36 -35 -36 -27 -34 -39 40 41 -33 43 51 -45 -38 -42 -48 50 -50 -44 53 -53 -41 -55 56 59 -58 -59 -19 -61 -62
right_child=2 5 3 -5 -6 -7 7 10 16 -11 11 -13 -14 -15 -16 -17 -18 25 19 20 21 22 -24 -25 -26 31 27 -29 -30 -31 -32 32 37 34 35 -37 45 38 -40 42 46 -43 48 44 -46 -47 47 -49 49 -51 -52 52 -54 54 -56 -57 57 58 -60 60 61 -63
leaf_value=20.644045231598117 13.148003521331312 -0.32715765127373225 -18.794677053620205 -29.862722432744057 3.8316796109883726 16.420950746107533 13.006004768292886 1.6021768064982027 -2.0579659947899764 44.31624952950304 -48.030449100975396 -7.6768593009715733 11.767558321923046 -21.965066707250742 -8.9607064844063213 2.8205927307833139 -16.946495519168902 14.322177934244346 -5.8058602733732867 -0.48532913836262587 -7.0565771910298416 -4.9522625799739188 -8.4528027486510862 16.074240881030864 -19.488458487084817 -4.9673344475512948 3.6177250025582732 27.359467593799078 4.887636117309003 -24.679709252148847 -28.632632361467614 23.170435780212348 0.56195782556705598 -3.0743008707656569 -39.44688694057394 -8.7463169837404475 -0.40027577786505986 7.8213611471010882 33.057703292672834 0.34106038901113045 8.9340624028135736 -0.95761298691875063 -9.6010056735215041 4.617166590590136 34.053513574716384 18.059811722235612 11.066583081485369 -3.3555160361537268 0.19205620400491297 -28.139210550929985 6.1817721660354525 -23.31615741980066 -1.7723895617463985 -9.3597843321007321 9.0139268001673614 17.749955998109968 -30.293936987820519 10.622668817390357 -15.304441251044674 -26.474021720045581 4.6969542304373624 -0.58405842646567097
leaf_weight=61 86 2492 76 41 127 50 46 72 139 45 40 88 56 46 74 2634 90 77 71 6187 782 160 156 84 50 144 250 40 86 66 42 60 86 362 40 85 75 64 57 5590 762 955 116 83 41 107 117 235 48 60 108 57 206 48 401 40 60 58 53 51 785 16133
leaf_count=61 86 2492 76 41 127 50 46 72 139 45 40 88 56 46 74 2634 90 77 71 6187 782 160 156 84 50 144 250 40 86 66 42 60 86 362 40 85 75 64 57 5590 762 955 116 83 41 107 117 235 48 60 108 57 206 48 401 40 60 58 53 51 785 16133
internal_value=-0.0584021 1.00792 -0.236776 -8.885 -4.64179 0.803763 0.669501 -3.90261 -0.468256 5.91617 -12.4175 -20.3012 -1.87583 -6.48061 -0.538182 1.29033 -7.9118 -0.176856 -1.23469 -1.38989 -1.20423 -3.86116 0.357174 2.71106 0.464647 0.137022 2.68359 6.89662 -7.20316 -8.42957 -14.2991 1.11122 1.45787 -2.76621 -7.05632 -18.5824 3.64272 11.7617 19.7183 1.2178 3.65968 0.469742 0.448505 0.80264 14.36 10.4546 6.56598 1.43907 -6.40501 -15.5532 -1.99175 0.535769 -6.44513 0.839841 7.04886 -0.42225 -0.464521 -11.7767 -1.75821 -0.351006 -0.417631 -0.339004
internal_weight=41401 5933 35468 244 203 5872 5822 696 496 267 200 128 222 166 120 5126 229 35224 8060 7974 7861 1674 740 584 500 27164 450 290 934 848 113 9907 9094 813 487 125 326 207 121 8887 2129 1015 6758 6426 124 182 1114 352 332 108 224 6302 263 6039 449 17257 17217 171 111 17046 16969 16918
internal_count=41401 5933 35468 244 203 5872 5822 696 496 267 200 128 222 166 120 5126 229 35224 8060 7974 7861 1674 740 584 500 27164 450 290 934 848 113 9907 9094 813 487 125 326 207 121 8887 2129 1015 6758 6426 124 182 1114 352 332 108 224 6302 263 6039 449 17257 17217 171 111 17046 16969 16918
is_linear=0
shrinkage=0.1


Tree=76
num_leaves=63
num_cat=0
split_feature=28 0 21 0 23 23 16 24 28 24 30 21 23 22 29 15 16 18 23 35 20 28 9 23 35 23 23 35 25 28 7 14 26 30 28 21 30 23 23 30 23 21 21 23 14 29 24 13 30 28 31 0 9 28 7 35 28 29 29 35 28 30
split_gain=824205 1.47819e+06 7.90031e+06 5.67121e+06 1.71485e+07 1.76329e+06 1.55162e+06 1.65131e+06 1.53596e+06 2.32074e+06 1.30506e+06 2.05844e+06 1.74549e+06 1.80324e+06 2.38807e+06 2.04716e+06 1.43463e+06 1.20073e+06 3.42527e+06 1.43268e+06 2.23674e+06 1.69021e+06 1.4392e+06 1.43394e+06 1.19905e+06 4.22296e+06 2.59848e+06 2.44806e+06 1.55915e+06 1.155e+06 2.51789e+06 1.49778e+06 1.55057e+06 1.16478e+06 2.58813e+06 1.12141e+06 1.72446e+06 1.55255e+06 4.70176e+06 1.72921e+06 1.32396e+06 2.30626e+06 2.82379e+06 1.85923e+06 3.70842e+06 2.22142e+06 7.68138e+06 1.85825e+06 1.41777e+06 1.32757e+06 1.67793e+06 1.54871e+06 1.31686e+06 1.29336e+06 1.3599e+06 1.79409e+06 1.76e+06 1.28049e+06 1.26874e+06 2.31382e+06 1.32719e+06 2.21757e+06
threshold=6595.0000000000009 15.500000000000002 1027.1882142857146 14.500000000000002 894.46428571428589 1570.1785714285718 947.61333333333346 622.88482142857163 6455.0000000000009 727.04535714285726 405.00000000000006 2205.4039285714289 2477.1428571428573 68.305714285714274 44550.000000000007 1781.6666666666667 7066.666666666667 5404.2857142857147 1434.1071428571429 12071.515000000001 -1129.4099999999999 5615.0000000000009 -1.0000000180025095e-35 312.32142857142861 110465.84000000001 1339.8214285714287 1570.1785714285718 161154.62500000003 264.33857142857147 60820.000000000007 1415.0000000000002 2465.0000000000005 13254.990000000002 38544.735000000008 65425.000000000007 318.50964285714292 725.00000000000011 306.25000000000006 312.32142857142861 3695.0000000000005 1263.7500000000002 767.99107142857156 743.13535714285729 1256.6071428571429 865.00000000000011 40732.455000000009 1473.7500000000002 84.635000000000005 22075.000000000004 33725.000000000007 3.5000000000000004 20.500000000000004 804.99500000000012 14995.000000000002 805.00000000000011 45003.415000000008 56880.000000000007 30705.000000000004 50080.615000000005 19878.470000000005 37455.000000000007 15075.000000000002
decision_type=2 2 2 2 2 2 2 2 2 2 2 2 2 2 2 2 2 2 2 2 2 2 2 2 2 2 2 2 2 2 2 2 2 2 2 2 2 2 2 2 2 2 2 2 2 2 2 2 2 2 2 2 2 2 2 2 2 2 2 2 2 2
left_child=1 3 5 8 -5 6 7 -3 17 -10 11 -2 16 14 -14 -15 24 19 -19 -1 -21 23 -23 -22 29 -26 27 -27 -28 35 31 32 33 34 -31 36 -12 -38 -39 -40 43 42 52 45 -45 48 -47 49 -37 -43 51 -51 57 -49 56 58 -55 -42 60 -60 61 -56
right_child=10 2 -4 4 -6 -7 -8 -9 9 -11 12 -13 13 15 -16 -17 -18 18 -20 20 21 22 -24 -25 25 26 28 -29 -30 30 -32 -33 -34 -35 -36 40 37 38 39 -41 41 47 -44 44 -46 46 -48 53 -50 50 -52 -53 -54 54 55 -57 -58 -59 59 -61 -62 -63
leaf_value=-0.16518869509018558 -1.3878147565858636 1.1664420806671758 47.467246745439361 -0.6937227466127488 -69.18024418473118 14.140062945881724 -18.000367800870936 17.767320401152386 -1.4816410714539225 26.703966837839616 18.437226047421913 -18.622908387602781 -11.152438348586253 35.137390051873858 18.082671347088976 6.6498898728766669 -14.894674531429391 -30.780536909437842 0.27143112387750856 -10.637398936567715 23.376878503139849 -13.53247818154918 2.440574180402177 4.2406842592172618 29.032917682608996 3.2065601665653967 25.515618015692493 -26.787765034245947 1.1946542913996063 -21.270666286968741 13.933864910847632 -27.202106409814998 8.4646036917911101 -24.03602786141208 8.7310915350308367 -0.6194316434260887 -2.3172741425432157 35.883745882588052 -4.4939273699648297 9.425002847090509 -4.6217108899936914 1.0656810374948646 34.495658900531588 -37.443260892619463 0.033714446821863149 42.13424716183593 -7.7262030804024029 4.8516857254356545 -14.131072976259299 -8.069103743203506 2.6756890437978957 -30.257511611769772 20.873874034730047 1.173937589969295 -4.1344294661656846 14.318756391133983 18.001162414717168 15.607008084698785 -2.5669295689186518 26.698457946033923 -7.5479193239102305 5.7639323697483444
leaf_weight=5675 6447 1207 40 164 47 118 40 63 61 56 71 70 71 43 46 61 65 47 145 116 40 99 131 1764 64 57 43 52 68 56 52 43 51 51 59 15497 391 48 176 181 108 118 41 41 74 52 76 758 78 65 51 61 44 4389 791 66 63 44 79 41 491 317
leaf_count=5675 6447 1207 40 164 47 118 40 63 61 56 71 70 71 43 46 61 65 47 145 116 40 99 131 1764 64 57 43 52 68 56 52 43 51 51 59 15497 391 48 176 181 108 118 41 41 74 52 76 758 78 65 51 61 44 4389 791 66 63 44 79 41 491 317
internal_value=-0.0637289 0.736858 3.66307 0.222077 -15.9618 2.43444 1.37954 1.99062 0.641991 12.0145 -0.312256 -1.57308 0.0151871 8.86212 0.344479 18.4396 -0.0634365 0.475946 -7.33584 0.667668 2.86598 3.63633 -4.43621 4.66563 -0.0245467 6.43529 -0.143651 -11.1083 10.6236 -0.0993679 -6.1444 -10.162 -6.77985 -11.4646 -5.88131 -0.0214579 3.50989 2.17735 6.51637 2.56333 -0.152615 0.939085 10.6461 -0.672102 -13.3381 -0.579301 12.5381 0.623435 -0.687144 -7.15036 -12.6265 -18.8189 5.64961 0.951329 0.477272 -1.85467 1.41226 1.23714 -2.47604 7.43899 -3.22034 -1.30236
internal_weight=41424 9813 1468 8345 211 1428 1310 1270 8134 117 31611 6517 25094 221 117 104 24873 8017 192 7825 2150 2034 230 1804 24808 284 220 109 111 24524 312 260 217 166 115 24212 867 796 405 357 23345 7527 237 15818 115 15703 128 7290 15575 295 177 126 196 6995 6237 1785 4452 152 1719 120 1599 1108
internal_count=41424 9813 1468 8345 211 1428 1310 1270 8134 117 31611 6517 25094 221 117 104 24873 8017 192 7825 2150 2034 230 1804 24808 284 220 109 111 24524 312 260 217 166 115 24212 867 796 405 357 23345 7527 237 15818 115 15703 128 7290 15575 295 177 126 196 6995 6237 1785 4452 152 1719 120 1599 1108
is_linear=0
shrinkage=0.1


Tree=77
num_leaves=63
num_cat=0
split_feature=25 13 28 35 13 25 21 16 24 30 35 26 24 34 0 23 17 33 23 26 35 30 9 16 35 13 28 28 22 33 13 23 22 24 23 28 21 30 35 22 23 17 13 21 7 20 30 35 22 20 35 13 13 22 30 12 9 0 23 15 8 22
split_gain=1.0061e+06 5.25488e+06 2.94553e+06 2.32745e+06 959388 3.04448e+06 1.37973e+06 2.06575e+06 1.50625e+06 1.45175e+06 1.31216e+06 2.06831e+06 2.16704e+06 1.99758e+06 1.35958e+06 1.3005e+06 4.0512e+06 8.36385e+06 2.63366e+06 1.76395e+06 2.52565e+06 1.41729e+06 1.27561e+06 1.26132e+06 1.18781e+06 2.08961e+06 2.36735e+06 3.13866e+06 1.76994e+06 3.92477e+06 1.90487e+06 2.0958e+06 1.2918e+06 2.1669e+06 2.0308e+06 1.69564e+06 1.34412e+06 1.30118e+06 1.28858e+06 1.25508e+06 1.91168e+06 1.30592e+06 2.09999e+06 1.2179e+06 1.1432e+06 1.13339e+06 1.13289e+06 1.3308e+06 1.8894e+06 1.23683e+06 1.97067e+06 1.06931e+06 1.01972e+06 2.15479e+06 5.07453e+06 2.08847e+06 1.39699e+06 2.46195e+06 1.13491e+06 1.07977e+06 989615 3.89001e+06
threshold=-1475.7339285714286 110.00500000000001 50515.000000000007 38155.840000000004 820.19000000000017 -1249.4976785714282 1139.4225000000004 74.27833333333335 1063.3928571428576 27265.000000000004 96433.185000000012 1895.0000000000002 634.01410714285726 13.500000000000002 16.500000000000004 1497.6785714285718 -1278.843333333333 381.18428571428575 1470.8928571428576 1365.0000000000002 28236.235000000004 22075.000000000004 -398.50499999999994 460.67500000000001 68200.970000000016 355.00000000000006 40860.000000000007 45920.000000000007 -1696.8382142857138 596.69732142857163 644.1400000000001 1545.5357142857144 549.45821428571446 1473.7500000000002 1448.0357142857144 39565.000000000007 2205.4039285714289 20555.000000000004 4854.0400000000009 829.70571428571441 1717.3214285714287 -269.21333333333331 585.00000000000011 1551.0714285714287 -949.76499999999987 -1040 9865.0000000000018 36682.645000000011 -823.91214285714284 -680.85857142857128 12538.6 163.18500000000003 2245.0000000000005 -1058.5242857142855 5545.0000000000009 455.00000000000006 -749.89999999999986 20.500000000000004 1453.3928571428576 13180.000000000002 -389.78999999999991 -1270.0753571428568
decision_type=2 2 2 2 2 2 2 2 2 2 2 2 2 2 2 2 2 2 2 2 2 2 2 2 2 2 2 2 2 2 2 2 2 2 2 2 2 2 2 2 2 2 2 2 2 2 2 2 2 2 2 2 2 2 2 2 2 2 2 2 2 2
left_child=1 -1 3 -3 6 -6 9 -8 46 10 15 12 -12 -14 -13 18 17 -17 21 20 -18 -2 23 -22 28 -26 -27 -28 29 -10 31 -31 34 35 36 43 -30 38 -36 41 -41 -35 -43 -34 -33 -21 47 48 -9 50 -48 -39 53 54 -7 -56 57 -57 -58 -55 -40 -62
right_child=4 2 -4 -5 5 52 7 8 24 -11 11 14 13 -15 -16 16 19 -19 -20 45 22 -23 -24 -25 25 26 27 -29 32 30 -32 44 33 39 37 -37 -38 51 60 40 -42 42 -44 -45 -46 -47 49 -49 -50 -51 -52 -53 -54 59 55 56 58 -59 -60 -61 61 -63
leaf_value=39.434945898734682 -0.047203377881175859 -29.493011991210661 17.751627310158437 4.0062286176931554 25.001352523085483 32.040522674748615 -18.714679279092604 10.760413685147435 36.29853542723162 17.858264764046439 -2.1746064464471715 -11.832812285008167 10.244922501152942 40.231362720704389 11.171098477094835 56.991596940838612 9.2950794578440377 -6.1094329896011974 -23.276625135890331 -10.408271232737404 -5.7906851481650436 -18.875350583537241 -2.5925316452682168 -28.022503502706066 9.9531241524588694 4.3610260368882185 -43.949847306383688 -9.2688201843937748 0.8696541469013046 -5.0912217769580135 -10.72493082258719 4.931641532716978 -3.8489321519002786 2.2380154813471824 8.6310785332149589 4.574672994490423 -15.396597416462749 -14.676210572048753 -12.846985226841907 10.72064924666924 -5.1423314898165655 38.209265846713222 8.937256486576759 -20.433906568119152 26.988786580706773 7.0076714304936703 -7.9454855985142689 -17.345132071965736 -4.0688595713544915 -4.9095701482823966 -35.820978227902678 2.2409840815085342 -0.61238984514350003 0.91021797782676028 18.285888446895779 27.010145420022084 0.71857199055878862 -3.8417040352948639 -17.504288265395406 14.850588255030679 24.565302780585565 -6.0179156514563736
leaf_weight=40 22910 43 48 40 52 75 69 104 40 46 45 66 46 43 42 41 92 43 49 41 45 40 100 59 50 52 40 75 2115 67 75 40 268 54 63 236 52 41 183 172 136 43 57 53 57 417 64 58 493 151 42 416 3577 6396 71 40 72 73 65 56 43 1227
leaf_count=40 22910 43 48 40 52 75 69 104 40 46 45 66 46 43 42 41 92 43 49 41 45 40 100 59 50 52 40 75 2115 67 75 40 268 54 63 236 52 41 183 172 136 43 57 53 57 417 64 58 493 151 42 416 3577 6396 71 40 72 73 65 56 43 1227
internal_value=0.0817649 7.73526 -1.95535 -13.356 0.050019 0.876492 -0.231473 -1.50843 -1.3275 0.119777 0.0858523 7.41153 15.7089 24.7473 -2.88577 0.0114643 3.88091 24.7054 -0.129532 1.55945 -4.45659 -0.0800606 -10.6591 -18.4104 -0.719273 -7.97358 -13.3423 -21.3457 -0.429723 7.32738 2.47206 8.50872 -0.849297 2.34017 -1.63436 -1.85957 0.478976 -3.95544 -5.36539 7.40315 3.7165 14.7728 21.5371 -6.59003 17.9003 5.44763 -5.09863 -2.89049 -1.48484 -10.7247 -19.0022 0.721798 0.756037 1.47082 8.63047 3.15668 -1.1428 7.08638 -7.93051 1.03133 -5.97253 -4.98149
internal_weight=41409 171 131 83 41238 10477 30761 6636 6567 24125 24079 242 134 89 108 23837 838 84 22999 754 296 22950 204 104 5655 217 167 115 5438 279 239 164 5159 1019 4140 557 2167 1973 1516 462 308 154 100 321 97 458 912 655 597 257 106 457 10425 6848 396 321 250 113 137 6452 1453 1270
internal_count=41409 171 131 83 41238 10477 30761 6636 6567 24125 24079 242 134 89 108 23837 838 84 22999 754 296 22950 204 104 5655 217 167 115 5438 279 239 164 5159 1019 4140 557 2167 1973 1516 462 308 154 100 321 97 458 912 655 597 257 106 457 10425 6848 396 321 250 113 137 6452 1453 1270
is_linear=0
shrinkage=0.1


Tree=78
num_leaves=63
num_cat=0
split_feature=21 24 24 21 33 24 32 30 30 22 35 8 25 13 23 24 30 24 0 24 35 33 28 23 20 8 33 33 4 23 35 14 14 23 33 30 24 19 19 16 4 31 28 28 23 25 25 25 21 35 33 25 35 35 32 35 25 32 28 21 22 4
split_gain=1.12545e+06 2.1489e+06 5.51101e+06 3.17008e+06 1.99864e+06 1.36216e+06 2.445e+06 1.2099e+06 1.664e+06 1.03566e+06 962415 1.41349e+06 2.87571e+06 1.67614e+06 1.36889e+06 1.39605e+06 1.39028e+06 1.55689e+06 1.77652e+06 1.3574e+06 1.35115e+06 3.24667e+06 3.44984e+06 2.97296e+06 1.37973e+06 1.29895e+06 1.06297e+06 1.63706e+06 1.52663e+06 1.04698e+06 1.47586e+06 1.18104e+06 1.52332e+06 1.12444e+06 1.03615e+06 1.13164e+06 1.21941e+06 980808 2.11058e+06 1.69775e+06 2.10567e+06 2.105e+06 1.18205e+06 1.11132e+06 1.08795e+06 975532 914416 911505 888136 910556 1.63675e+06 2.80609e+06 2.46026e+06 1.26425e+06 2.11541e+06 1.40034e+06 1.72055e+06 1.13603e+06 1.22344e+06 1.13094e+06 1.71573e+06 1.13051e+06
threshold=1470.9582142857146 1907.9301785714288 1944.9091071428572 743.13535714285729 353.34410714285724 2024.9332142857145 308.68714285714287 29655.000000000004 26290.435000000001 -1432.0046428571427 5089.4750000000013 -5290.6449999999995 -993.66624999999988 205.00000000000003 1295.1785714285718 1172.3214285714287 13125.000000000002 1486.5164285714288 16.500000000000004 1138.9982142857145 68200.970000000016 1328.5714285714287 43870.000000000007 2188.3928571428573 -2085.6414285714277 -689.89499999999987 384.10714285714295 443.5058928571429 15.500000000000002 1348.0357142857144 24726.795000000002 4795.0000000000009 3865.0000000000005 1325.1785714285718 620.89285714285722 8255.0000000000018 1531.518392857143 970.71428571428589 1024.5835714285715 488.33333333333343 23.500000000000004 1.5000000000000002 22105.000000000004 30095.000000000004 2079.4642857142862 -5.3975000000000035 -131.57071428571427 74.388928571428679 1510.3571428571431 16378.685000000003 930.17857142857156 -65.547142857142831 23705.580000000005 45003.415000000008 1027.1600000000001 33146.460000000006 259.03267857142862 967.857142857143 41110.000000000007 2877.8571428571436 -1840.618214285714 26.500000000000004
decision_type=2 2 2 2 2 2 2 2 2 2 2 2 2 2 2 2 2 2 2 2 2 2 2 2 2 2 2 2 2 2 2 2 2 2 2 2 2 2 2 2 2 2 2 2 2 2 2 2 2 2 2 2 2 2 2 2 2 2 2 2 2 2
left_child=1 7 -3 -4 47 -5 -7 8 9 -1 11 -6 -13 -14 16 -16 19 25 -19 -12 26 22 -22 -24 -23 -18 -17 28 -28 30 33 32 37 -29 -21 36 -36 39 -39 -31 41 42 -41 -43 45 -45 -27 -2 -40 59 51 52 -51 55 -55 57 -57 58 -53 60 -50 -52
right_child=4 2 3 5 10 6 -8 -9 -10 -11 14 12 13 -15 15 20 17 18 -20 34 21 24 23 -25 -26 46 27 29 -30 31 -32 -33 -34 -35 35 -37 -38 38 48 40 -42 43 -44 44 -46 -47 -48 -49 49 50 61 53 -54 54 -56 56 -58 -59 -60 -61 -62 -63
leaf_value=-9.9198734558184309 -4.3752146919788961 42.666907054236695 -20.892319335683474 23.781478230246698 16.898254085912715 -7.6117650188788248 17.754674159587069 -13.084879582750213 16.702662174270912 0.071742885517985355 -14.765088795102344 -18.978052266513252 20.869574591020253 1.6387927115776801 11.59866299453207 14.73728184088405 -32.246454270010389 -14.828193706159889 9.5993144069254956 4.7547769352270546 -42.649243756507374 -5.3167596637579626 7.5491992033346769 -26.351479440921306 20.473059024882232 -2.343227620363002 -28.820576533723568 2.8533853189435039 -1.8340976147862762 10.309571027482367 -8.7984364543919238 11.337743190663888 -16.222184601306559 21.907790656316852 -20.083892612609205 3.7142183511677747 0.54209914523405656 18.588333123749081 -8.136919024573853 -31.268476524482232 13.86902096431235 8.990024897381744 -10.124067611575251 -5.0511298809005405 0.85545748778878006 -22.653403412746698 -21.098686930506332 -20.693348537612806 -23.21001986731531 32.769131957450639 -0.78318140212885512 1.628585599791756 7.3614902826529862 24.891803111578689 0.16945925571240195 0.49614687432420718 -20.487970337256588 7.0417337086286738 -13.165724532211886 7.5559543551778638 -2.6115034222218685 -12.073383945049152
leaf_weight=104 63 41 45 45 62 83 70 70 60 34760 74 64 50 480 88 44 45 60 59 215 40 43 56 48 40 51 40 60 44 61 43 77 66 64 69 83 49 58 151 59 41 46 48 62 81 64 53 75 42 55 848 219 124 57 88 90 69 248 75 103 1055 99
leaf_count=104 63 41 45 45 62 83 70 70 60 34760 74 64 50 480 88 44 45 60 59 215 40 43 56 48 40 51 40 60 44 61 43 77 66 64 69 83 49 58 151 59 41 46 48 62 81 64 53 75 42 55 848 219 124 57 88 90 69 248 75 103 1055 99
internal_value=-0.103039 0.114553 8.7773 3.05167 -1.3516 8.49742 3.99577 0.0442366 0.0705708 0.0419234 -1.07833 2.53673 1.03641 3.45482 -1.52128 -0.871887 -5.45846 -11.2487 -2.71809 -2.29072 -1.11545 -8.63289 -17.7102 -8.10236 7.11685 -18.0585 -0.71674 -0.877398 -14.6944 -0.597757 7.15814 -0.92279 -1.16444 12.6928 -0.0702012 -5.23117 -11.5222 -0.905631 -0.315049 -5.22711 -7.59155 -10.0373 -21.7923 -5.06241 -8.18661 -13.9974 -11.9069 -13.2481 -0.645266 -0.288509 1.03316 3.80225 15.1753 1.39513 9.89316 -0.363241 -8.61371 2.05766 -2.14705 -2.4604 -3.40117 -1.96405
internal_weight=41426 35278 284 243 6148 198 153 34994 34924 34864 6010 656 594 530 5354 4596 758 268 119 490 4508 227 144 104 83 149 4281 4237 84 4153 167 3986 3909 124 416 201 118 3843 3381 462 401 360 107 253 207 126 104 138 3323 3172 1972 1025 179 846 145 701 159 542 294 1200 1097 947
internal_count=41426 35278 284 243 6148 198 153 34994 34924 34864 6010 656 594 530 5354 4596 758 268 119 490 4508 227 144 104 83 149 4281 4237 84 4153 167 3986 3909 124 416 201 118 3843 3381 462 401 360 107 253 207 126 104 138 3323 3172 1972 1025 179 846 145 701 159 542 294 1200 1097 947
is_linear=0
shrinkage=0.1


Tree=79
num_leaves=63
num_cat=0
split_feature=24 34 19 23 18 13 29 32 26 11 23 28 28 21 16 16 9 15 26 26 30 30 14 26 30 32 10 10 0 17 26 25 32 7 25 18 18 30 34 14 29 20 13 20 24 7 17 9 30 30 20 26 32 13 31 23 25 25 29 29 23 23
split_gain=898709 4.09977e+06 1.84362e+06 1.38629e+06 2.1522e+06 1.94073e+06 2.2e+06 1.32233e+06 1.77723e+06 1.42308e+06 1.29408e+06 1.26075e+06 1.32174e+06 1.25192e+06 1.18601e+06 3.35206e+06 1.78922e+06 1.51109e+06 1.20019e+06 2.06571e+06 2.39496e+06 2.87008e+06 1.28627e+06 1.49446e+06 1.17849e+06 1.1313e+06 1.12681e+06 3.31545e+06 1.09036e+06 1.06766e+06 1.04775e+06 1.04352e+06 1.7569e+06 1.2262e+06 1.05304e+06 1.03685e+06 912084 888659 2.46739e+06 1.57636e+06 1.08136e+06 5.43078e+06 1.1803e+06 1.73443e+06 2.06764e+06 1.34743e+06 1.14183e+06 1.76706e+06 1.18604e+06 1.62336e+06 1.0742e+06 1.06081e+06 1.74296e+06 1.12281e+06 1.7614e+06 1.01877e+06 2.02554e+06 1.859e+06 5.4185e+06 1.67223e+06 1.43487e+06 1.00378e+06
threshold=1754.3467857142857 15.500000000000002 337.68857142857149 1758.0357142857144 1733.5714285714287 5125.0000000000009 44550.000000000007 1085.0000000000002 7570.0000000000009 341.16000000000003 2214.1071428571436 47855.000000000007 43625.000000000007 2367.5000000000005 1036.7300000000002 1170.1383333333335 685.00000000000011 2718.3333333333335 8715.0000000000018 8205.0000000000018 9775.0000000000018 27265.000000000004 1865.0000000000002 10440.000000000002 31355.000000000004 820.71428571428589 1174.1000000000001 1001.1750000000001 15.500000000000002 -1230.8483333333338 6354.6200000000008 101.06910714285719 1865.0000000000002 1842.0550000000001 -343.91214285714278 2150.7142857142862 2053.5714285714289 21725.000000000004 11.500000000000002 2035.0000000000002 35421.950000000004 -2085.6414285714277 2455.0000000000005 -1242.0521428571424 1605.8928571428576 -408.97999999999996 -2322.6166666666663 2015.0000000000002 11825.000000000002 15775.000000000002 165.76928571428581 7215.0000000000009 1155.0000000000002 335.00000000000006 3.5000000000000004 1873.3928571428576 553.34839285714281 952.44446428571439 11222.685000000001 17871.720000000005 2477.1428571428573 1534.1071428571429
decision_type=2 2 2 2 2 2 2 2 2 2 2 2 2 2 2 2 2 2 2 2 2 2 2 2 2 2 2 2 2 2 2 2 2 2 2 2 2 2 2 2 2 2 2 2 2 2 2 2 2 2 2 2 2 2 2 2 2 2 2 2 2 2
left_child=13 2 -2 7 5 6 28 8 -4 -9 29 12 -11 24 17 16 -16 26 19 20 25 35 23 -20 37 -17 27 36 30 -8 -5 33 -33 34 -24 -22 -6 40 39 51 46 -42 43 -43 -45 -44 47 48 -1 -50 -46 53 -53 -39 -55 57 -57 -48 -59 -58 -61 -56
right_child=1 -3 3 4 14 -7 10 9 -10 11 -12 -13 -14 -15 15 18 -18 -19 22 -21 21 -23 31 -25 -26 -27 -28 -29 -30 -31 -32 32 -34 -35 -36 -37 -38 38 -40 -41 41 42 45 44 50 -47 55 -49 49 -51 -52 52 -54 54 61 56 59 58 -60 60 -62 -63
leaf_value=-2.2938282719396685 -18.878240435448927 30.641186425787609 5.9531987884107167 4.4808688028794057 -4.6296909830446253 -23.495753098804691 11.598248977057102 13.445234227164164 26.612888404346606 -1.5731040584716802 19.767946676918786 -15.222865161524297 17.667252613245029 -13.666191860930525 7.1993093239694801 4.4020714476651417 35.931996255329977 -12.28844710544419 25.499109466293874 -19.670347903312795 -3.5684228706339569 13.324799835523942 -3.8930622923500149 5.898205913170198 17.054296406497077 25.315675633717401 15.7150974234712 -23.097561091230045 -24.466856193736916 -9.0604279092688245 -15.56369687915371 -20.770764249330995 6.7840967238157051 -10.440116737703461 12.922232131528654 -23.160555204708693 5.8448185795664997 -23.82808319357148 -28.216797605912195 15.011061585696929 34.069970273309899 -10.336063559330393 25.483440741145223 4.7468797195961461 0.42472861364833198 2.4075066770052569 -0.015675889628870846 15.324125785289191 -16.265126727970564 0.93117608297604915 -19.681242088035305 19.098531832337809 -4.5592003315103797 12.39526566564674 -21.028381743911627 6.8423452277818546 -3.1851620646810637 -9.1761070756777627 40.479835090002183 -21.459537313462175 0.082595287327428601 -2.5809804203309787
leaf_weight=569 45 48 551 48 124 60 41 73 45 329 42 59 40 68 41 70 46 115 53 60 44 49 52 146 40 41 44 59 49 64 57 50 43 44 131 70 252 42 40 47 54 133 41 535 49 66 35211 46 166 82 58 42 120 41 58 143 417 46 42 110 43 60
leaf_count=569 45 48 551 48 124 60 41 73 45 329 42 59 40 68 41 70 46 115 53 60 44 49 52 146 40 41 44 59 49 64 57 50 43 44 131 70 252 42 40 47 54 133 41 535 49 66 35211 46 166 82 58 42 120 41 58 143 417 46 42 110 43 60
internal_value=0.0173955 1.65944 1.20088 1.50319 -0.134569 -7.08099 -3.80557 4.33219 7.51518 0.54526 4.9441 -1.65627 0.514669 -0.114632 1.50032 3.7106 22.4033 -1.99743 1.80287 -2.87271 0.808499 -6.90588 4.81182 11.1237 -0.0905549 12.1349 0.474287 -1.06893 -12.1565 -0.991978 -6.40265 0.885506 -8.03349 4.54053 8.14433 -15.6036 2.39029 -0.108501 -4.52591 -2.21144 -0.0559225 3.30062 1.41495 0.0553985 2.20879 11.2575 -0.141126 -3.73564 -4.80965 -10.5802 -10.4779 -4.44312 1.57826 -9.29538 -5.45023 -0.0549813 -3.79726 0.0206137 14.5328 -6.46687 -15.4071 -11.6535
internal_weight=41454 3085 3037 2992 1895 361 301 1097 596 501 147 428 369 38369 1534 940 87 594 853 334 274 163 519 199 38301 111 479 435 154 105 105 320 93 227 183 114 376 38261 450 410 37811 936 882 775 642 107 36875 863 817 248 107 363 162 201 159 36012 713 35299 88 570 153 118
internal_count=41454 3085 3037 2992 1895 361 301 1097 596 501 147 428 369 38369 1534 940 87 594 853 334 274 163 519 199 38301 111 479 435 154 105 105 320 93 227 183 114 376 38261 450 410 37811 936 882 775 642 107 36875 863 817 248 107 363 162 201 159 36012 713 35299 88 570 153 118
is_linear=0
shrinkage=0.1


Tree=80
num_leaves=63
num_cat=0
split_feature=35 28 29 34 24 23 28 24 13 21 18 19 30 5 29 4 21 29 25 30 30 20 19 21 35 0 23 19 9 34 32 35 35 30 35 24 32 32 18 10 4 20 28 17 4 19 30 23 28 0 21 18 20 6 28 4 24 20 32 23 23 30
split_gain=941111 1.7981e+06 9.29103e+06 9.68453e+06 2.79251e+06 984413 1.23197e+06 1.28054e+06 1.10039e+06 877021 811206 761335 817816 780010 744830 708557 676514 1.92443e+06 2.24315e+06 2.94851e+06 2.45957e+06 3.93935e+06 1.60442e+06 1.45903e+06 1.24322e+06 1.45856e+06 1.33574e+06 1.20428e+06 1.46006e+06 1.06541e+06 1.40246e+06 1.86514e+06 2.66379e+06 2.68102e+06 3.314e+06 3.26177e+06 1.80088e+06 1.74031e+06 1.57266e+06 1.41685e+06 1.38892e+06 2.00998e+06 2.40774e+06 1.69428e+06 1.35694e+06 1.30522e+06 1.15815e+06 1.73558e+06 1.45928e+06 1.34949e+06 1.40384e+06 2.01303e+06 1.47556e+06 2.76667e+06 1.72782e+06 1.67198e+06 2.24273e+06 1.34264e+06 2.21456e+06 1.9017e+06 2.21578e+06 2.87012e+06
threshold=1775.6950000000002 41980.000000000007 40732.455000000009 4.5000000000000009 2156.2500000000005 653.03571428571433 14215.000000000002 1578.160535714286 405.00000000000006 910.74571428571437 525.00000000000011 1.0000000180025095e-35 44715.000000000007 -579.15999999999997 11919.845000000003 10.500000000000002 786.60678571428582 19451.420000000002 -636.48410714285694 4795.0000000000009 1975.0000000000002 -523.90357142857135 237.85714285714289 636.53892857142876 96433.185000000012 4.5000000000000009 2037.5000000000002 983.46857142857152 -10307.859999999999 25.500000000000004 465.00000000000006 76700.345000000016 28939.045000000002 3575.0000000000005 31756.850000000002 1709.7994642857145 329.28571428571433 433.57142857142861 1463.5714285714287 3305.0000000000005 10.500000000000002 -1155.2114285714285 37455.000000000007 -1036.6316666666664 16.500000000000004 1500.0628571428574 12685.000000000002 2398.5714285714289 20915.000000000004 12.500000000000002 1760.3571428571431 2185.0000000000005 -1395.7314285714285 -239.99499999999998 37755.000000000007 13.500000000000002 1355.1903571428572 -984.2299999999999 599.28571428571433 1101.2500000000002 1497.6785714285718 14335.000000000002
decision_type=2 2 2 2 2 2 2 2 2 2 2 2 2 2 2 2 2 2 2 2 2 2 2 2 2 2 2 2 2 2 2 2 2 2 2 2 2 2 2 2 2 2 2 2 2 2 2 2 2 2 2 2 2 2 2 2 2 2 2 2 2 2
left_child=1 2 5 -4 -3 9 7 10 -8 -1 -7 14 16 -14 -2 -11 17 24 23 20 -20 -22 -18 -19 26 -26 -13 28 -24 30 31 32 37 35 -35 44 -33 38 39 40 41 43 -43 -29 -34 -40 47 49 -48 -32 51 52 53 55 -54 56 -51 58 -50 -60 -61 -62
right_child=11 4 3 -5 -6 6 8 -9 -10 15 -12 12 13 -15 -16 -17 22 18 19 -21 21 -23 27 -25 25 -27 -28 29 -30 -31 46 36 33 34 -36 -37 -38 -39 45 -41 -42 42 -44 -45 -46 -47 48 -49 57 50 -52 -53 54 -55 -56 -57 -58 -59 59 60 61 -63
leaf_value=0.70945414108056537 -2.4241455122136424 -30.15597355557896 0.55919926937450926 69.700002493027796 4.7068529827661747 23.333001364243287 -12.137070466297946 -6.0314113771079487 3.2359093613853549 -15.217827121249224 8.7926796219344787 -0.0030960712229652163 19.576452933217375 0.51400766192742109 -18.570389384758183 -1.2534920242554657 -20.044751704121889 8.7791589446538261 1.2283124990555709 3.2569801882981135 39.574505154135039 4.6205635677162391 -19.044170793792777 -13.397563247645031 22.661759789143474 1.6725045818473401 -16.530712307921245 9.1714957059706261 -1.3745707553582189 -9.3731543808733715 0.21073037398960343 -26.964871052554816 -14.301521684644701 42.033253752972655 10.846948148597781 27.850772108924264 0.93568810063761321 8.3211507462044594 -3.3048648736479573 -11.939432348819411 -0.31944927314397381 5.5181077572617703 -17.273708628349777 33.652551563183955 3.0441722449248934 -20.10608179716359 8.4540139899028777 -14.803997844745778 -20.828013381513333 0.083161472948832194 -14.761157875942457 19.708713199160133 -3.1554913402234366 26.715793236629107 -14.918698352079524 -7.9049460022349969 19.922377572139052 2.2070562717023359 10.058152850961028 -9.8518669273674817 20.999945884573183 -1.5541992568402476
leaf_weight=1813 85 44 40 41 48 45 63 52 178 64 260 15898 41 45 43 84 42 41 67 814 76 56 47 107 52 91 49 91 7722 118 3914 43 50 42 180 51 50 267 491 76 921 367 53 41 456 51 251 92 60 326 93 41 1824 41 134 188 69 1837 134 297 62 622
leaf_count=1813 85 44 40 41 48 45 63 52 178 64 260 15898 41 45 43 84 42 41 67 814 76 56 47 107 52 91 49 91 7722 118 3914 43 50 42 180 51 50 267 491 76 921 367 53 41 456 51 251 92 60 326 93 41 1824 41 134 188 69 1837 134 297 62 622
internal_value=-0.0285461 1.76507 2.24407 35.5779 -11.9739 1.18828 4.73985 8.46871 -0.784417 0.105152 10.9415 -0.155466 -0.12985 9.60807 -7.85345 -7.29526 -0.151674 0.313041 4.24488 5.92502 16.8349 24.753 -0.530827 -7.25309 0.0293205 9.31025 -0.0539321 -0.49194 -1.48159 0.0847211 0.169208 1.98046 2.39429 7.46395 16.7552 3.7596 -11.9721 0.719329 -0.251521 1.37073 2.05786 6.02402 2.64027 16.7854 1.32892 -4.88751 -0.416713 -1.16707 1.12906 -0.977727 -2.69037 -2.26212 -2.61138 1.62314 -3.9609 -0.143659 3.55084 0.518518 -2.12133 -1.1138 -2.64027 0.491561
internal_weight=41341 2732 2640 81 92 2559 598 357 241 1961 305 38609 38481 86 128 148 38395 17251 1161 1013 199 132 21144 148 16090 143 15947 21102 7769 13333 13215 3230 3137 779 222 557 93 2358 2091 1549 1473 552 420 132 506 542 9985 6722 3263 6630 2716 2623 2582 624 1958 583 395 3012 1175 1115 981 684
internal_count=41341 2732 2640 81 92 2559 598 357 241 1961 305 38609 38481 86 128 148 38395 17251 1161 1013 199 132 21144 148 16090 143 15947 21102 7769 13333 13215 3230 3137 779 222 557 93 2358 2091 1549 1473 552 420 132 506 542 9985 6722 3263 6630 2716 2623 2582 624 1958 583 395 3012 1175 1115 981 684
is_linear=0
shrinkage=0.1


Tree=81
num_leaves=63
num_cat=0
split_feature=28 30 28 25 29 18 20 22 22 29 0 20 33 35 18 23 24 33 23 22 33 12 18 24 33 29 21 23 21 29 23 4 11 18 30 18 21 24 22 24 23 24 20 6 35 8 31 30 35 23 20 29 29 28 25 30 24 35 24 18 20 24
split_gain=657032 2.08437e+06 1.44467e+06 3.5127e+06 1.4128e+06 1.46803e+06 1.41255e+06 1.50189e+06 1.41714e+06 2.21059e+06 1.87273e+06 3.4544e+06 2.17575e+06 1.2737e+06 2.46143e+06 3.78518e+06 1.99071e+06 2.94685e+06 2.91835e+06 2.13802e+06 2.52878e+06 1.89211e+06 2.22885e+06 1.86294e+06 1.68397e+06 1.93931e+06 1.49028e+06 1.36136e+06 1.71957e+06 1.76587e+06 1.10036e+06 1.91902e+06 3.48022e+06 2.12767e+06 1.42088e+06 944772 876865 1.54693e+06 1.40353e+06 5.3437e+06 1.188e+06 2.20753e+06 1.16415e+06 1.36402e+06 1.09605e+06 2.18088e+06 1.32728e+06 1.91014e+06 2.1811e+06 4.75541e+06 1.93626e+06 1.63063e+06 3.30174e+06 1.74629e+06 1.40257e+06 1.83535e+06 1.51315e+06 1.53501e+06 1.46222e+06 2.48087e+06 1.40015e+06 1.30373e+06
threshold=17085.000000000004 7813.0900000000011 18035.000000000004 -293.03785714285709 18218.835000000003 1783.5714285714287 -1329.890714285714 -1058.5242857142855 -746.92821428571426 18370.845000000005 15.500000000000002 -745.65857142857124 84.043035714285722 22401.800000000003 5257.1428571428578 1434.1071428571429 2115.178571428572 1489.8214285714287 2037.5000000000002 -623.6039285714287 240.8928571428572 835.00000000000011 1783.5714285714287 2347.3214285714289 1125.1785714285718 6719.4950000000008 1593.2135714285716 1770.8928571428576 1066.7857142857144 8462.9550000000017 731.607142857143 14.500000000000002 460.38500000000005 503.57142857142861 8005.0000000000009 1043.5714285714287 958.03107142857152 822.2025000000001 -925.02607142857107 1165.5357142857144 1912.3214285714287 770.24928571428575 5615.8507142857152 -538.59999999999991 1.0000000180025095e-35 -488.32499999999993 2.5000000000000004 10465.000000000002 40681.380000000012 1717.3214285714287 -1329.890714285714 30705.000000000004 28085.000000000004 51315.000000000007 -293.03785714285709 2975.0000000000005 1944.9091071428572 42667.910000000011 952.15857142857146 556.42857142857144 3913.8807142857145 1853.0357142857144
decision_type=2 2 2 2 2 2 2 2 2 2 2 2 2 2 2 2 2 2 2 2 2 2 2 2 2 2 2 2 2 2 2 2 2 2 2 2 2 2 2 2 2 2 2 2 2 2 2 2 2 2 2 2 2 2 2 2 2 2 2 2 2 2
left_child=1 6 3 -2 5 -5 -1 -8 10 13 11 -9 -12 23 16 -16 18 -18 19 -15 -21 22 -20 24 -10 -26 27 28 -22 -30 34 32 -32 -33 -3 -6 38 -38 39 -4 -40 -42 44 -44 45 -39 47 51 50 -50 -49 52 53 54 -46 60 57 58 59 -57 -56 -51
right_child=2 30 36 4 35 -7 7 8 9 -11 12 -13 -14 14 15 -17 17 -19 21 20 26 -23 -24 -25 25 -27 -28 -29 29 -31 31 33 -34 -35 -36 -37 37 42 40 -41 41 -43 43 -45 46 -47 -48 48 49 61 -52 -53 -54 -55 55 56 -58 -59 -60 -61 -62 -63
leaf_value=-11.220950751674117 -24.891380559090749 17.645059080932477 0.78756226398542295 -6.6361782548721848 0.29505972991609281 9.9339351561940976 16.686184541319417 -38.385296937389988 -0.095645754928555649 18.360454984799329 -10.298914032843111 -1.743155463073375 19.377198402135296 25.589512698050065 -29.291185757154757 1.0560962515516128 34.597799001104342 -1.1621617969236249 -4.9841898141905325 -3.0950210169571331 11.5680210120114 3.1534904975074212 -35.227389419433202 -19.345736494216769 28.601596882502964 -1.0788521819704644 -4.8099576174041516 25.746235707121077 -4.5180297492400356 15.600520178708459 3.5969757644710763 -12.574977296150774 37.256467388127916 6.1232672923179745 -1.4222265550851569 16.469273853537498 -8.2631488138929523 1.2997285259573141 0.46096967763972885 40.942963685420203 7.8890068037386163 -18.091580396900461 20.12762297803631 -2.1702922770658675 5.9958107291450462 -26.704841966212236 0.50114106870295794 2.5155462007180063 -43.320923603493952 -12.912589580677803 -6.1061065298931787 -19.997477099898251 26.488889529517174 -20.767476244006012 -6.0677418247503523 0.54183176948294198 18.490417615494955 7.5970751721533363 -1.773784236701262 21.354213135497972 1.9639931884814008 7.6282617672343562
leaf_weight=109 77 43 172 488 105 60 55 45 17167 67 62 60 41 49 57 147 51 42 58 329 417 77 42 50 44 44 89 45 167 59 73 67 53 659 424 55 273 66 8412 41 51 91 58 52 305 48 5198 380 45 90 828 43 45 43 942 232 46 250 1807 76 282 47
leaf_count=109 77 43 172 488 105 60 55 45 17167 67 62 60 41 49 57 147 51 42 58 329 417 77 42 50 44 44 89 45 167 59 73 67 53 659 424 55 273 66 8412 41 51 91 58 52 305 48 5198 380 45 90 828 43 45 43 942 232 46 250 1807 76 282 47
internal_value=-0.00843477 0.390095 -0.406657 -4.61435 -2.40747 -4.82118 0.128205 0.19245 0.145181 0.235058 -8.06322 -17.4578 1.51753 0.170871 2.84406 -7.42837 4.31485 18.4561 3.32685 5.15926 4.25301 -8.62845 -17.6976 -0.0807763 -0.0248958 13.7691 7.36434 8.93945 7.76132 0.736425 4.23648 6.37475 17.7645 4.39692 0.335124 5.85839 -0.240855 -0.828966 0.507516 8.52482 0.30783 -8.761 -0.642442 9.59055 -0.746972 -10.4982 -0.642632 -1.73132 -4.93191 -15.1358 -3.394 -0.63846 -0.43155 -0.736027 -0.517148 -1.0637 0.537337 0.187758 -0.688204 5.68 -4.21728 -5.86548
internal_weight=41400 20692 20708 785 708 548 19373 19264 19209 19001 208 105 103 18934 1629 204 1425 93 1332 1155 1106 177 100 17305 17255 88 777 688 643 226 1319 852 126 726 467 160 19923 11156 8767 213 8554 142 10883 110 10773 114 10659 5461 1390 182 1208 4071 4028 3983 3940 3635 2411 2365 2115 308 1224 137
internal_count=41400 20692 20708 785 708 548 19373 19264 19209 19001 208 105 103 18934 1629 204 1425 93 1332 1155 1106 177 100 17305 17255 88 777 688 643 226 1319 852 126 726 467 160 19923 11156 8767 213 8554 142 10883 110 10773 114 10659 5461 1390 182 1208 4071 4028 3983 3940 3635 2411 2365 2115 308 1224 137
is_linear=0
shrinkage=0.1


Tree=82
num_leaves=63
num_cat=0
split_feature=25 13 1 9 21 35 28 23 33 26 28 34 8 22 16 0 10 17 19 0 30 24 13 30 28 9 22 24 22 28 16 25 32 32 32 32 28 28 20 28 26 0 21 30 17 32 9 18 9 33 33 33 23 26 35 22 22 25 16 22 21 19
split_gain=1.72316e+06 5.58432e+06 2.10362e+06 957352 1.41993e+06 3.18298e+06 1.47393e+06 1.3751e+06 1.54347e+06 1.14846e+06 956028 1.78494e+06 1.06056e+06 755218 741686 1.37855e+06 1.30297e+06 1.78045e+06 971795 1.26283e+06 855691 731692 699398 943994 707634 694566 649984 1.1515e+06 684985 2.03773e+06 2.68969e+06 1.43331e+06 1.50994e+06 3.4637e+06 1.84733e+06 3.43378e+06 2.09802e+06 1.71809e+06 1.71463e+06 1.49751e+06 2.36748e+06 1.35712e+06 1.19572e+06 2.15856e+06 1.36129e+06 1.18569e+06 1.40673e+06 1.22942e+06 1.17394e+06 1.04701e+06 2.00205e+06 1.43815e+06 1.13975e+06 1.04666e+06 1.03128e+06 1.56705e+06 999567 1.24608e+06 1.74666e+06 988903 955880 932815
threshold=-1475.7339285714286 294.80500000000006 2.5000000000000004 -1349.2549999999997 1926.7857142857144 3658.2350000000006 56880.000000000007 364.82142857142861 279.82142857142861 1685.0000000000002 69245.000000000015 2.5000000000000004 -558.29499999999996 -361.75428571428569 1180.5633333333337 13.500000000000002 705.00000000000011 -1572.9449999999999 2226.3407142857145 16.500000000000004 28261.195000000003 221.96428571428575 381.46000000000009 16540.000000000004 49540.000000000007 -2229.7049999999995 3512.4357142857148 1014.6891071428573 158.12428571428575 60820.000000000007 1215.0000000000002 -113.83428571428568 1207.8571428571431 1166.4285714285718 1117.5842857142859 1045.0000000000002 60820.000000000007 54560.000000000007 418.29785714285714 48925.000000000007 1910.8850000000002 4.5000000000000009 915.90785714285721 3035.0000000000005 -1798.8566666666663 1250.714285714286 583.52500000000009 1873.5714285714287 1.0000000180025095e-35 626.96428571428589 941.96428571428589 562.06303571428577 1526.2500000000002 1035.0000000000002 47885.770000000011 534.48392857142869 2226.7857142857151 433.92982142857153 961.66666666666686 517.92571428571421 1359.3864285714287 1638.839285714286
decision_type=2 2 2 2 2 2 2 2 2 2 2 2 2 2 2 2 2 2 2 2 2 2 2 2 2 2 2 2 2 2 2 2 2 2 2 2 2 2 2 2 2 2 2 2 2 2 2 2 2 2 2 2 2 2 2 2 2 2 2 2 2 2
left_child=1 -1 -3 4 6 -6 7 8 13 -7 21 -12 -13 25 18 16 -16 -18 19 -11 -17 -5 23 -9 -24 -2 28 -28 29 -23 -31 45 33 34 35 36 39 60 -37 41 -41 56 44 49 -43 46 -30 59 -42 51 -51 52 53 -44 55 -47 57 -33 -59 -48 -34 -45
right_child=3 2 -4 10 5 9 -8 22 -10 14 11 12 -14 -15 15 20 17 -19 -20 -21 -22 26 24 -25 -26 -27 27 -29 31 30 -32 32 37 -35 -36 38 -38 -39 -40 40 48 42 43 61 -46 54 47 -49 -50 50 -52 -53 -54 -55 -56 -57 -58 58 -60 -61 -62 -63
leaf_value=42.24312665041414 10.726531633621448 17.24736277386274 -11.114951379525836 -1.6750028530220433 26.917273766392135 -14.271714704176961 -19.754107814295935 -2.8913260530275249 -20.889180413567349 3.1777624081198912 23.160526071707871 11.155272779559985 -10.096558715128147 -13.719119350759357 -8.8218954092136581 -15.728663354625098 23.294945985491502 -1.183790832753147 -1.9463859277276658 23.26176892563149 2.2759802354819594 0.060879331867345746 -0.69855167874218327 -17.850418608683871 11.30253101219307 -6.8380505634355488 -20.600553165719226 1.2854351183343409 3.3462028202548995 -29.824123079118365 -0.40211338167743316 2.8124032225879483 15.889682812283068 -26.760546618795043 18.222040416576245 -5.6562786390352215 20.375003822247564 20.167435850896972 -28.248513290702444 -23.172512730213761 7.394311913309652 -15.009062434478711 -18.128115973145746 -0.25241738040647466 1.0847200494585045 -9.8846896678923262 4.1352513954664909 27.839011763097648 -9.3204401389631641 8.2736111017587071 -14.802997010053048 -22.294608816645386 3.8714772830439301 -5.7905011027673092 -17.468249619979954 10.82847752456874 -11.380159655326613 22.335936898244505 -3.2085660237487725 19.057027809439372 1.1481572324738936 7.6031112810730308
leaf_weight=41 46 41 72 1974 52 45 46 998 77 68 52 45 49 45 49 74 57 62 75 58 41 21461 2680 44 50 44 41 58 954 53 75 1584 52 47 58 78 53 75 59 68 83 53 78 1686 5662 73 145 40 85 129 53 56 107 579 41 73 46 77 41 64 284 166
leaf_count=41 46 41 72 1974 52 45 46 998 77 68 52 45 49 45 49 74 57 62 75 58 41 21461 2680 44 50 44 41 58 954 53 75 1584 52 47 58 78 53 75 59 68 83 53 78 1686 5662 73 145 40 85 129 53 56 107 579 41 73 46 77 41 64 284 166
internal_value=0.0975408 10.654 -0.821079 0.0579422 -1.29967 3.32182 -1.96597 -1.76034 -9.59595 1.00009 0.229651 8.3041 0.0776591 -3.14925 2.42132 -0.877831 4.89615 10.5461 7.06549 12.4284 -9.31137 0.197174 -1.31983 -3.52383 -0.478547 2.14032 0.304806 -7.78423 0.328207 -0.0141652 -12.5916 0.912557 0.538525 0.313098 0.431031 0.334895 0.538122 6.4877 -15.3926 0.4384 -7.43696 0.618583 0.100566 -1.57101 0.935338 3.94209 5.09358 11.7863 -1.06278 -5.30977 1.55125 -6.83259 -5.69786 -7.25652 -3.465 0.472021 3.15792 3.55116 13.4627 8.70809 3.43162 0.451879
internal_weight=41222 154 113 41068 4611 581 4030 3984 212 529 36457 146 94 135 484 283 168 119 201 126 115 36311 3772 1042 2730 90 34337 99 34238 21589 128 12649 11259 10848 10801 10743 10606 411 137 10553 236 10317 8569 2854 5715 1390 1203 249 168 1002 182 820 764 657 187 146 1748 1702 118 209 336 1852
internal_count=41222 154 113 41068 4611 581 4030 3984 212 529 36457 146 94 135 484 283 168 119 201 126 115 36311 3772 1042 2730 90 34337 99 34238 21589 128 12649 11259 10848 10801 10743 10606 411 137 10553 236 10317 8569 2854 5715 1390 1203 249 168 1002 182 820 764 657 187 146 1748 1702 118 209 336 1852
is_linear=0
shrinkage=0.1


Tree=83
num_leaves=63
num_cat=0
split_feature=35 28 28 33 22 26 35 30 29 11 17 19 26 7 35 30 26 28 29 22 33 30 22 24 10 30 25 25 23 5 35 22 12 19 35 35 4 0 5 27 26 33 33 26 26 25 33 26 33 22 24 26 25 35 34 33 24 26 20 26 34 35
split_gain=821882 4.87778e+06 7.14293e+06 5.20438e+06 719465 2.74588e+06 8.64158e+06 2.01381e+06 2.39398e+06 2.14315e+06 1.85957e+06 3.08731e+06 1.59962e+06 1.25156e+06 1.24625e+06 1.64543e+06 787440 2.33027e+06 785977 791778 744428 1.2151e+06 627538 1.75195e+06 2.09961e+06 1.44642e+06 1.31946e+06 1.31696e+06 1.80382e+06 1.95519e+06 921976 917516 2.4994e+06 1.56621e+06 2.78376e+06 1.90898e+06 2.18869e+06 724409 721228 710636 760144 1.33814e+06 1.07895e+06 3.28778e+06 1.53204e+06 764674 711230 689340 1.55318e+06 1.55488e+06 2.20032e+06 1.40683e+06 2.27725e+06 1.82801e+06 7.29291e+06 2.57225e+06 2.50377e+06 2.3416e+06 2.56793e+06 2.0494e+06 1.85495e+06 1.63512e+06
threshold=1.0000000180025095e-35 40525.000000000007 34945.000000000007 674.32964285714297 -1696.8382142857138 6185.0000000000009 10158.590000000002 19265.000000000004 37425.000000000007 880.8900000000001 -593.33333333333314 1113.312142857143 11175.000000000002 -758.68999999999994 40681.380000000012 41665.000000000007 285.00000000000006 10255.000000000002 10330.785000000002 448.85178571428577 210.8928571428572 25350.000000000004 -1432.0046428571427 1306.1733928571432 1945.0000000000002 13125.000000000002 -144.46982142857152 -266.74232142857142 1308.3928571428576 -749.89999999999986 16670.565000000002 -1270.0753571428568 260.96000000000009 1121.7292857142859 14761.020000000002 15552.450000000003 6.5000000000000009 23.500000000000004 -829.7149999999998 1.0000000180025095e-35 11865.000000000002 488.75000000000006 703.39285714285722 5595.0000000000009 2455.0000000000005 -293.03785714285709 823.03571428571433 2565.0000000000005 227.80357142857147 -1118.9457142857138 1043.3928571428576 2645.0000000000005 247.90642857142859 21529.980000000003 13.500000000000002 930.17857142857156 1404.3982142857146 6185.0000000000009 -904.25571428571413 3585.0000000000005 12.500000000000002 86917.895000000004
decision_type=2 2 2 2 2 2 2 2 2 2 2 2 2 2 2 2 2 2 2 2 2 2 2 2 2 2 2 2 2 2 2 2 2 2 2 2 2 2 2 2 2 2 2 2 2 2 2 2 2 2 2 2 2 2 2 2 2 2 2 2 2 2
left_child=1 2 3 -1 5 6 -2 8 9 -7 11 -8 13 -9 15 -14 17 18 19 -6 -19 -22 23 27 25 26 -25 -18 -29 -30 -27 32 -24 34 -34 37 -37 -35 -38 47 41 45 43 44 -43 -41 -44 -33 49 -49 -51 52 -50 60 55 56 59 58 -57 -55 -53 -59
right_child=4 -3 -4 -5 16 7 10 12 -10 -11 -12 -13 14 -15 -16 -17 22 20 -20 -21 21 -23 31 24 -26 30 -28 28 29 -31 -32 39 33 35 -36 36 38 -39 -40 40 -42 42 46 -45 -46 -47 -48 48 51 50 -52 53 -54 54 -56 57 -58 61 -60 -61 -62 -63
leaf_value=1.1691982274700634 54.432409982288384 33.837576422268469 -36.788418446793493 36.019942389436544 -2.4314635230505979 7.7572891505145423 -23.784581830879077 23.547309867321225 -31.421566099888384 -20.124274869235062 20.417274415728386 9.0609576432203944 -10.622499744899887 2.5003656621359611 -17.977807546703708 15.570758275004415 -26.278966049034842 -21.965667284654199 12.361005358095202 5.4787137008446045 -2.8670302949594011 -23.159933434508464 25.041597961028192 3.3969696058179837 -13.5116976746937 7.6637251588133557 25.606026933018974 8.071705708841538 1.6043862669611357 -26.241035494856874 -11.345506349649714 0.19434409220726956 13.011084977738498 7.3240817833158474 -18.836517750138654 31.237895674102493 13.911136860895997 -8.2084874674719224 -2.0772533678382663 -12.045370852028249 -7.0672866436820705 17.784034650721846 -5.463453117599097 28.514976732032871 -4.5173089804795401 1.1087074045099856 6.035664149055382 16.034924888320443 -2.8502394457028881 -2.7059088206445434 -15.447638691112383 -0.8390552306056942 -26.284947791452254 4.9304499848141177 32.496275699368958 -0.036349548442126921 6.535075388913242 -2.4849329775673126 -23.23817426241683 -1.6176008683538019 -17.297811025057388 16.742689776147692
leaf_weight=480 40 49 46 47 871 71 47 56 40 45 43 73 46 57 40 50 43 58 44 148 105 41 52 53 70 50 54 55 44 59 52 21540 42 45 79 47 54 90 59 46 89 46 78 78 93 1096 173 41 204 1882 146 8239 52 698 75 82 972 556 114 1516 69 48
leaf_count=480 40 49 46 47 871 71 47 56 40 45 43 73 46 57 40 50 43 58 44 148 105 41 52 53 70 50 54 55 44 59 52 21540 42 45 79 47 54 90 59 46 89 46 78 78 93 1096 173 41 204 1882 146 8239 52 698 75 82 972 556 114 1516 69 48
internal_value=-0.0359842 3.57149 0.980552 4.28046 -0.0910443 3.32302 12.8137 -1.43503 -10.3421 -3.0628 2.58695 -3.80805 4.1462 12.9366 -3.15958 3.02077 -0.142751 -2.59604 -0.717079 -1.28237 -12.3843 -8.57173 -0.0628032 -3.65599 1.47198 6.49249 14.6121 -10.7725 -6.54541 -14.3508 -2.02802 -0.0178848 4.38257 1.79748 -7.78113 5.72701 13.1145 -3.03013 5.56595 -0.0721815 1.92662 2.42401 6.92717 12.0904 2.8667 0.57835 2.46184 -0.165907 -0.694001 -3.23363 -3.62357 -0.277791 -7.61464 -0.12591 1.61289 1.03139 2.30434 -4.03795 -13.5338 0.446843 -0.975853 -0.955642
internal_weight=41378 622 573 527 40756 608 203 405 156 116 163 120 249 113 136 96 40148 1267 1063 1019 204 146 38881 480 279 209 107 201 158 103 102 38401 468 416 121 295 160 135 113 37933 1699 1610 468 217 139 1142 251 36234 14694 2069 2028 12625 256 12369 4061 3986 3186 800 196 2214 8308 604
internal_count=41378 622 573 527 40756 608 203 405 156 116 163 120 249 113 136 96 40148 1267 1063 1019 204 146 38881 480 279 209 107 201 158 103 102 38401 468 416 121 295 160 135 113 37933 1699 1610 468 217 139 1142 251 36234 14694 2069 2028 12625 256 12369 4061 3986 3186 800 196 2214 8308 604
is_linear=0
shrinkage=0.1


Tree=84
num_leaves=63
num_cat=0
split_feature=28 4 32 0 0 23 34 33 19 9 23 8 23 15 4 20 30 30 17 29 6 7 31 25 33 19 34 19 19 19 17 20 30 25 25 29 0 33 8 24 8 0 4 28 4 22 24 20 20 32 33 30 28 32 32 25 15 31 29 0 0 6
split_gain=689032 1.41506e+06 1.77548e+06 1.38211e+06 6.21227e+06 1.15877e+07 5.81574e+06 2.1279e+06 1.91038e+06 1.24293e+06 1.20599e+06 969921 960418 1.0354e+06 1.90274e+06 1.24712e+06 2.13765e+06 1.74772e+06 1.34192e+06 961491 933032 827647 810385 1.23848e+06 1.08783e+06 2.18878e+06 1.84682e+06 3.37639e+06 1.35686e+06 1.92164e+06 1.52666e+06 1.20002e+06 1.64546e+06 1.12027e+06 1.17786e+06 1.18101e+06 2.65694e+06 1.07042e+06 1.01342e+06 968304 921978 912729 1.49927e+06 2.60504e+06 1.32817e+06 2.01867e+06 1.23535e+06 1.21029e+06 3.0605e+06 5.08954e+06 2.19196e+06 6.89447e+06 6.34403e+06 2.41766e+06 1.42296e+06 2.07146e+06 2.11982e+06 1.71575e+06 1.5495e+06 1.33473e+06 1.27829e+06 1.91463e+06
threshold=4615.0000000000009 29.500000000000004 133.57142857142858 15.500000000000002 14.500000000000002 894.46428571428589 9.5000000000000018 11.607142857142859 786.42857142857144 -849.52999999999986 1.0000000180025095e-35 -549.06999999999982 716.607142857143 9193.3333333333339 26.500000000000004 97.142857142857181 1745.0000000000002 575.00000000000011 -709.92166666666651 932.60500000000013 -727.30999999999983 -596.87499999999989 1.5000000000000002 -993.66624999999988 1074.464285714286 1.0000000180025095e-35 12.500000000000002 483.07785714285723 1805.7750000000003 1595.0000000000002 -683.33333333333269 -102.27357142857136 25350.000000000004 116.63589285714299 -11.882857142857215 66690.690000000017 22.500000000000004 1328.5714285714287 1375.0000000000002 2069.4642857142862 721.81500000000017 15.500000000000002 13.500000000000002 35975.000000000007 13.500000000000002 367.17750000000007 1447.6785714285718 -1628.5621428571428 -1684.5757142857144 820.71428571428589 506.60714285714295 14335.000000000002 41575.000000000007 967.857142857143 202.14285714285717 42.87482142857133 1818.3333333333337 2.5000000000000004 34805.000000000007 19.500000000000004 24.500000000000004 -788.94999999999993
decision_type=2 2 2 2 2 2 2 2 2 2 2 2 2 2 2 2 2 2 2 2 2 2 2 2 2 2 2 2 2 2 2 2 2 2 2 2 2 2 2 2 2 2 2 2 2 2 2 2 2 2 2 2 2 2 2 2 2 2 2 2 2 2
left_child=3 22 -3 4 10 -6 -5 8 -8 -4 -1 -9 -12 15 -15 -14 17 19 -18 -17 -10 -11 23 -2 25 -24 27 -26 29 30 -29 33 -33 34 35 36 38 -38 -30 -35 -36 44 47 -44 45 -27 -45 48 50 -50 53 52 -52 -43 60 56 -56 -57 -58 -59 61 -49
right_child=1 2 9 6 5 -7 7 11 20 21 12 -13 13 14 -16 16 18 -19 -20 -21 -22 -23 24 -25 26 41 -28 28 31 -31 -32 32 -34 39 40 -37 37 -39 -40 -41 -42 42 43 46 -46 -47 -48 54 49 -51 51 -53 -54 -55 55 57 58 59 -60 -61 -62 -63
leaf_value=14.124320037608536 10.745680928369714 -22.982712960233133 -18.152826409566419 41.666193611940351 -0.45985004477041169 -60.310448306060863 2.3311833983553081 23.355641944129189 -24.482207534548433 9.0248464393458558 -0.49368929403401385 6.9833237801690506 0.97818300029531613 10.803407798426578 -15.896266425856574 13.866117611613303 -18.985107871226145 27.987666718591004 2.3937397945438952 4.5629179482744036 -3.0173312797975012 -6.7313972617617353 22.522680736037927 -0.76305797789510332 -31.388034186787209 2.9593253921701708 15.536690008975942 -19.386262452476426 -1.8479130619352995 -22.015493762501407 -0.54162681278152713 -2.9889275744497348 19.609891181308598 -1.4258842790311075 21.262444046703166 8.6188920560315676 -28.125707447856939 -8.8504852812261259 12.427185990828876 -22.534423055871088 0.1876894610517644 -19.887029231528601 -1.8831312249173262 -9.9922670212773834 1.5084207215323167 29.855281453807351 -31.935150543829778 9.7730067025890008 48.120582254816981 -2.3065032177947735 3.7233961018172659 -2.3626291556511236 54.345570719229954 3.9212328080532615 0.037052006960104134 -6.5462887353874244 4.1507269903482102 8.3908779048955253 21.265658125192743 -1.9762311011867952 -0.28910617422109669 1.8094405808734291
leaf_weight=67 94 59 41 40 99 48 696 61 41 72 3307 89 1689 40 80 144 50 41 71 486 40 62 45 16138 41 83 55 52 347 72 247 62 67 42 42 92 49 70 58 45 41 81 719 66 3354 42 42 346 40 40 50 251 49 90 3091 902 160 134 79 1688 2563 2367
leaf_count=67 94 59 41 40 99 48 696 61 41 72 3307 89 1689 40 80 144 50 41 71 486 40 62 45 16138 41 83 55 52 347 72 247 62 67 42 42 92 49 70 58 45 41 81 719 66 3354 42 42 346 40 40 50 251 49 90 3091 902 160 134 79 1688 2563 2367
internal_value=-0.0534781 -0.239814 -7.98868 0.84363 0.288675 -20.0168 4.3568 2.74474 0.639304 -2.9284 0.788405 13.647 0.637049 2.07469 -6.99554 2.51353 5.78751 7.99363 -6.44465 6.6903 -13.8907 1.73482 -0.186308 -0.696377 0.282411 0.511045 -2.41115 -3.1556 -2.25431 -7.35505 -3.82166 -0.185845 8.75145 -1.65312 -0.320854 -1.82793 -3.66276 -16.7959 0.197691 -12.3508 10.8585 0.449972 0.0584489 -4.05893 1.88572 12.0047 -18.5365 0.343862 4.71672 22.9213 1.91945 6.45299 28.7937 -7.35885 0.111884 -0.934307 0.738702 -2.97948 9.81125 -1.21356 1.31234 2.82523
internal_weight=41219 34130 234 7089 6122 147 967 927 777 175 5975 150 5908 2601 120 2481 792 671 121 630 81 134 33896 16232 17664 16282 1382 1327 1286 371 299 915 129 786 699 616 524 119 405 87 83 16237 12758 827 3479 125 108 11931 601 80 521 350 99 171 11330 6054 3330 2724 239 1822 5276 2713
internal_count=41219 34130 234 7089 6122 147 967 927 777 175 5975 150 5908 2601 120 2481 792 671 121 630 81 134 33896 16232 17664 16282 1382 1327 1286 371 299 915 129 786 699 616 524 119 405 87 83 16237 12758 827 3479 125 108 11931 601 80 521 350 99 171 11330 6054 3330 2724 239 1822 5276 2713
is_linear=0
shrinkage=0.1


Tree=85
num_leaves=63
num_cat=0
split_feature=30 24 8 21 7 8 25 17 7 15 33 33 5 35 35 17 12 16 4 9 35 26 17 18 0 18 18 33 33 32 21 21 24 8 28 29 28 4 33 33 26 25 15 29 21 4 21 0 32 32 33 15 21 26 18 29 21 26 25 28 28 28
split_gain=1.11394e+06 4.99873e+06 1.68855e+06 1.48271e+06 1.26062e+06 734988 605958 1.27348e+06 1.26535e+06 1.39307e+06 979166 1.74534e+06 1.49129e+06 1.10984e+06 1.02351e+06 951840 1.32707e+06 826895 779849 856829 722390 776839 694498 997158 676228 674251 1.01577e+06 805950 1.46201e+06 1.24873e+06 954973 722199 1.02826e+06 676826 635563 1.25986e+06 1.56372e+06 2.40658e+06 1.47451e+06 5.80606e+06 2.32648e+06 2.14921e+06 1.39204e+06 1.24374e+06 1.27924e+06 1.38572e+06 1.43876e+06 1.18767e+06 1.73675e+06 1.95169e+06 4.73665e+06 3.06476e+06 1.7566e+06 2.14487e+06 1.83356e+06 1.6434e+06 1.66275e+06 1.56289e+06 1.44519e+06 1.40756e+06 3.3967e+06 3.14165e+06
threshold=38544.735000000008 2069.4642857142862 -2121.3499999999995 2156.7857142857151 -284.99999999999994 -509.15999999999991 624.94035714285724 14258.333333333334 -329.17499999999995 1748.3333333333337 158.36446428571432 64.107142857142875 -1698.5999999999997 110465.84000000001 57453.030000000006 -529.9999999999992 555.00000000000011 408.33333333333343 21.500000000000004 -398.50499999999994 42667.910000000011 1755.0000000000002 1615.0000000000002 2185.0000000000005 17.500000000000004 5524.2857142857147 5404.2857142857147 856.07142857142867 1008.7500000000001 420.61142857142863 1760.3571428571431 910.74571428571437 1424.464285714286 -468.05499999999995 6595.0000000000009 8852.2700000000023 11585.000000000002 24.500000000000004 61.250000000000007 58.750000000000007 1365.0000000000002 -47.857142857142833 3628.3333333333335 15721.135000000002 450.71464285714291 16.500000000000004 1004.6428571428572 18.500000000000004 1692.0250000000003 1250.714285714286 515.17857142857156 2055.0000000000005 1433.7617857142861 1191.9550000000002 1305.0000000000002 44550.000000000007 782.32964285714286 1.0000000180025095e-35 154.8783928571429 38815.000000000007 38385.000000000007 39055.000000000007
decision_type=2 2 2 2 2 2 2 2 2 2 2 2 2 2 2 2 2 2 2 2 2 2 2 2 2 2 2 2 2 2 2 2 2 2 2 2 2 2 2 2 2 2 2 2 2 2 2 2 2 2 2 2 2 2 2 2 2 2 2 2 2 2
left_child=6 -2 -3 -4 5 -5 7 25 10 17 11 15 -12 14 18 20 -17 24 19 -14 21 -8 23 -11 -10 26 34 29 -29 31 -30 -27 -33 -28 -1 -36 -37 38 39 40 41 -38 43 44 -40 -46 -47 55 49 52 -51 58 57 54 -54 56 -45 -49 -52 60 -59 -61
right_child=1 2 3 4 -6 -7 8 -9 9 22 12 -13 13 -15 -16 16 -18 -19 -20 -21 -22 -23 -24 -25 -26 27 33 28 30 -31 -32 32 -34 -35 35 36 37 -39 42 -41 -42 -43 -44 47 45 46 -48 48 -50 50 51 -53 53 -55 -56 -57 -58 59 -60 61 -62 -63
leaf_value=0.80072442153840084 32.767162040824125 16.585982888514231 -18.126779940390787 1.5706506961027933 12.155177102868928 -16.252754671884368 -5.154764716553986 -12.369300499636545 9.327261929617249 -0.30285652698403248 6.8530155522900644 12.319119834288967 -17.370647792105554 -21.838529478150726 1.865347024626856 -8.4128104202322476 16.57865601004114 13.598328262873119 -23.004720213514204 -1.7621004226220061 -1.4189467836214342 -23.606469083284882 1.8426711205961686 -20.628256835260089 -8.6118796248093314 21.919109565299475 -1.9988139296590022 -19.052383569677914 -7.5215728194929099 0.99365758937113502 11.763271967898557 2.5425737278651863 21.127622087730387 -20.391996979445555 -1.1848402161758227 2.7782621742844329 22.822051194222976 -18.80451028993426 4.0408212795116389 31.857123936142319 -2.8368685234087097 3.9769297351945379 14.30454566126787 18.606576518485888 -3.1513009136346803 4.3073218106279851 -1.7627506978508294 -14.429270338559135 -6.8283069609794929 31.40604385563633 -4.9384504036174111 22.138245034943704 27.049313056364788 -4.6305072913780823 -0.15168875049939989 21.134144022462053 1.3807423618317323 0.20849870100792783 13.026610492138154 25.690831091666777 -20.03669982912426 2.5438591647820958
leaf_weight=9188 57 50 54 53 62 41 42 82 43 52 57 78 59 70 79 44 41 116 46 87 65 50 111 45 41 50 40 41 46 263 58 102 42 40 8440 2208 70 68 385 68 544 445 66 57 3265 600 1118 71 387 65 261 64 40 1315 65 44 3154 5918 54 63 84 838
leaf_count=9188 57 50 54 53 62 41 42 82 43 52 57 78 59 70 79 44 41 116 46 87 65 50 111 45 41 50 40 41 46 263 58 102 42 40 8440 2208 70 68 385 68 544 445 66 57 3265 600 1118 71 387 65 261 64 40 1315 65 44 3154 5918 54 63 84 838
internal_value=0.0570317 5.9616 0.0798007 -3.85323 1.09181 -6.20784 0.0111875 0.0760569 -2.27636 2.17048 -4.80324 -0.684556 -8.11423 -10.6167 -7.71461 -4.87752 3.6445 8.1285 -11.6558 -8.07349 -9.49108 -15.1903 -3.55894 -9.73799 0.571279 0.101826 0.0505913 3.42284 -3.07212 5.48372 3.23387 11.5689 7.9687 -11.2025 0.0737216 -0.150754 0.258671 -0.0324679 0.0346205 3.54297 1.72345 6.54038 -0.186105 -0.23973 -1.51255 -1.94166 0.357242 0.307752 -0.271721 0.015416 6.47636 2.19723 -0.326371 -3.53219 10.2185 1.95002 1.68681 0.326397 -1.85713 0.478269 -0.0750034 4.16369
internal_weight=41152 317 260 210 156 94 40835 39709 1126 408 718 320 398 341 271 242 85 200 192 146 157 92 208 97 84 39627 39025 602 145 457 104 194 144 80 38945 29757 21317 19109 19041 1127 1059 515 17914 17848 5368 4983 1718 12480 9225 8838 444 379 8394 1420 105 3255 3211 6974 315 6903 6002 901
internal_count=41152 317 260 210 156 94 40835 39709 1126 408 718 320 398 341 271 242 85 200 192 146 157 92 208 97 84 39627 39025 602 145 457 104 194 144 80 38945 29757 21317 19109 19041 1127 1059 515 17914 17848 5368 4983 1718 12480 9225 8838 444 379 8394 1420 105 3255 3211 6974 315 6903 6002 901
is_linear=0
shrinkage=0.1


Tree=86
num_leaves=63
num_cat=0
split_feature=35 21 33 13 1 5 11 35 22 13 28 23 23 26 7 13 35 35 26 30 25 4 8 35 28 15 35 28 23 30 5 22 26 26 21 29 19 30 7 32 30 32 26 30 30 0 22 25 0 35 23 33 25 23 23 7 23 17 21 22 21 35
split_gain=756815 2.9523e+06 1.39362e+07 1.52524e+06 830257 767754 1.06685e+06 999423 838594 3.96084e+06 2.15108e+06 3.27786e+06 1.89196e+06 1.56717e+06 1.37948e+06 1.00939e+06 973462 869768 772646 2.75453e+06 1.70894e+06 937252 980651 970874 943203 1.77356e+06 1.01091e+06 1.3856e+06 1.16727e+06 1.124e+06 1.51857e+06 976504 951853 948676 916622 1.90628e+06 1.62963e+06 1.56125e+06 2.57552e+06 3.09186e+06 3.35852e+06 1.24941e+06 2.1815e+06 2.33951e+06 2.03303e+07 1.82344e+06 1.79771e+06 1.65098e+06 1.48459e+06 1.34476e+06 2.18468e+06 2.04098e+06 1.97719e+06 1.47754e+06 3.07729e+06 1.37093e+06 1.30092e+06 1.13144e+06 1.07032e+06 1.87534e+06 3.54673e+06 3.21135e+06
threshold=1.0000000180025095e-35 1034.4882142857143 553.75000000000011 271.54500000000007 3.5000000000000004 -5864.7149999999992 175.00000000000003 46209.385000000009 -1696.8382142857138 271.54500000000007 62725.000000000007 633.75000000000011 1497.6785714285718 6575.0000000000009 -727.30999999999983 591.87500000000011 12780.610000000002 31317.150000000005 555.00000000000011 27265.000000000004 553.34839285714281 27.500000000000004 -284.99999999999994 13858.265000000001 9045.0000000000018 161.66666666666671 2747.7900000000004 9315.0000000000018 405.1785714285715 2355.0000000000005 -68.415000000000006 -92.006785714285726 335.00000000000006 435.00000000000006 786.60678571428582 19451.420000000002 681.88642857142861 4795.0000000000009 -428.77499999999992 100.71428571428574 2205.0000000000005 243.57142857142858 1895.0000000000002 1665.0000000000002 1935.0000000000002 22.500000000000004 -716.77499999999998 46.119464285714294 15.500000000000002 96433.185000000012 1353.0357142857144 567.32142857142867 303.38107142857143 1414.464285714286 1453.3928571428576 -569.6149999999999 1313.3928571428576 -389.99999999999932 512.92035714285737 -281.8971428571428 462.98571428571432 4374.1850000000013
decision_type=2 2 2 2 2 2 2 2 2 2 2 2 2 2 2 2 2 2 2 2 2 2 2 2 2 2 2 2 2 2 2 2 2 2 2 2 2 2 2 2 2 2 2 2 2 2 2 2 2 2 2 2 2 2 2 2 2 2 2 2 2 2
left_child=1 2 -1 -3 -5 6 -2 -8 9 -7 11 -11 15 14 -14 -13 -15 -18 19 20 21 24 -23 -24 -10 26 -26 -28 29 31 -31 -29 -30 -27 35 41 -36 38 39 40 -37 42 49 45 -45 -44 -46 -48 -49 50 51 56 -52 -54 -55 -51 58 -40 59 60 61 -20
right_child=5 3 -4 4 -6 8 7 -9 18 10 -12 12 13 16 -16 -17 17 -19 34 -21 -22 22 23 -25 25 33 27 28 32 30 -32 -33 -34 -35 36 37 -38 -39 57 -41 -42 -43 43 44 46 -47 47 48 -50 55 52 -53 53 54 -56 -57 -58 -59 -60 -61 -62 -63
leaf_value=1.7944206820038315 12.0790446577401 -20.692674178091984 59.835380231544598 -7.2435649228691661 10.487131213328725 31.991706074021934 -2.9951953060644838 -15.63991924860408 0.11242153614508524 25.255815296502163 -20.321831033459461 1.9966578679286699 0.56321528121624398 -14.795575499564373 24.699228487499415 -16.466667755995079 13.389272806572492 -5.1027841615632772 -1.3854728348341561 -27.306059803290022 16.387058824986674 7.4990827329513436 -5.6850027939455492 -20.896702196476586 4.0201082685744032 5.9103018644445031 -25.653174094820443 -21.123751775167896 -24.142862606644016 10.365560965602016 -8.2254392799052898 -3.9493309872239077 -8.6389889647543523 -1.9068587678135263 -2.682739298422101 13.531600329208572 0.028286105291476654 2.6699770261700881 -12.735406416661203 3.1289513870227705 52.260177727289921 -1.3355584499669977 3.5242096493435255 75.310776666425824 21.192014149423699 -11.996739366431576 9.2848688205244692 9.0661940252865971 -11.351153869401578 24.074233142840882 -27.797953698096563 14.904109547005692 -21.35665128804769 22.561247639982824 -7.6176147170503627 1.4057340229331805 17.525887468643276 8.6347281420912996 -0.72081516227905329 0.95521777867810498 -4.713598781400659 29.149831935922141
leaf_weight=407 42 59 46 74 41 46 581 70 3379 59 42 46 40 40 58 83 48 54 51 40 56 46 260 50 84 232 40 45 48 108 74 125 226 469 2531 48 17886 878 45 66 42 3143 688 44 48 85 123 49 130 48 44 98 44 43 157 60 44 55 4506 3180 102 106
leaf_count=407 42 59 46 74 41 46 581 70 3379 59 42 46 40 40 58 83 48 54 51 40 56 46 260 50 84 232 40 45 48 108 74 125 226 469 2531 48 17886 878 45 66 42 3143 688 44 48 85 123 49 130 48 44 98 44 43 157 60 44 55 4506 3180 102 106
internal_value=-0.00615575 3.44159 7.69417 -7.62879 -0.920332 -0.0590983 -3.35908 -4.35595 -0.0021241 4.00304 1.2606 3.38064 -0.11995 5.12949 14.8532 -9.88458 -1.58405 3.60161 -0.0542835 -1.18025 -0.980629 -1.16833 -6.11974 -8.14149 -0.803319 -2.93577 -6.31561 -7.61943 -6.46515 -2.6547 2.80637 -8.5004 -11.3589 0.680506 0.118887 0.7444 -0.307793 4.67387 11.5447 19.5733 31.624 0.396066 0.96006 5.01368 11.2846 1.81684 3.22601 0.36743 -5.76105 0.402379 0.259367 0.564181 -8.29839 -4.77708 -1.12512 11.4871 0.388183 -0.983341 0.293162 1.62173 9.80343 19.2334
internal_weight=41462 627 453 174 115 40835 693 651 40142 516 470 428 369 240 98 129 142 102 39626 5282 5242 5186 356 310 4830 1451 750 666 626 352 182 170 274 701 34344 13927 20417 1134 256 156 90 12793 9650 1167 394 773 350 302 179 8483 8375 8087 288 244 200 108 7989 100 7945 3439 259 157
internal_count=41462 627 453 174 115 40835 693 651 40142 516 470 428 369 240 98 129 142 102 39626 5282 5242 5186 356 310 4830 1451 750 666 626 352 182 170 274 701 34344 13927 20417 1134 256 156 90 12793 9650 1167 394 773 350 302 179 8483 8375 8087 288 244 200 108 7989 100 7945 3439 259 157
is_linear=0
shrinkage=0.1


Tree=87
num_leaves=63
num_cat=0
split_feature=35 30 24 25 35 22 25 20 13 9 9 8 23 5 33 22 30 0 17 16 22 20 27 17 33 35 25 33 33 24 20 33 19 16 34 33 22 29 16 32 25 35 25 35 33 17 23 20 24 30 22 6 32 17 22 35 30 35 23 19 14 22
split_gain=584113 2.4427e+06 7.97331e+06 859930 614836 1.81936e+06 2.53545e+06 9.57065e+06 2.1602e+06 1.28783e+06 2.20822e+06 1.43573e+06 2.22489e+06 1.99983e+06 1.54476e+06 1.22498e+06 2.36773e+06 1.13681e+06 1.30776e+06 1.12825e+06 1.12553e+06 1.58605e+06 1.11288e+06 1.08593e+06 1.15479e+06 1.73543e+06 2.04701e+06 1.41327e+06 3.70724e+06 1.57454e+06 1.43709e+06 2.48711e+06 3.07879e+06 3.36458e+06 2.16173e+06 1.88043e+06 1.78605e+06 1.73502e+06 1.37694e+06 1.68974e+06 1.34261e+06 2.67604e+06 3.39526e+06 2.01234e+06 1.39153e+06 1.33721e+06 1.28065e+06 2.11522e+06 1.79204e+06 2.34645e+06 1.80482e+06 1.79569e+06 1.69074e+06 1.62972e+06 1.57796e+06 1.39497e+06 1.39182e+06 1.2411e+06 1.19715e+06 1.14245e+06 1.12592e+06 1.10372e+06
threshold=1.0000000180025095e-35 27265.000000000004 2024.9332142857145 -392.85696428571424 18490.860000000004 -1118.9457142857138 128.76839285714291 -1628.5621428571428 123.87000000000002 -1969.7049999999997 -3259.5099999999998 -679.7149999999998 1565.0000000000002 -579.15999999999997 413.39285714285717 -948.51785714285688 7055.0000000000009 22.500000000000004 -1698.0599999999997 671.66666666666686 -925.02607142857107 -932.87785714285735 1.0000000180025095e-35 -2133.7916666666665 89.821428571428584 39839.365000000013 215.71982142857146 897.32142857142867 887.69803571428577 2115.178571428572 -485.95214285714275 1489.8214285714287 963.57142857142878 1313.5300000000002 2.5000000000000004 1250.5337500000003 597.03107142857164 26173.150000000005 690.79166666666686 1607.1428571428576 77.185535714285734 24958.645000000004 -162.97946428571427 30054.340000000004 960.89285714285722 -563.33166666666659 2011.2500000000002 1730.0000000000002 1690.1785714285718 22345.000000000004 -1579.6828571428571 -749.89999999999986 1456.7892857142858 526.66666666666686 280.73500000000007 49630.665000000008 20015.000000000004 38971.245000000003 2037.5000000000002 1552.1428571428573 1395.0000000000002 -842.2710714285713
decision_type=2 2 2 2 2 2 2 2 2 2 2 2 2 2 2 2 2 2 2 2 2 2 2 2 2 2 2 2 2 2 2 2 2 2 2 2 2 2 2 2 2 2 2 2 2 2 2 2 2 2 2 2 2 2 2 2 2 2 2 2 2 2
left_child=1 3 -3 -1 5 6 8 -8 -2 10 -10 12 13 14 -11 16 -7 -18 -19 -20 21 -17 -22 59 25 26 -25 28 46 40 34 32 -32 37 -31 -35 -33 -34 -36 -40 41 -29 43 -43 -44 -45 48 52 49 50 51 -26 53 61 -50 -49 -52 58 -42 -6 -55 -48
right_child=4 2 -4 -5 23 15 7 -9 9 11 -12 -13 -14 -15 -16 20 17 18 19 -21 22 -23 -24 24 27 -27 -28 29 -30 30 31 36 33 35 38 -37 -38 -39 39 -41 57 42 44 45 -46 -47 47 55 54 -51 56 -53 -54 60 -56 -57 -58 -59 -60 -61 -62 -63
leaf_value=-12.105297337456385 21.889858193831014 48.905124042354345 -6.0062122772300182 1.5558510636744041 -8.8128806130036317 1.7330565631621369 55.059126795921372 0.73767767700418529 -0.18393762545847145 2.1960660866415167 23.17509923174115 2.5787837593867815 -26.28781486713676 7.4411367919236246 -18.619658856389261 23.752173419003899 -2.6025554786514142 -2.267019480742114 -12.356943520740961 -30.239445241917998 -0.53824664095523889 -3.2860067792699632 2.2694454028219044 0.0029514494671572518 31.00202617157392 4.0170365833579487 -8.6396638664282346 1.1401881203902158 30.577618262716381 13.635465581939798 -9.8777992396301215 -12.640502445466046 45.493710676725478 -9.8827536658097586 3.3230403060331675 18.854014009813277 12.079475848544629 18.149601605341363 -26.801670923163876 -3.0572184583218736 11.593729286548292 -24.097229674274061 -13.614101594507893 9.2227152435658883 -36.302310929869485 -9.1306485621057885 -15.778992729082814 24.35206622868305 4.6448687764179395 -20.648379719498056 1.4865310801184828 4.7232093330506784 12.965645861708746 -29.649591274803203 27.399064267932125 -0.10485727238114735 20.173477337631248 9.5180910242562771 -6.8142526491920652 -0.73112698725119019 -10.741141726510905 1.2219541649894028
leaf_weight=51 50 45 64 473 231 270 44 123 113 59 63 398 48 109 90 46 101 53 76 66 24234 41 1499 625 41 383 488 212 44 54 49 91 46 45 59 46 43 47 62 58 43 46 45 76 68 83 48 41 78 47 8301 71 43 40 50 54 40 105 197 720 148 186
leaf_count=51 50 45 64 473 231 270 44 123 113 59 63 398 48 109 90 46 101 53 76 66 24234 41 1499 625 41 383 488 212 44 54 49 91 46 45 59 46 43 47 62 58 43 46 45 76 68 83 48 41 78 47 8301 71 43 40 50 54 40 105 197 720 148 186
internal_value=0.0447849 3.05899 16.6756 0.225198 -0.00217078 -0.271272 3.71899 15.0621 1.68139 0.531998 8.18171 -1.38087 -6.5306 -2.85044 -10.3792 -0.437174 -5.03898 -11.2154 -15.6746 -20.6763 -0.336288 11.0154 -0.374689 0.560068 0.813718 -1.78872 -3.78666 1.17734 1.63657 -1.69691 2.24854 6.14775 12.3897 18.3208 -3.8931 4.64585 -4.70639 31.6919 -9.18341 -15.3313 -4.40234 -7.56251 -13.3636 -5.6893 -27.2772 -0.357799 1.49781 -3.1361 1.79859 1.62169 1.74564 14.3527 -5.91411 -7.8392 13.5405 10.4574 1.57627 0.452795 -3.51441 -2.69457 -14.7711 -2.26802
internal_weight=41270 633 109 524 40637 27483 1097 167 930 880 176 704 306 258 149 26386 566 296 195 142 25820 87 25733 13154 12203 1496 1113 10707 9232 1475 600 367 233 184 233 91 134 93 179 120 875 530 318 205 113 159 9188 560 8628 8500 8453 112 465 422 128 95 8341 345 240 951 188 234
internal_count=41270 633 109 524 40637 27483 1097 167 930 880 176 704 306 258 149 26386 566 296 195 142 25820 87 25733 13154 12203 1496 1113 10707 9232 1475 600 367 233 184 233 91 134 93 179 120 875 530 318 205 113 159 9188 560 8628 8500 8453 112 465 422 128 95 8341 345 240 951 188 234
is_linear=0
shrinkage=0.1


Tree=88
num_leaves=63
num_cat=0
split_feature=29 25 28 17 23 35 26 24 9 20 6 34 21 35 21 5 9 23 7 25 9 5 2 31 26 4 9 34 25 23 21 20 25 4 5 4 6 6 26 0 4 8 8 24 7 20 20 7 28 16 20 35 32 9 9 0 17 32 16 9 13 29
split_gain=690731 1.01512e+06 992050 949700 803307 1.77186e+06 1.77907e+06 3.51178e+06 1.60033e+06 959545 1.47626e+06 1.37168e+06 3.48462e+06 922176 1.7967e+06 869221 831850 757260 1.11344e+06 633434 969853 1.11884e+06 1.46613e+06 1.08453e+06 2.50928e+06 2.48138e+06 1.06568e+06 1.06868e+06 880426 2.58016e+06 3.75259e+06 1.35824e+06 817586 789765 1.68853e+06 941655 1.06058e+06 1.42969e+06 1.07457e+06 1.23835e+06 879687 872417 1.0351e+06 2.39071e+06 4.43987e+06 1.21392e+06 1.74828e+06 1.42043e+06 1.06593e+06 1.21839e+06 1.0411e+06 927423 741439 710899 1.0733e+06 650520 648655 645574 1.60171e+06 873296 765419 760942
threshold=631.5100000000001 9.6307142857142747 865.00000000000011 -769.89666666666665 162.67857142857147 86917.895000000004 6665.0000000000009 1435.014285714286 -596.87499999999989 -1.0000000180025095e-35 -749.89999999999986 1.5000000000000002 692.88464285714292 10427.365000000003 1004.6428571428572 -518.41999999999996 -1109.8949999999998 788.75000000000011 -655.0899999999998 327.12232142857141 3480.5700000000002 -199.91999999999999 1.0000000180025095e-35 3.5000000000000004 4105.0000000000009 4.5000000000000009 2015.0000000000002 8.5000000000000018 303.38107142857143 1497.6785714285718 1204.6428571428573 -827.48071428571427 415.6653571428572 28.500000000000004 8955.0000000000018 27.500000000000004 1705.0000000000002 1215.0000000000002 1605.0000000000002 14.500000000000002 26.500000000000004 -5290.6449999999995 -959.80999999999983 1089.3417857142858 -689.89499999999987 -967.14285714285688 -877.08714285714245 -358.69499999999994 42325.000000000007 1685.0000000000002 -766.96428571428555 33638.230000000003 572.11642857142863 -3904.3749999999995 -2369.3349999999996 17.500000000000004 657.5350000000002 1222.1428571428573 2098.3333333333335 1401.7900000000002 1065.0000000000002 10111.130000000003
decision_type=2 2 2 2 2 2 2 2 2 2 2 2 2 2 2 2 2 2 2 2 2 2 2 2 2 2 2 2 2 2 2 2 2 2 2 2 2 2 2 2 2 2 2 2 2 2 2 2 2 2 2 2 2 2 2 2 2 2 2 2 2 2
left_child=1 2 -1 -4 5 6 7 9 -8 10 13 12 -12 15 -15 -2 -13 -3 -19 28 23 22 -22 26 25 -25 33 -28 -6 31 -31 -30 -26 34 35 36 37 40 -39 -40 41 -21 43 -43 -45 47 -47 48 52 -50 51 -48 -44 -52 -55 -38 -32 58 59 60 61 -56
right_child=4 17 3 -5 19 -7 8 -9 -10 -11 11 16 -14 14 -16 -17 -18 18 -20 20 21 -23 -24 24 32 -27 27 -29 29 30 56 -33 -34 -35 -36 -37 55 38 39 -41 -42 42 45 44 -46 46 50 -49 49 -51 53 -53 -54 54 57 -57 -58 -59 -60 -61 -62 -63
leaf_value=-0.70871824240994408 -13.917390764277915 -1.5958868608979802 -0.46212253182037505 -11.087413427913217 0.068300112228767182 21.614482307434088 -26.14648363407289 24.317768167340866 -0.15350461912197691 -5.150681167839303 38.751602519473266 -9.7894347386787768 1.9547510267253552 -6.7240051291189262 19.916747527668452 2.9446230231294841 4.6229091645962876 20.56824863513588 1.8813640161240697 -14.913603259095732 -12.888317050322909 17.642952269906022 11.956857075044747 3.6855127552699614 -17.575732682855541 32.766132211229127 -3.3511682755631726 -24.912814496191558 -15.66946178440168 40.428892376973941 -2.3738132532386182 2.318766087343799 0.58756528454134782 -13.503003220298693 13.39513985094873 -14.181359685824411 6.7711297417132572 -25.562138258801351 5.0580511507648467 -18.274442591434443 -13.110310563095409 -2.0331122150454743 -9.8998938825585761 42.555302427309144 1.4109263087165429 15.918685512478127 -19.665081141140831 9.0751284161788117 5.491603627446743 -13.790263472402401 -11.271817184276269 -1.7841570826258568 -24.779761374640334 12.476908196707811 -2.7331340161725493 -5.2238375477368741 14.41961231826992 11.03809921627953 -17.386246785553769 11.190595921896758 -11.816718431200824 2.0983234274728386
leaf_weight=350 100 320 119 287 34889 47 41 72 56 180 41 44 69 66 41 44 441 43 123 47 46 57 49 78 40 47 54 40 49 43 54 291 65 56 74 61 218 42 47 44 66 227 73 40 76 59 58 43 66 65 64 58 62 61 778 57 40 43 60 59 65 561
leaf_count=350 100 320 119 287 34889 47 41 72 56 180 41 44 69 66 41 44 441 43 123 47 46 57 49 78 40 47 54 40 49 43 54 291 65 56 74 61 218 42 47 44 66 227 73 40 76 59 58 43 66 65 64 58 62 61 778 57 40 43 60 59 65 561
internal_value=0.00432994 -2.31838 -4.61048 -7.97356 0.0758914 2.57955 1.83002 2.977 -11.1481 1.47829 2.88893 5.60196 15.6814 -3.54215 3.48862 -8.76584 3.31451 1.2472 6.72671 -0.00369681 -1.24751 6.57354 -0.0738365 -1.5821 5.05811 14.6286 -2.04163 -12.5348 0.126644 4.39357 15.9771 -0.275563 -6.33681 -1.73606 -1.52824 -1.88469 -1.63764 -2.22691 -12.3404 -6.22738 -1.71543 -1.42198 -1.16985 3.93535 15.6109 -1.97503 -1.01356 -7.78005 -10.506 -4.07731 -1.56684 -10.7293 -16.7403 -0.938007 -0.531177 4.28438 4.77614 -1.03826 -1.37958 -0.722544 -1.22355 -0.708895
internal_weight=41556 1242 756 406 40314 1242 1195 1098 97 1026 846 595 110 251 107 144 485 486 166 39072 3706 152 95 3554 230 125 3324 94 35366 477 137 340 105 3230 3174 3100 3039 2764 133 91 2631 2565 2518 343 116 2175 1866 309 266 131 1807 116 135 1691 1627 275 94 1566 1523 1463 1404 1339
internal_count=41556 1242 756 406 40314 1242 1195 1098 97 1026 846 595 110 251 107 144 485 486 166 39072 3706 152 95 3554 230 125 3324 94 35366 477 137 340 105 3230 3174 3100 3039 2764 133 91 2631 2565 2518 343 116 2175 1866 309 266 131 1807 116 135 1691 1627 275 94 1566 1523 1463 1404 1339
is_linear=0
shrinkage=0.1


Tree=89
num_leaves=63
num_cat=0
split_feature=21 30 28 28 8 28 30 9 23 23 17 26 0 26 34 17 30 35 22 20 10 25 26 22 30 30 26 29 26 11 24 18 35 26 28 24 26 32 24 30 30 29 23 4 17 18 18 35 35 21 10 35 21 9 30 25 13 26 20 22 22 23
split_gain=701491 1.76341e+06 5.12367e+06 5.86333e+06 3.26653e+06 3.79048e+06 1.81772e+06 1.76903e+06 1.67786e+06 1.58917e+06 1.74648e+06 1.31771e+06 1.24677e+06 1.24191e+06 1.17782e+06 1.28419e+06 1.56992e+06 1.4228e+06 1.21101e+06 1.21721e+06 1.14271e+06 1.08818e+06 951166 1.20202e+06 852981 2.07792e+06 2.12424e+06 2.14414e+06 1.5958e+06 1.49329e+06 1.24031e+06 1.05764e+06 1.02252e+06 822543 818313 805274 781866 1.00661e+06 1.25715e+06 848651 3.46396e+06 2.68985e+06 1.14985e+06 1.10804e+06 2.21322e+06 1.03859e+06 1.21645e+06 1.15937e+06 1.40696e+06 1.43711e+06 1.28149e+06 1.34389e+06 1.07629e+06 1.05322e+06 1.01848e+06 1.19552e+06 1.0103e+06 997667 991449 942210 889044 855330
threshold=1536.7857142857144 22345.000000000004 33475.000000000007 37090.000000000007 -47.769999999999989 43870.000000000007 21725.000000000004 -99.899999999999991 1508.7500000000002 1278.7500000000002 -3713.3716666666664 8205.0000000000018 28.500000000000004 6995.0000000000009 5.5000000000000009 -593.33333333333314 10890.000000000002 35298.930000000008 -1840.618214285714 1245.7464285714289 175.00000000000003 373.61000000000007 9425.0000000000018 -596.65214285714285 24050.000000000004 18855.000000000004 1645.0000000000002 29525.000000000004 2021.0350000000001 615.00000000000011 2156.2500000000005 1675.0000000000002 18490.860000000004 3025.0000000000005 69245.000000000015 1414.2994642857145 4025.0000000000005 394.38142857142867 1619.464285714286 14135.000000000002 14455.000000000002 32565.000000000004 2398.5714285714289 2.5000000000000004 -449.86833333333328 2450.7142857142862 2796.428571428572 46209.385000000009 11636.365000000002 1715.3571428571431 962.49500000000012 22401.800000000003 1926.7857142857144 1275.0000000000002 16835.000000000004 -43.817142857142805 1015.0000000000001 8715.0000000000018 -295.19571428571425 -391.20392857142843 18.550714285714331 1526.2500000000002
decision_type=2 2 2 2 2 2 2 2 2 2 2 2 2 2 2 2 2 2 2 2 2 2 2 2 2 2 2 2 2 2 2 2 2 2 2 2 2 2 2 2 2 2 2 2 2 2 2 2 2 2 2 2 2 2 2 2 2 2 2 2 2 2
left_child=1 6 -3 -4 8 -6 34 -7 -5 10 -2 13 -9 20 36 16 35 -18 -17 24 -12 33 -13 -24 25 26 29 28 -28 -20 -30 -29 -27 -21 -1 -16 37 -11 -39 41 -41 42 -38 44 57 47 53 48 60 -50 51 52 -51 -47 -52 -56 -53 59 -46 -42 61 -45
right_child=9 2 3 4 5 7 -8 12 -10 14 11 22 -14 -15 15 18 17 -19 19 21 -22 -23 23 -25 -26 32 27 31 30 -31 -32 -33 -34 -35 -36 -37 39 38 -40 40 43 -43 -44 45 58 46 -48 -49 49 50 54 56 -54 -55 55 -57 -58 -59 -60 -61 -62 -63
leaf_value=0.12880835140541583 -21.450214148075442 38.99128370837105 -30.449117840591914 -21.458168717944268 42.548989626233208 26.032525631136906 -15.1249431121357 12.382602702716396 5.0224778163211239 1.7721284594282496 -20.233959433106065 15.083133054286876 -7.584418017055004 -18.31869956995364 -12.235890183350056 13.268477215528714 -8.1580396719897337 -30.065378772101653 -6.4032025907518859 -5.0101372084798479 -2.8061034607023032 19.357073984049734 10.572739843946451 -11.639954761746468 -14.113269841027691 2.0551274559562613 18.296819001429622 -4.5395027645600372 0.788990393302481 -33.562726776899005 -15.941500850094844 -25.515821791863694 22.906698175018352 12.155335716940421 9.8363197162875782 5.4029295462527331 -0.23412469636074393 27.692101099250028 2.9248322322450839 30.446232235126757 -26.167151121761613 -27.091965840133692 -13.83029810958968 7.4482617586463551 -1.4127682692857497 -3.1533341387360836 3.5875235380468418 -5.4239723301268974 -5.2328878922433875 33.135674271295144 18.250312911346104 12.780070108334975 14.978097705848075 -25.018595939450503 8.9211308201047324 -7.0243927861313527 -6.8828091075956186 -2.1645724156075379 18.713556935657987 -8.4480894321941662 13.108976029537864 -4.88039934348632
leaf_weight=35456 61 44 46 45 40 42 78 62 51 191 41 54 63 72 41 53 69 52 40 83 451 42 45 53 75 57 45 44 298 41 52 53 40 42 87 70 1421 40 42 41 51 40 65 73 51 49 88 128 75 43 41 69 136 40 93 95 42 96 47 73 44 245
leaf_count=35456 61 44 46 45 40 42 78 62 51 191 41 54 63 72 41 53 69 52 40 83 451 42 45 53 75 57 45 44 298 41 52 53 40 42 87 70 1421 40 42 41 51 40 65 73 51 49 88 128 75 43 41 69 136 40 93 95 42 96 47 73 44 245
internal_value=0.0333356 0.192613 6.85407 2.79737 7.8489 14.9186 0.119109 8.2898 -7.39498 -1.0303 -5.21416 -3.82951 2.32018 -6.0565 -0.32599 -3.02558 -9.70493 -17.5813 -1.41935 -2.2736 -4.26034 5.44151 4.43305 -1.44001 -4.00329 -2.8706 -5.16205 -2.69059 0.581383 -20.1629 -1.69859 -16.0081 10.6611 0.759976 0.152584 -1.11484 0.619173 5.75218 15.016 0.173661 1.7677 -1.51857 -0.829292 1.02209 -4.25258 2.35238 -4.74885 3.51207 4.70876 7.70339 9.57313 13.9883 19.348 -12.989 3.98 0.863801 5.34027 -9.81996 8.24422 -15.7434 -0.205458 -2.04949
internal_weight=41407 36014 393 349 303 207 35621 167 96 5393 777 716 125 564 4616 1197 232 121 965 912 492 167 152 98 745 670 573 492 395 81 350 97 97 125 35543 111 3419 273 82 3146 1620 1526 1486 1579 318 1261 177 1084 956 594 519 290 179 89 229 188 111 220 98 124 362 318
internal_count=41407 36014 393 349 303 207 35621 167 96 5393 777 716 125 564 4616 1197 232 121 965 912 492 167 152 98 745 670 573 492 395 81 350 97 97 125 35543 111 3419 273 82 3146 1620 1526 1486 1579 318 1261 177 1084 956 594 519 290 179 89 229 188 111 220 98 124 362 318
is_linear=0
shrinkage=0.1


Tree=90
num_leaves=63
num_cat=0
split_feature=28 28 20 35 26 16 29 4 35 28 28 35 5 30 20 28 23 10 0 20 20 26 26 33 19 24 32 26 7 24 16 26 25 25 26 9 10 28 28 7 8 8 28 23 35 28 30 26 29 29 10 30 35 25 35 11 23 33 21 1 35 24
split_gain=846404 1.16281e+07 3.89681e+07 3.52812e+06 1.75297e+06 2.45065e+06 1.59487e+06 1.33322e+06 2.03708e+06 2.38455e+06 6.33989e+06 1.99974e+06 1.95248e+06 1.86468e+06 1.7179e+06 1.54978e+06 1.49192e+06 2.56804e+06 1.39934e+06 1.36635e+06 1.51997e+06 1.48121e+06 1.29664e+06 1.42669e+06 1.26746e+06 1.42978e+06 1.40129e+06 1.61262e+06 1.50536e+06 1.43967e+06 1.32494e+06 1.24652e+06 1.2201e+06 1.61331e+06 1.16902e+06 1.10454e+06 1.06788e+06 1.08967e+06 1.32859e+06 1.06717e+06 1.04541e+06 981669 977967 1.42023e+06 948327 924205 1.32349e+06 925204 927529 1.24928e+06 6.08751e+06 2.84671e+06 895314 873930 829285 1.93211e+06 1.64943e+06 1.26867e+06 926265 925967 823718 741154
threshold=41980.000000000007 41575.000000000007 -1185.5849999999998 25795.070000000003 19528.400000000005 1.0000000180025095e-35 52675.400000000009 28.500000000000004 41614.105000000003 43625.000000000007 43280.000000000007 161154.62500000003 -284.99999999999994 8005.0000000000009 -851.13214285714287 46615.000000000007 1740.5357142857144 1464.2800000000002 8.5000000000000018 540.06785714285729 1245.7464285714289 4105.0000000000009 1445.0000000000002 729.82142857142867 3164.4242857142858 1531.518392857143 820.71428571428589 6995.0000000000009 -518.41999999999996 1355.1903571428572 1340.6900000000003 5595.0000000000009 140.31482142857146 275.01678571428585 5735.0000000000009 -1078.7849999999996 1001.1750000000001 54560.000000000007 60820.000000000007 -988.87999999999988 -708.67999999999984 -579.15999999999997 48325.000000000007 1706.2500000000002 28236.235000000004 41110.000000000007 15627.010000000002 19528.400000000005 48160.000000000007 41782.280000000006 644.1400000000001 27265.000000000004 29656.035000000003 526.83160714285725 96433.185000000012 395.00000000000006 1673.7500000000002 378.03571428571433 942.50000000000011 3.5000000000000004 16527.400000000005 1670.5062500000001
decision_type=2 2 2 2 2 2 2 2 2 2 2 2 2 2 2 2 2 2 2 2 2 2 2 2 2 2 2 2 2 2 2 2 2 2 2 2 2 2 2 2 2 2 2 2 2 2 2 2 2 2 2 2 2 2 2 2 2 2 2 2 2 2
left_child=1 6 -3 -4 5 -2 45 8 13 10 31 12 16 14 34 -9 42 22 -13 24 21 32 -18 40 25 26 28 -28 -15 -29 -26 -10 -21 -34 -7 -14 37 52 -39 -38 -24 -37 43 -11 -22 47 -47 48 49 51 -51 54 61 -20 -1 -56 57 58 -57 -58 -32 -27
right_child=4 2 3 -5 -6 7 -8 15 9 11 -12 18 35 19 -16 -17 17 -19 53 20 44 -23 23 -25 30 36 27 29 -30 -31 60 -33 33 -35 -36 41 39 38 -40 -41 -42 -43 -44 -45 -46 46 -48 -49 -50 50 -52 -53 -54 -55 55 56 59 -59 -60 -61 -62 -63
leaf_value=0.013444968268268249 -20.032764480082548 110.87699083335218 -20.110838428246392 17.929141544860116 18.996600873461595 -35.293818308171637 16.619140548114633 -0.36656502668128998 12.139213304229335 7.636494731206227 -33.162713257360053 31.57196556215132 -1.9150533714702669 -5.7730343243957352 -3.6141834417811705 -27.689869598871901 -25.236718256388119 10.02966079714685 17.070702447502146 -16.586733459358786 9.4051266740340154 -24.267536239568784 10.998198032283879 -18.611849005046487 -22.106126271189751 -4.8312208761737114 -25.783615948738312 8.3255035267361599 8.5061970537833513 -12.31749109394252 -11.91563633451057 -9.1794951547248829 12.707013499514948 -12.195506246352849 -11.251454002580394 29.737661969825428 -12.204827801422075 26.64046018458447 2.4999970453955265 2.0977013083017524 -7.9826182482814039 10.73610005325461 16.460168526863143 -13.915810710212989 -8.4156187484404086 -0.96891601406871952 -22.763239638342956 -14.106492096800501 15.286628521217986 -39.581112557886414 7.6104574500645814 23.462440602854972 18.039970372827465 -2.0061129314027331 18.987902504076384 5.6933083007837215 -0.70576061674739399 15.634934039905733 -12.743789643695381 -21.722177634554711 3.6639192615389291 5.7584944429400089
leaf_weight=37136 72 41 60 41 41 41 58 42 87 112 64 40 42 160 95 41 46 86 60 77 70 69 50 63 50 101 49 53 137 93 60 40 51 53 40 40 67 53 40 235 69 85 64 42 52 79 43 46 40 44 72 52 40 40 76 81 44 81 41 40 78 191
leaf_count=37136 72 41 60 41 41 41 58 42 87 112 64 40 42 160 95 41 46 86 60 77 70 69 50 63 50 101 49 53 137 93 60 40 51 53 40 40 67 53 40 235 69 85 64 42 52 79 43 46 40 44 72 52 40 40 76 81 44 81 41 40 78 191
internal_value=0.0325571 0.163478 28.7211 -4.66759 -1.53448 -1.80286 0.0565366 -1.37472 -1.02699 2.57197 -7.51108 4.86771 2.68227 -2.92314 -12.7405 -13.8722 -0.279161 -4.69134 15.7744 -1.95155 -7.34086 -11.8055 -10.245 -6.44997 -0.526441 0.652346 -3.51054 -10.0957 0.813988 -4.82348 -8.16792 5.42365 -7.04936 0.0164962 -23.4354 12.1136 3.46965 6.7001 16.2644 -1.07685 -0.0061737 16.8261 6.07559 1.75595 1.80902 0.0311513 -8.65674 0.0592381 0.0765381 0.0603656 -10.2991 0.0923811 4.01887 9.44274 0.0599424 4.8161 1.06061 5.93707 -0.505407 -10.7206 -3.11163 2.0954
internal_weight=41256 38075 142 101 3181 3140 37933 3068 2985 1030 191 839 699 1955 176 83 532 314 140 1779 372 250 228 182 1407 1219 492 195 297 146 188 127 181 104 81 167 727 425 93 302 119 125 218 154 122 37875 122 37753 37707 37667 116 37551 332 100 37499 363 287 203 122 84 138 292
internal_count=41256 38075 142 101 3181 3140 37933 3068 2985 1030 191 839 699 1955 176 83 532 314 140 1779 372 250 228 182 1407 1219 492 195 297 146 188 127 181 104 81 167 727 425 93 302 119 125 218 154 122 37875 122 37753 37707 37667 116 37551 332 100 37499 363 287 203 122 84 138 292
is_linear=0
shrinkage=0.1


Tree=91
num_leaves=63
num_cat=0
split_feature=13 6 12 12 6 30 25 13 26 9 26 22 4 25 25 24 26 5 32 28 23 25 1 35 28 32 22 24 35 35 22 4 19 23 9 20 10 34 28 28 3 5 23 35 10 12 20 9 34 6 29 16 12 30 14 6 13 13 12 5 28 32
split_gain=673460 1.24286e+06 2.19932e+06 1.49234e+06 1.48424e+06 1.12634e+06 974854 3.1419e+06 800856 1.12822e+06 795360 3.63656e+06 1.04666e+06 808120 2.17524e+06 787978 787850 2.4556e+06 3.34537e+06 1.43559e+06 2.13231e+06 1.38733e+06 1.52859e+06 1.12729e+06 999481 978805 976165 1.29992e+06 976628 2.11721e+06 925996 916856 930683 816428 1.22149e+06 806618 1.0558e+06 919798 3.21253e+06 1.82513e+06 911516 846659 755098 894616 2.73115e+06 3.52161e+06 1.04656e+06 895753 750624 750138 1.76103e+06 1.9018e+06 1.05257e+06 957555 853295 1.38582e+06 919263 901236 867359 1.2127e+06 823441 762659
threshold=820.19000000000017 -3247.2499999999995 182.07000000000002 894.99500000000012 -3862.2949999999996 52175.000000000007 -1475.7339285714286 243.89500000000001 2532.4050000000002 33776.380000000012 2700.0200000000004 -263.87607142857138 11.500000000000002 152.17928571428567 4.1289285714285446 2347.3214285714289 3055.0000000000005 -2360.6949999999997 337.84000000000009 40860.000000000007 1508.7500000000002 177.92964285714291 4.5000000000000009 23482.060000000001 38815.000000000007 2602.8571428571436 -406.45607142857142 2506.5369642857149 41614.105000000003 57453.030000000006 791.33857142857153 1.5000000000000002 1417.171428571429 2309.8214285714289 -468.05499999999995 -1684.5757142857144 3080.5900000000006 5.5000000000000009 40860.000000000007 39565.000000000007 1.0000000180025095e-35 -558.29499999999996 2288.0357142857147 28939.045000000002 791.82000000000005 791.82000000000005 -534.18999999999983 -579.15999999999997 3.5000000000000004 1152.8550000000002 33690.630000000012 831.66666666666686 381.46000000000009 28261.195000000003 2375.0000000000005 1645.0000000000002 1125.0000000000002 905.00000000000011 1105.0000000000002 425.00000000000006 23205.000000000004 1185.9550000000002
decision_type=2 2 2 2 2 2 2 2 2 2 2 2 2 2 2 2 2 2 2 2 2 2 2 2 2 2 2 2 2 2 2 2 2 2 2 2 2 2 2 2 2 2 2 2 2 2 2 2 2 2 2 2 2 2 2 2 2 2 2 2 2 2
left_child=5 2 -2 -4 -5 6 7 -1 15 10 11 12 13 14 -10 -8 17 18 -3 24 -21 23 30 -22 31 26 27 28 35 -30 -23 48 42 34 -27 36 40 38 -37 -39 41 -18 43 -33 46 -46 -45 -48 -19 53 52 -52 60 61 56 -56 57 -54 -58 -60 -51 -28
right_child=1 16 3 4 -6 -7 8 -9 9 -11 -12 -13 -14 -15 -16 -17 25 19 -20 20 21 22 -24 -25 -26 33 49 -29 29 -31 -32 32 -34 -35 -36 37 -38 39 -40 -41 -42 -43 -44 44 45 -47 47 -49 -50 50 51 -53 54 -55 55 -57 58 -59 59 -61 -62 -63
leaf_value=31.256787369641177 25.747062697699427 35.685449537104553 -0.25458520664231937 5.9702962098538013 27.261704801961368 -14.532216879392516 0.09623522670453874 -5.2866313538145953 -9.9512458841856599 13.202783768055804 -0.79828666344289667 0.65385837023264237 -4.9348120452218058 -8.6073036486263472 -39.461151838909757 13.799673360423157 -7.7268157582699946 -11.625697401932134 -2.9472468706146859 -26.740854496090481 -2.6937417850256198 5.2358757148288362 18.183230585955666 -25.018471486142815 11.605577257885425 -0.1777398683646601 -1.1527457158278345 -18.488492592138353 18.759403360655725 -7.3682204655015404 -10.915778223256286 1.0003197449664418 16.742990010939586 -3.8314547735604338 19.239849626120531 -2.3922106937243544 -22.08939375306764 -3.0497479302258772 21.775955569369483 -23.539234628961367 -18.113157587134733 9.719284889257171 -10.102783838113858 7.9704337303090727 5.4213604002893163 39.902871641063797 -9.7006330889150973 2.2317732856027308 0.13730050311346259 0.18424607531307099 25.593369355451124 3.149359411626067 3.9256237585124141 -14.804057380116838 23.381617666111143 -0.79974429485919363 7.5465153170728918 -13.25011816583689 7.9535340210407002 -15.566915775992285 -19.617298112264496 3.3717625547641989
leaf_weight=40 47 48 399 162 41 55 20029 57 49 56 9941 455 67 43 51 42 68 97 42 41 52 73 47 40 95 57 2287 53 63 61 69 3536 40 53 75 484 48 264 62 52 40 47 56 156 80 47 102 164 123 41 64 92 49 47 45 50 176 81 41 47 43 445
leaf_count=40 47 48 399 162 41 55 20029 57 49 56 9941 455 67 43 51 42 68 97 42 41 52 73 47 40 95 57 2287 53 63 61 69 3536 40 53 75 484 48 264 62 52 40 47 56 156 80 47 102 164 123 41 64 92 49 47 45 50 176 81 41 47 43 445
internal_value=-0.00588855 0.686293 4.92472 3.29705 10.2762 -0.241032 -0.215513 9.79111 -0.247112 -0.9475 -1.02228 -4.37034 -15.2537 -20.085 -25.0135 0.124945 0.406807 1.30392 17.6652 0.99811 -5.45148 -2.34098 2.56158 -12.4085 1.46008 -0.4854 -0.763364 -3.17256 -2.4891 5.90847 -2.61351 1.24095 1.57206 6.64978 10.8581 -3.46708 -9.1374 -2.13127 0.353893 -6.42464 -5.1206 -0.595502 1.42531 1.58347 5.339 18.193 1.46892 -2.34476 -5.05055 0.0896396 2.94463 12.3624 0.379751 -0.659331 2.15638 10.6608 0.104715 -6.77713 3.49416 -4.61017 -9.95784 -0.415724
internal_weight=41377 10492 649 602 203 30885 30830 97 30733 10662 10606 665 210 143 100 20071 9843 4908 90 4818 322 281 189 92 4496 4935 4750 1242 1189 124 142 4401 4181 185 132 1065 203 862 546 316 155 115 4141 4085 549 127 422 266 220 3508 729 156 573 2779 489 95 394 130 264 88 84 2732
internal_count=41377 10492 649 602 203 30885 30830 97 30733 10662 10606 665 210 143 100 20071 9843 4908 90 4818 322 281 189 92 4496 4935 4750 1242 1189 124 142 4401 4181 185 132 1065 203 862 546 316 155 115 4141 4085 549 127 422 266 220 3508 729 156 573 2779 489 95 394 130 264 88 84 2732
is_linear=0
shrinkage=0.1


Tree=92
num_leaves=63
num_cat=0
split_feature=19 26 26 26 16 26 6 23 23 32 21 4 30 17 17 17 25 23 27 32 21 6 25 0 33 21 16 30 29 25 35 35 30 33 30 25 32 20 28 35 21 30 33 32 10 10 21 33 6 6 33 32 30 30 28 16 5 35 28 23 30 35
split_gain=575388 1.71267e+06 1.57193e+06 1.9645e+06 1.47326e+06 1.41651e+06 1.48363e+06 1.40036e+06 1.79112e+06 2.37679e+06 1.31358e+06 2.77193e+06 1.29814e+06 1.08897e+06 1.02398e+06 1.60721e+06 983887 1.5531e+06 1.26888e+06 982198 976309 861539 1.16879e+06 1.03309e+06 849846 1.2089e+06 1.20575e+06 804929 1.28945e+06 3.53535e+06 1.52924e+06 1.39982e+06 1.09031e+06 2.78806e+06 1.6602e+06 784792 1.09731e+06 891867 1.0185e+06 880589 766328 1.16662e+06 796251 779147 1.67158e+06 743372 739718 1.30088e+06 1.0892e+06 1.30416e+06 2.17989e+06 1.7064e+06 1.20116e+06 1.7553e+06 966839 882975 794461 722922 3.2225e+06 3.30499e+06 844664 2.87271e+06
threshold=2679.2857142857147 7415.0000000000009 9686.4000000000015 8715.0000000000018 481.66666666666669 8595.0000000000018 -7211.2599999999993 875.89285714285722 1364.464285714286 1130.714285714286 2304.6428571428573 24.500000000000004 12245.000000000002 1371.6666666666667 -3301.5966666666668 -2692.9166666666665 97.527500000000003 1948.3928571428573 1.0000000180025095e-35 1234.2857142857144 2513.9500000000003 971.1400000000001 -83.409642857142941 18.500000000000004 1074.464285714286 2205.4039285714289 2751.6666666666674 44715.000000000007 52675.400000000009 -392.85696428571424 15962.340000000002 24958.645000000004 29655.000000000004 1250.5337500000003 27265.000000000004 -77.674642857142871 2602.8571428571436 -3516.3342857142852 56880.000000000007 19447.285000000003 1674.6428571428573 23485.000000000004 778.92857142857156 1413.5714285714287 705.00000000000011 4585.0000000000009 1674.6428571428573 506.60714285714295 1275.0000000000002 -808.9799999999999 606.607142857143 455.78285714285721 23485.000000000004 19265.000000000004 22105.000000000004 1251.4883333333335 925.00000000000011 161154.62500000003 43870.000000000007 1534.1071428571429 7955.0000000000009 42667.910000000011
decision_type=2 2 2 2 2 2 2 2 2 2 2 2 2 2 2 2 2 2 2 2 2 2 2 2 2 2 2 2 2 2 2 2 2 2 2 2 2 2 2 2 2 2 2 2 2 2 2 2 2 2 2 2 2 2 2 2 2 2 2 2 2 2
left_child=2 -2 3 5 -3 6 -1 -5 19 -10 13 20 -7 40 45 -16 18 -18 35 -9 -12 22 -11 -24 25 -19 -26 28 32 -30 -31 -32 34 -34 46 37 -37 39 -39 -6 41 42 -4 -42 -45 -8 57 54 49 50 -49 -52 53 -51 -48 -56 -53 60 59 -59 -17 -62
right_child=1 4 10 7 16 12 14 8 9 21 11 -13 -14 -15 15 27 17 24 -20 -21 -22 -23 23 -25 26 -27 -28 -29 29 30 31 -33 33 -35 -36 36 -38 38 -40 -41 43 -43 -44 44 -46 -47 47 48 -50 52 51 56 -54 -55 55 -57 -58 58 -60 -61 61 -63
leaf_value=-13.061678023936736 22.189417949867021 19.313352823419823 -6.492450652037066 -6.8040205086770911 21.526684021572251 -25.184865389302221 20.358438882362833 9.2921855334040266 21.332881268181907 -18.643410395136002 -15.784368624119438 -34.726938991569874 -1.3826680435196221 9.3503363490849214 -7.5714136790359383 -0.14533197064775921 -21.749116397353845 -4.6607057170153352 -8.2991633288446884 27.658941602745337 0.25821352665543501 8.8577012703227798 9.0576903813244503 -10.34069352085459 -20.710129212113454 17.991735166401263 1.9367423394503758 -12.462014855523162 31.982725774215723 -12.487013288867146 22.266597244653219 -4.1764902656593277 8.4743173749259366 -27.090143554096439 16.72236692927633 4.1707276371798576 20.709009726965462 1.3692428531842125 -15.166951788647893 2.6416282410971301 8.4697239785926879 6.5090958309920843 -19.477721437660701 -19.179158564395681 5.0852110528527366 1.5473611600333816 1.0204396752983673 21.775437840191792 3.814656067236561 -5.1829545024294941 15.036764880401325 -7.5955070295441844 -21.111627309708595 8.2990993644053219 -5.7859226802457027 -24.09444168497383 4.3172970389672667 0.44250695722164535 12.292920797349536 -32.080345559495761 0.71061624390791511 11.983463586611688
leaf_weight=88 41 44 166 69 41 43 42 55 64 43 60 41 49 72 285 29927 45 52 100 62 103 68 64 48 41 43 55 52 47 56 40 40 40 49 59 130 58 402 41 62 81 51 66 46 74 42 48 51 345 844 58 181 41 109 47 60 81 64 63 61 5911 235
leaf_count=88 41 44 166 69 41 43 42 55 64 43 60 41 49 72 285 29927 45 52 100 62 103 68 64 48 41 43 55 52 47 56 40 40 40 49 59 130 58 402 41 62 81 51 66 46 74 42 48 51 345 844 58 181 41 109 47 60 81 64 63 61 5911 235
internal_value=-0.0708446 2.12976 -0.133931 -0.0473215 1.39051 -0.124902 -0.0956322 6.35826 8.60684 4.35399 -4.63857 -11.501 -12.5153 -2.11987 -0.0662668 -0.0901549 0.652626 -5.04714 2.26572 19.0327 -5.65003 -0.52254 -4.6393 0.743148 -1.10743 5.59652 -7.74105 -0.0347772 -0.0179572 8.35506 0.180828 9.05064 -0.0580023 -11.1103 -0.0322274 3.70555 9.27714 1.78645 -0.162723 10.1658 -3.82698 -7.17995 -10.19 0.894458 -4.2202 10.9595 -0.0581772 -2.00039 -1.20508 -2.47391 2.5853 -0.476036 -4.36224 -3.64058 -10.7711 -16.0589 -3.9124 0.0417185 -6.14243 -15.4351 0.0739567 1.14174
internal_weight=41446 1155 40291 39531 1114 39058 38966 473 404 287 760 204 92 556 38878 38794 1070 236 834 117 163 223 155 112 191 95 96 38509 38457 183 136 80 38274 89 38185 734 188 546 443 103 484 283 232 201 120 84 38126 1865 1710 1365 371 320 994 953 155 107 262 36261 188 125 36073 6146
internal_count=41446 1155 40291 39531 1114 39058 38966 473 404 287 760 204 92 556 38878 38794 1070 236 834 117 163 223 155 112 191 95 96 38509 38457 183 136 80 38274 89 38185 734 188 546 443 103 484 283 232 201 120 84 38126 1865 1710 1365 371 320 994 953 155 107 262 36261 188 125 36073 6146
is_linear=0
shrinkage=0.1


Tree=93
num_leaves=63
num_cat=0
split_feature=33 33 17 17 13 13 26 5 28 25 32 9 28 33 1 32 20 33 16 33 28 19 34 13 7 24 32 17 8 26 20 26 26 25 32 33 24 26 26 22 9 20 32 9 18 16 30 18 33 10 2 9 22 10 16 24 25 17 17 29 22 33
split_gain=600065 5.35325e+06 3.62111e+06 2.8601e+06 1.88061e+06 1.07079e+06 1.29151e+06 1.02506e+06 1.01513e+06 960368 1.1843e+06 1.00991e+06 1.6451e+06 1.21506e+06 1.06015e+06 904708 1.02115e+06 850490 751473 731536 707643 900053 722649 636016 868663 631046 599371 589204 580161 577167 4.02773e+06 1.29401e+06 1.50228e+06 1.57289e+06 1.12191e+06 1.74478e+06 1.25131e+06 1.04493e+06 1.04877e+06 972558 814357 796271 994984 928733 790258 731138 1.15686e+06 748518 975761 743237 638252 1.28626e+06 1.34352e+06 672846 948582 617050 666483 1.24672e+06 1.76965e+06 5.68772e+06 1.12847e+06 2.17527e+06
threshold=1429.464285714286 1489.8214285714287 -1.0000000180025095e-35 -1.0000000180025095e-35 190.40500000000003 322.02500000000003 12275.000000000002 1862.4300000000001 44295.000000000007 -1475.7339285714286 560.71428571428589 -6387.1899999999987 47855.000000000007 1008.7500000000001 2.5000000000000004 1054.4400000000003 -984.2299999999999 810.08785714285727 3738.3333333333335 1760.3571428571431 69245.000000000015 1442.899285714286 5.5000000000000009 813.74500000000012 -488.32499999999993 1983.0357142857144 263.57142857142861 1371.6666666666667 -239.99499999999998 6665.0000000000009 -2085.6414285714277 7215.0000000000009 7095.6800000000012 -124.3 905.00000000000011 714.46428571428589 1322.3214285714287 6425.0000000000009 6354.6200000000008 2063.9042857142863 425.00000000000006 -1242.0521428571424 875.00000000000011 -398.50499999999994 839.28571428571433 540.12666666666678 5325.0000000000009 1383.5714285714287 651.96428571428589 735.00000000000011 1.0000000180025095e-35 -719.7149999999998 -610.09499999999991 9375.0000000000018 5302.336666666667 2212.3214285714289 1.5026785714285733 -2322.6166666666663 -2053.9616666666666 28774.620000000003 534.48392857142869 941.96428571428589
decision_type=2 2 2 2 2 2 2 2 2 2 2 2 2 2 2 2 2 2 2 2 2 2 2 2 2 2 2 2 2 2 2 2 2 2 2 2 2 2 2 2 2 2 2 2 2 2 2 2 2 2 2 2 2 2 2 2 2 2 2 2 2 2
left_child=9 2 -2 5 -5 -3 15 8 27 10 -1 12 13 14 17 26 -17 28 -8 -20 29 22 -22 24 -16 -15 -7 -6 -11 30 -13 32 41 -34 35 36 -33 38 55 50 -40 42 -31 -44 -39 -43 -47 -48 -49 -50 53 52 -52 -36 -55 56 60 -58 59 -59 -32 -62
right_child=1 3 -4 4 7 6 18 -9 -10 11 -12 20 -14 25 23 16 -18 -19 19 -21 21 -23 -24 -25 -26 -27 -28 -29 -30 31 37 34 33 -35 39 -37 -38 44 40 -41 -42 45 43 -45 -46 46 47 48 49 -51 51 -53 -54 54 -56 -57 57 58 -60 -61 61 -63
leaf_value=-22.328980740935965 3.9105432081547407 15.567922464562725 36.445600853121093 -25.805268822156748 -11.468190435890074 9.4942820904461112 4.6019717293297679 -16.465582850487717 11.599030092241406 -0.059298774651286072 0.095106253500287077 22.845614190379603 -19.055532634942772 16.452841334708125 -14.644872003001945 23.034538563205984 4.2583207809359314 -22.934855006636884 0.11151236552308628 -15.297286869133481 22.308440276997711 -3.7509057378442003 4.8606175256382178 8.9530884843336267 2.3622796504774559 -0.19799095271852973 -6.3509328688371616 3.2541252014991517 -15.119752273819371 -21.84045804659165 0.32338309753775002 12.565810758220486 -0.89222069566014417 -25.085645111396126 -0.91186323557562021 22.303612377641425 -10.140509386530198 -3.0601666389232638 -1.5705980507637625 -13.431233064003862 -19.548241922336864 8.4578488443230366 4.0826492471835536 -14.846468215671417 8.5519192702136362 -14.056975507778754 -5.7018833209350808 18.040080100432586 10.497195145491506 -7.0333426585654371 22.958947621206068 0.21708189301099359 1.8722298857527471 -13.558588653615553 4.4257260121856943 -10.694761467159751 -9.8121382348584234 -0.064196555205278213 -0.2547079811636157 42.406589243966692 4.234108178673444 -10.110105134749926
leaf_weight=43 66 68 71 53 71 41 67 56 47 61 52 78 67 45 47 56 60 44 55 70 43 51 53 56 83 46 57 44 44 44 11567 44 44 69 1850 55 54 77 53 59 48 72 61 45 245 70 111 42 40 61 55 666 67 97 42 53 135 136 22117 41 1448 114
leaf_count=43 66 68 71 53 71 41 67 56 47 61 52 78 67 45 47 56 60 44 55 70 43 51 53 56 83 46 57 44 44 44 11567 44 44 69 1850 55 54 77 53 59 48 72 61 45 245 70 111 42 40 61 55 666 67 97 42 53 135 136 22117 41 1448 114
internal_value=0.0350776 2.6154 20.779 -0.725912 -8.91939 3.95898 2.01294 -4.80911 -0.775849 -0.021126 -10.0611 0.00249515 -4.49561 -2.20369 -4.98721 7.35446 13.3288 -11.271 -3.94097 -8.52004 0.0580692 6.98232 12.6834 0.0481951 -3.78969 8.0404 0.279598 -5.83629 -6.37459 0.03246 0.153557 -1.16627 -5.17718 -15.6698 -0.281895 8.05778 0.0553231 0.104405 0.053267 -0.73195 -10.1199 -3.00439 -9.208 -3.95646 5.77506 -0.653654 -2.67944 0.45823 5.24021 -0.0887472 -0.461903 1.9466 11.3841 -1.41613 -8.12481 0.0821345 0.0982129 -0.233022 -0.174994 9.78284 0.664079 3.18693
internal_weight=41377 882 137 745 271 474 406 218 162 40495 95 40400 493 426 335 214 116 149 192 125 39907 147 96 186 130 91 98 115 105 39760 36112 3648 659 113 2989 153 98 36034 35712 2836 101 546 150 106 322 396 324 254 143 101 2777 788 122 1989 139 35611 35558 22429 22294 177 13129 1562
internal_count=41377 882 137 745 271 474 406 218 162 40495 95 40400 493 426 335 214 116 149 192 125 39907 147 96 186 130 91 98 115 105 39760 36112 3648 659 113 2989 153 98 36034 35712 2836 101 546 150 106 322 396 324 254 143 101 2777 788 122 1989 139 35611 35558 22429 22294 177 13129 1562
is_linear=0
shrinkage=0.1


Tree=94
num_leaves=63
num_cat=0
split_feature=28 21 29 18 22 18 30 9 21 30 22 22 35 4 22 28 28 22 30 21 22 24 28 25 33 24 30 18 13 25 21 33 28 35 9 25 22 33 20 11 32 35 16 10 33 22 19 4 17 28 20 34 26 20 29 33 30 26 33 21 19 22
split_gain=755515 2.83119e+06 1.41555e+06 1.34418e+06 1.71286e+06 1.57935e+06 1.26958e+06 1.46013e+06 1.40179e+06 1.29314e+06 2.07199e+06 1.94688e+06 1.15797e+06 2.65287e+06 1.60311e+06 1.44718e+06 1.34171e+06 5.55026e+06 6.75066e+06 1.17822e+06 1.16598e+06 2.32345e+06 1.37884e+06 1.58483e+06 1.79421e+06 1.5677e+06 1.4073e+06 1.23791e+06 1.14137e+06 1.10952e+06 1.09131e+06 1.4169e+06 1.13785e+06 1.07497e+06 1.061e+06 1.08299e+06 1.05906e+06 964231 940209 2.00152e+06 938073 933209 916401 1.10364e+06 2.41421e+06 6.18913e+06 2.42485e+06 1.11385e+06 1.02357e+06 1.35528e+06 1.0185e+06 957468 927445 3.04286e+06 1.59803e+06 1.12028e+06 915832 1.09351e+06 1.18354e+06 1.01002e+06 969638 908351
threshold=17085.000000000004 160.98714285714289 11454.465000000002 772.14285714285722 -1118.9457142857138 790.71428571428589 44715.000000000007 -488.32499999999993 3102.5000000000005 38544.735000000008 -1696.8382142857138 -455.83535714285716 22401.800000000003 29.500000000000004 -550.99071428571426 8295.0000000000018 8125.0000000000009 -86.968214285714296 945.00000000000011 2367.5000000000005 125.15464285714287 1670.5062500000001 6135.0000000000009 264.33857142857147 591.25000000000011 1499.3994642857144 1745.0000000000002 1425.0000000000002 725.00000000000011 400.37482142857158 476.54714285714289 218.1319642857143 16525.000000000004 7175.6150000000007 -649.43999999999994 26.420178571428579 178.33714285714288 126.25000000000001 -468.03857142857152 621.73500000000013 147.85714285714289 25225.705000000005 763.9433333333335 260.96000000000009 975.38107142857154 -842.2710714285713 1.0000000180025095e-35 29.500000000000004 -93.3333333333333 41575.000000000007 -2425.9364285714282 22.500000000000004 1405.0000000000002 -703.58142857142855 22555.000000000004 160.17857142857147 1385.0000000000002 2455.0000000000005 572.65232142857155 974.85571428571438 705.00000000000011 461.11071428571432
decision_type=2 2 2 2 2 2 2 2 2 2 2 2 2 2 2 2 2 2 2 2 2 2 2 2 2 2 2 2 2 2 2 2 2 2 2 2 2 2 2 2 2 2 2 2 2 2 2 2 2 2 2 2 2 2 2 2 2 2 2 2 2 2
left_child=2 -2 12 4 -4 33 9 8 -8 42 -11 -12 15 14 28 16 37 18 -18 20 21 27 26 24 41 29 -22 -16 -14 -25 36 32 34 -5 38 -36 -6 -1 39 -32 -34 -24 43 44 46 -46 -3 50 49 -48 -45 -52 53 -44 55 -55 59 58 61 60 -17 -58
right_child=1 6 3 5 30 -7 7 -9 -10 10 11 -13 13 -15 19 56 17 -19 -20 -21 22 -23 23 25 -26 -27 -28 -29 -30 -31 31 -33 40 -35 35 -37 -38 -39 -40 -41 -42 -43 52 47 45 -47 48 -49 -50 -51 51 -53 -54 54 -56 -57 57 -59 -60 -61 -62 -63
leaf_value=-0.82321645275170374 24.347811464274489 -22.114548121096608 20.509394885413574 29.423746214258244 2.1022423287004415 3.5091610254034835 26.88180177456697 -5.0945326830838233 2.7364053091856739 4.7910681250358174 -33.463427842271706 -5.4694820489407032 0.35231034068132611 27.47426724564307 -2.6894274715774413 -3.3344777198003444 46.859804377137984 -4.3465269952125984 -3.2582435633587914 18.714076733774405 2.7304319487074795 -24.460408701555689 -1.584510918103309 0.66828390464312393 29.792007490217841 -11.118626981665784 -12.229414913051992 16.327432682859769 -23.382907831886659 19.163279460137922 28.701755726523505 -3.5845212426184858 1.5614196922597519 6.6450466557523802 3.2999831528234895 -5.13650368541375 14.265373342656488 1.12171161256271 -0.027490630486089615 0.12090597752924569 22.39382407404285 16.323543424700176 23.192990019270855 -15.783886260109824 43.922464693472151 -8.241580254111863 1.8570753181990725 -16.994166219551175 -2.2892468661063727 15.771020504552077 -1.6995786581218564 3.8250862832974089 -0.041871893905202975 -11.843633003444751 7.4778592222192319 1.7171946406148557 0.17897780102804575 -3.230216755933522 17.995697324374198 -9.5404193501633081 4.927954766227348 13.997013620638825
leaf_weight=4753 46 47 42 40 335 1693 53 50 44 63 46 54 40 42 206 1486 61 163 48 45 547 44 52 77 59 59 71 41 41 56 48 956 40 43 283 329 91 5497 90 50 47 66 73 50 44 47 881 47 606 76 7686 327 10056 109 218 138 1580 955 40 236 157 49
leaf_count=4753 46 47 42 40 335 1693 53 50 44 63 46 54 40 42 206 1486 61 163 48 45 547 44 52 77 59 59 71 41 41 56 48 956 40 43 283 329 91 5497 90 50 47 66 73 50 44 47 881 47 606 76 7686 327 10056 109 218 138 1580 955 40 236 157 49
internal_value=0.00552618 -0.419986 0.435241 2.10106 0.511209 4.16975 -0.475045 8.78366 15.9364 -0.541239 -9.41147 -18.357 0.0218914 2.72463 1.9833 -0.238227 0.403803 7.33513 24.7981 2.81956 2.25918 -3.3032 3.89924 8.73583 15.5601 2.44227 1.01089 0.469863 -11.6688 8.45996 0.14059 -0.913819 1.96467 17.6339 0.783187 -1.23536 4.70185 0.219834 7.35281 14.1272 12.8222 8.43449 -0.470358 -1.16674 1.14911 16.9908 0.253203 -1.65247 0.926499 2.96282 -1.56294 -1.4741 0.174555 4.21952 1.2387 -4.2683 -1.73843 -0.531594 1.0126 -3.42369 -2.54482 0.595042
internal_weight=41319 20761 20558 4087 2311 1776 20715 147 97 20568 163 100 16471 1446 1404 15025 10522 272 109 1323 1278 291 987 369 177 192 618 247 81 133 2269 1843 887 83 800 612 426 10250 188 98 87 118 20405 9811 1701 91 1610 8110 1563 957 8063 8013 10594 538 465 247 4503 2624 1669 1879 1643 1629
internal_count=41319 20761 20558 4087 2311 1776 20715 147 97 20568 163 100 16471 1446 1404 15025 10522 272 109 1323 1278 291 987 369 177 192 618 247 81 133 2269 1843 887 83 800 612 426 10250 188 98 87 118 20405 9811 1701 91 1610 8110 1563 957 8063 8013 10594 538 465 247 4503 2624 1669 1879 1643 1629
is_linear=0
shrinkage=0.1


Tree=95
num_leaves=63
num_cat=0
split_feature=35 29 29 28 23 0 28 16 16 28 22 28 29 30 35 24 33 34 22 35 0 34 34 17 20 35 35 33 15 26 32 33 0 30 0 22 24 35 29 29 24 29 22 17 33 33 33 13 32 19 34 23 0 12 33 32 22 28 23 30 23 35
split_gain=625019 2.01227e+06 8.17308e+06 747480 979579 975278 712850 1.93676e+06 1.89379e+06 1.56374e+06 1.4269e+06 1.26532e+06 874755 831134 1.16898e+06 761724 1.47438e+06 2.15857e+06 2.00412e+06 3.03508e+06 1.4961e+06 1.40384e+06 2.10052e+06 6.55152e+06 1.32421e+06 1.25784e+06 2.48169e+06 4.91692e+06 1.33562e+06 1.24818e+06 1.54733e+06 1.21601e+06 1.04644e+06 1.34994e+06 1.0212e+06 1.01371e+06 1.01251e+06 1.48958e+06 7.22704e+06 1.24873e+06 1.05474e+06 1.0264e+06 1.02075e+06 1.4794e+06 1.3092e+06 1.17323e+06 1.12821e+06 1.36042e+06 1.22113e+06 1.56136e+06 1.02699e+06 887725 868769 968652 1.0333e+06 948648 896099 849386 828895 1.35234e+06 1.23476e+06 767414
threshold=1.0000000180025095e-35 40732.455000000009 60845.000000000007 11585.000000000002 574.82142857142867 16.500000000000004 29355.000000000004 1.0000000180025095e-35 197.29000000000002 28525.000000000004 -486.15107142857136 28655.000000000004 32045.000000000004 6755.0000000000009 31317.150000000005 936.46553571428581 257.46892857142865 12.500000000000002 -806.03892857142853 23036.735000000004 6.5000000000000009 18.500000000000004 13.500000000000002 -1036.6316666666664 -827.48071428571427 76700.345000000016 54286.910000000011 44.821428571428577 10193.333333333336 5235.0000000000009 572.11642857142863 75.906607142857155 26.500000000000004 10061.740000000002 14.500000000000002 1287.9178571428574 1075.8146428571433 43789.220000000008 10872.085000000001 631.5100000000001 1031.5182142857145 2355.0000000000005 1396.3385714285716 14258.333333333334 413.39285714285717 278.02125000000007 567.32142857142867 805.00000000000011 613.57142857142878 956.21928571428577 1.5000000000000002 1080.1785714285718 1.5000000000000002 322.02500000000003 448.75000000000006 884.67000000000019 -73.516071428571394 39565.000000000007 1064.464285714286 8873.1300000000028 894.46428571428589 183683.19000000003
decision_type=2 2 2 2 2 2 2 2 2 2 2 2 2 2 2 2 2 2 2 2 2 2 2 2 2 2 2 2 2 2 2 2 2 2 2 2 2 2 2 2 2 2 2 2 2 2 2 2 2 2 2 2 2 2 2 2 2 2 2 2 2 2
left_child=1 3 -3 4 5 -1 9 -8 -9 12 11 -11 -2 14 -13 25 17 18 19 -17 -20 22 36 -24 -25 26 28 -28 29 30 31 51 33 34 -26 -32 37 41 -39 -38 -40 -18 45 44 -44 -41 48 50 49 -46 -48 -10 -47 54 56 -56 -54 58 59 -43 -61 -55
right_child=6 2 -4 -5 -6 -7 7 8 15 10 -12 13 -14 -15 -16 16 21 -19 20 -21 -22 -23 23 24 32 -27 27 -29 -30 -31 35 -33 -34 -35 -36 -37 39 38 40 42 -42 57 43 -45 46 52 47 -49 -50 -51 -52 -53 53 61 55 -57 -58 -59 -60 60 -62 -63
leaf_value=-5.8360485652727352 0.11717508710045677 51.057829675186298 -7.881986755451333 -6.6851572378613815 15.80347100328375 4.6824829159852248 -15.33032646701278 20.091033607985192 -23.624802743316891 23.36186775819224 1.6137972887419185 -2.6634629070729328 10.098963602316239 18.543086724897424 17.525131418940131 6.5695857006474201 12.191714424563038 -10.662070147732805 14.887648134749805 38.165653287946355 -0.95845889613444746 -14.586179998597698 41.8777927945955 -14.263905116006089 12.770893582312665 6.6297850578644884 6.7802121635186117 -38.955478214243129 9.2323268652099237 12.515483020439531 -28.588374030314181 -1.5480782642368707 -8.9615528926468322 19.500314870419459 -7.206635507006415 -7.1739339986279163 -17.44863688062431 -49.216090132562123 13.635122431189211 -15.350387424604122 -8.8989984915404605 5.4527887302689191 11.847225480620004 -12.088198973020187 0.062006511009614823 10.229862380921221 23.860303100179493 -2.6355667114350907 6.5130271327753384 -22.745644407278839 6.6906414963370295 -5.5716476995646307 12.281869366166958 -0.25399501662927904 -10.72635349429898 -1.445271924281553 -7.0969167909372164 -14.855442999905193 -0.47575795802127563 -4.8616323552148666 -29.256962553621364 -12.953832557273333
leaf_weight=137 30320 40 57 107 50 247 90 44 45 62 467 101 88 46 40 86 45 77 80 47 233 72 47 45 44 122 41 55 87 45 41 681 45 65 61 48 43 40 42 55 41 40 176 59 66 72 45 128 67 55 154 69 59 4875 262 190 40 59 495 42 41 48
leaf_count=137 30320 40 57 107 50 247 90 44 45 62 467 101 88 46 40 86 45 77 80 47 233 72 47 45 44 122 41 55 87 45 41 681 45 65 61 48 43 40 42 55 41 40 176 59 66 72 45 128 67 55 154 69 59 4875 262 190 40 59 495 42 41 48
internal_value=0.0721001 3.17763 16.4368 0.798983 2.64472 0.929493 0.0233346 -0.734438 -0.59489 0.25485 4.87394 10.9868 0.146079 6.87863 3.06794 -0.692084 -0.341135 4.79473 7.46418 17.7453 3.09338 -0.693758 -0.561108 7.5399 1.32579 -3.00726 -4.06482 -19.4291 -2.61219 -3.72186 -4.54909 -3.14867 4.59133 8.18047 1.16695 -17.0496 -0.904715 -4.15787 -14.3279 -0.474764 2.50509 -2.42442 -0.359704 3.10468 4.40269 -0.823625 1.85762 5.40625 -4.31451 -10.3102 10.5783 -12.7052 -0.679424 -0.823008 -4.79903 -6.82562 4.45238 -3.39679 -2.30171 -9.64686 -16.9228 -0.377952
internal_weight=41271 638 97 541 434 384 40633 9509 9419 31124 716 249 30408 187 141 9375 8141 523 446 133 313 7618 7546 307 260 1234 1112 96 1016 929 884 795 215 170 105 89 7239 845 123 6394 83 722 6351 750 691 5601 515 327 188 121 199 114 5546 5474 551 452 99 677 618 123 83 4923
internal_count=41271 638 97 541 434 384 40633 9509 9419 31124 716 249 30408 187 141 9375 8141 523 446 133 313 7618 7546 307 260 1234 1112 96 1016 929 884 795 215 170 105 89 7239 845 123 6394 83 722 6351 750 691 5601 515 327 188 121 199 114 5546 5474 551 452 99 677 618 123 83 4923
is_linear=0
shrinkage=0.1


Tree=96
num_leaves=63
num_cat=0
split_feature=22 17 25 4 33 25 17 29 32 25 30 22 26 4 4 26 32 30 19 17 21 21 0 24 25 30 30 30 19 23 23 20 22 33 24 22 21 33 33 24 25 5 32 21 9 24 29 0 26 33 26 21 23 33 24 21 26 21 25 25 26 25
split_gain=545350 1.65432e+06 1.28279e+06 1.35372e+06 2.30916e+06 3.08304e+06 1.32557e+06 892533 1.00535e+06 869637 809807 1.82999e+06 1.13085e+06 1.02884e+06 2.09366e+06 1.19745e+06 1.71406e+06 1.18994e+06 1.08558e+06 1.06513e+06 866439 2.01568e+06 839687 839363 1.23848e+06 825670 2.18121e+06 1.09427e+06 811216 1.10895e+06 1.13329e+06 826680 736967 781776 914235 1.16609e+06 761241 745420 835050 734247 708745 1.46544e+06 1.52231e+06 1.24339e+06 944899 717196 708623 928833 1.03808e+06 1.19197e+06 702718 934694 865139 954049 1.04041e+06 1.62261e+06 1.10387e+06 809273 1.14243e+06 1.31314e+06 1.16885e+06 967612
threshold=305.66928571428576 2455.0000000000005 -67.861428571428561 13.500000000000002 941.96428571428589 -135.58321428571421 -209.99999999999991 41782.280000000006 1977.8571428571431 -110.37482142857151 20015.000000000004 949.82642857142866 7945.0000000000009 14.500000000000002 10.500000000000002 3635.0000000000005 640.71428571428589 2975.0000000000005 914.45571428571441 1615.0000000000002 1348.9285714285718 1563.9285714285718 26.500000000000004 1486.5164285714288 149.8721428571429 7345.0000000000009 7875.0000000000009 10380.000000000002 411.89571428571435 1706.2500000000002 2079.4642857142862 677.04071428571444 517.92571428571421 249.10714285714286 2156.2500000000005 1850.9525000000001 1715.3571428571431 1125.1785714285718 469.10714285714295 909.66375000000005 433.92982142857153 -649.43999999999994 182.14285714285717 1094.6428571428573 -459.52999999999992 130.57339285714289 15885.000000000002 12.500000000000002 3395.0000000000005 273.01250000000005 1365.0000000000002 900.07464285714298 1514.8214285714287 897.32142857142867 1222.1482142857146 1227.4882142857143 5085.0000000000009 747.88607142857154 385.83892857142865 303.38107142857143 955.00000000000011 199.02571428571426
decision_type=2 2 2 2 2 2 2 2 2 2 2 2 2 2 2 2 2 2 2 2 2 2 2 2 2 2 2 2 2 2 2 2 2 2 2 2 2 2 2 2 2 2 2 2 2 2 2 2 2 2 2 2 2 2 2 2 2 2 2 2 2 2
left_child=1 -1 3 4 5 -2 7 8 50 -3 13 12 -12 14 15 18 -17 20 19 -8 23 -22 -20 40 -25 46 -27 -28 -16 31 -31 -30 -5 -34 35 37 -36 38 39 -35 43 -42 -43 45 -45 -15 47 48 49 -19 57 -52 -53 54 56 -56 -54 -4 59 61 -60 -59
right_child=2 9 6 32 -6 -7 10 -9 -10 -11 11 -13 -14 17 28 16 -18 25 22 -21 21 -23 -24 24 -26 26 27 -29 29 30 -32 -33 33 34 36 -37 -38 -39 -40 -41 41 42 -44 44 -46 -47 -48 -49 -50 -51 51 52 53 -55 55 -57 -58 58 60 -61 -62 -63
leaf_value=-0.073968939437268941 41.165153164924511 -18.551101629347283 -1.1603309450386006 -1.869248407774375 -2.4825397872674007 7.416993536678266 2.8039930389530694 -12.543604044360807 12.329343679462601 -2.5148554993280814 7.7938640791765783 -8.5544414577789745 26.964110086874225 -4.7743549215407004 0.61322293970521424 -20.802766862916908 3.6510935160881375 3.3210791251483784 20.945668578381841 -13.575944581956676 -13.117424558410884 5.1628005848073064 1.9762202849846506 -3.043312267117495 18.916565358972658 -18.483663836510583 16.01083182625629 -1.548774218836686 -9.9903084449026984 10.243620464354589 -12.726777164923 -23.989439389746668 10.848268234033059 6.3923179502800638 19.972883322877916 -12.707672260868451 2.9435662876312518 -6.9374658606913489 5.7265346430312523 -3.2992126774006874 -11.027014906218882 5.3789988798075159 26.361246731873948 -0.71947839482677711 -15.933038775716419 2.0479845215139689 21.06061595728395 -2.2675269571854249 3.9776844633579866 24.650207187547881 1.8553512181781582 -3.0734285337083662 4.8441923856560578 -10.182242521964509 22.971125752415144 3.4785108764640826 -12.106317434239113 -3.0317031033699307 -6.2885668771827561 9.9514963688565317 -28.193318475611008 -15.826286419516336
leaf_weight=29735 43 73 1228 351 76 73 510 65 58 63 115 53 42 168 92 54 61 40 56 43 128 114 40 42 66 44 69 73 137 45 41 61 124 111 52 54 53 79 534 264 40 161 44 91 74 1855 44 74 118 76 1440 1194 81 58 52 238 73 254 58 61 42 77
leaf_count=29735 43 73 1228 351 76 73 510 65 58 63 115 53 42 168 92 54 61 40 56 43 128 114 40 42 66 44 69 73 137 45 41 61 124 111 52 54 53 79 534 264 40 161 44 91 74 1855 44 74 118 76 1440 1194 81 58 52 238 73 254 58 61 42 77
internal_value=0.100713 -0.124308 0.687032 3.12679 11.0657 19.9395 0.228393 -0.9068 -0.752747 -11.1262 1.43844 7.50636 12.9292 1.15271 -1.43927 1.56717 -7.8356 2.04247 3.23379 1.52921 1.21014 -4.50677 13.0469 1.75469 10.3791 6.34744 0.957778 6.98631 -7.5475 -10.1908 -0.708357 -14.3082 2.18673 3.30686 2.49113 1.59464 11.3827 2.37696 3.18681 -0.430037 1.37165 6.47161 9.88786 0.800447 -7.54532 1.48132 9.19484 7.49657 10.5842 17.3 -0.909126 -0.0182191 -1.609 1.87408 3.44999 6.97711 -3.19208 -2.53343 -5.96011 -3.52527 -15.4981 -6.01004
internal_weight=41335 29871 11464 1814 192 116 9650 4979 4914 136 4671 210 157 4461 1140 764 115 3321 649 553 2783 242 96 2541 108 538 186 142 376 284 86 198 1622 1271 1147 1042 105 988 909 375 2433 245 205 2188 165 2023 352 308 234 116 4856 3136 1696 502 444 290 154 1720 492 392 100 331
internal_count=41335 29871 11464 1814 192 116 9650 4979 4914 136 4671 210 157 4461 1140 764 115 3321 649 553 2783 242 96 2541 108 538 186 142 376 284 86 198 1622 1271 1147 1042 105 988 909 375 2433 245 205 2188 165 2023 352 308 234 116 4856 3136 1696 502 444 290 154 1720 492 392 100 331
is_linear=0
shrinkage=0.1


Tree=97
num_leaves=63
num_cat=0
split_feature=7 20 9 30 10 29 19 30 34 35 25 30 28 20 6 17 22 30 35 32 22 28 28 17 17 35 30 20 33 35 30 24 30 4 33 30 0 35 29 28 30 28 19 33 9 28 31 19 35 24 25 25 12 11 6 11 28 33 29 24 33 30
split_gain=648508 611244 1.40808e+06 820941 798873 658460 2.7874e+06 1.56024e+06 1.38158e+06 1.66756e+06 2.56313e+06 1.237e+06 2.46983e+06 2.30054e+06 1.60157e+06 1.43912e+06 1.56061e+06 1.27581e+06 912972 860378 770894 768100 3.09002e+06 2.24544e+07 3.3747e+06 1.2694e+06 1.24931e+06 1.27726e+06 1.14326e+06 2.14019e+06 2.63835e+06 2.18351e+06 1.49036e+06 1.1345e+06 1.45201e+06 1.67256e+06 1.3158e+06 1.5022e+06 1.08974e+06 4.71616e+06 1.74381e+06 1.7759e+06 1.6372e+06 997433 973363 960013 910596 1.14383e+06 1.11343e+06 840640 1.09746e+06 964372 804609 745455 902273 1.28674e+06 768998 907920 1.37892e+06 714871 699762 699431
threshold=-12235.784999999998 -3516.3342857142852 -719.7149999999998 52175.000000000007 813.74500000000012 46340.000000000007 361.63714285714292 29655.000000000004 10.500000000000002 7615.9400000000014 -754.76267857142841 29655.000000000004 47855.000000000007 -658.52928571428561 -509.62499999999994 1371.6666666666667 68.305714285714274 28261.195000000003 26977.480000000003 1439.2857142857144 108.1592857142857 41980.000000000007 41575.000000000007 -1421.3383333333329 -483.33333333333263 26088.510000000006 11405.000000000002 -1000.7114285714284 646.25000000000011 76700.345000000016 13883.835000000001 1549.1071428571429 3799.5850000000005 9.5000000000000018 1054.8214285714287 19265.000000000004 26.500000000000004 12304.585000000001 40732.455000000009 35735.000000000007 24050.000000000004 35975.000000000007 1363.5714285714287 602.19500000000005 -4410.8249999999989 43870.000000000007 2.5000000000000004 1470.3585714285716 35298.930000000008 1414.2994642857145 253.94375000000005 42.87482142857133 894.99500000000012 175.00000000000003 -649.43999999999994 1155.0000000000002 52880.000000000007 293.03571428571433 3965.0000000000005 862.94410714285721 360.89285714285717 19265.000000000004
decision_type=2 2 2 2 2 2 2 2 2 2 2 2 2 2 2 2 2 2 2 2 2 2 2 2 2 2 2 2 2 2 2 2 2 2 2 2 2 2 2 2 2 2 2 2 2 2 2 2 2 2 2 2 2 2 2 2 2 2 2 2 2 2
left_child=-1 2 -2 5 -4 7 -7 21 9 19 -11 12 -12 14 -13 16 -15 18 20 -8 -14 22 38 -24 -25 26 27 -23 43 31 -31 45 -33 34 35 49 -37 -38 40 -40 61 -42 -41 44 -27 -30 47 -34 -49 50 -28 -51 -48 -46 55 -55 57 -56 -59 -58 -60 -3
right_child=1 3 4 -5 -6 6 8 -9 -10 10 11 13 17 15 -16 -17 -18 -19 -20 -21 -22 25 23 24 -26 28 33 -29 29 30 -32 32 46 -35 -36 36 37 -39 39 42 41 -43 -44 -45 53 -47 52 48 -50 51 -52 -53 -54 54 56 -57 59 58 60 -61 -62 -63
leaf_value=-8.5531482410859283 20.004684345729348 -0.051472473900450594 8.2267631132012884 -12.961455861508666 -11.395683615276134 28.477473604723759 -13.736782859116005 -19.327884894517318 -15.177376335054859 28.786720438967674 28.493777594035425 -1.217723451201449 10.284528479193073 10.451274911198569 -24.347795661889496 21.714666714594571 -9.1215926636630122 18.5852679840071 -12.380270160008202 2.5894333729024814 -5.0477531642386362 -28.970263972265798 77.242806631406552 -28.44880582737526 7.5704419591761667 15.68360405810065 7.3965577611621853 -4.1445909679308075 -1.1102791647348598 -36.782396735169279 -2.4116702936111243 20.230651542587367 -16.008768914828803 6.2811572729926084 -22.722340585250944 14.819104915871961 9.2588246635293299 -11.351748149654542 37.848643297440702 -18.066719875730637 -2.8250767180316938 -29.44484988151865 7.4386902444826282 15.502098755069547 -11.093961274530137 -19.291087448651822 15.302533025368369 14.486078042791235 -6.5907949737249893 -8.6657592854294077 -11.890144889955181 -27.91496841350915 -3.0010273720292417 -6.6707452027963345 17.344203256176471 4.960134797376929 5.2061770122579683 -11.232563920274114 -3.9012095810825564 -11.956081486039935 10.579050161197795 3.945465895216401
leaf_weight=89 50 37049 43 49 40 40 85 42 47 41 48 63 79 84 57 42 79 45 46 52 56 43 41 51 53 43 49 40 47 41 49 45 54 92 46 61 61 84 40 41 67 40 65 50 54 76 60 42 62 66 74 43 40 254 64 152 48 48 42 49 162 443
leaf_count=89 50 37049 43 49 40 40 85 42 47 41 48 63 79 84 57 42 79 45 46 52 56 43 41 51 53 43 49 40 47 41 49 45 54 92 46 61 61 84 40 41 67 40 65 50 54 76 60 42 62 66 74 43 40 254 64 152 48 48 42 49 162 443
internal_value=-0.0286049 -0.0101435 6.75685 -0.0321108 -1.23094 -0.0166189 2.71464 -0.0755101 1.46236 2.4698 4.61322 2.95633 7.90493 -1.21627 -12.2101 5.22053 0.96512 3.52672 -0.221188 -7.54125 3.92492 -0.0552865 0.0488398 14.6165 -10.098 -1.89801 -5.54933 -17.0158 -0.274238 -4.07427 -18.0812 -1.11327 3.44834 -3.8957 -5.8306 -4.05418 2.50349 -2.68086 -0.00714184 8.61408 -0.0406303 -12.7855 -2.43043 1.75569 1.00453 -12.3473 0.517817 -4.20812 1.92384 -9.87624 -4.2069 -16.2688 7.98322 0.280647 1.03126 -2.31624 4.32191 6.71241 4.00934 -3.46506 7.59757 -0.0042399
internal_weight=41208 41119 133 40986 83 40937 864 40073 824 777 640 599 274 325 120 205 163 226 181 137 135 40031 37890 145 104 2141 659 83 1482 516 90 426 303 576 484 438 206 145 37745 146 37599 107 106 966 916 123 258 158 104 232 123 109 100 873 819 406 413 316 252 97 204 37492
internal_count=41208 41119 133 40986 83 40937 864 40073 824 777 640 599 274 325 120 205 163 226 181 137 135 40031 37890 145 104 2141 659 83 1482 516 90 426 303 576 484 438 206 145 37745 146 37599 107 106 966 916 123 258 158 104 232 123 109 100 873 819 406 413 316 252 97 204 37492
is_linear=0
shrinkage=0.1


Tree=98
num_leaves=63
num_cat=0
split_feature=33 24 34 33 15 15 33 30 29 24 12 4 2 34 21 29 21 30 28 28 23 28 30 23 24 21 20 30 35 33 21 28 29 16 23 28 35 23 16 28 24 33 26 35 4 4 28 4 33 24 30 28 35 30 35 30 30 18 34 35 35 21
split_gain=680164 6.10467e+06 1.52457e+06 1.41717e+06 2.45873e+06 1.23169e+06 1.09364e+06 819057 803400 709873 591289 768474 1.99344e+06 857131 728981 553926 1.75792e+06 1.38116e+06 9.09602e+06 1.97918e+06 2.19686e+06 1.87359e+06 1.57988e+06 3.30452e+06 1.45175e+06 1.3466e+06 1.42367e+06 1.30766e+06 1.68198e+06 2.81805e+06 2.86411e+06 1.36692e+06 1.22518e+06 1.52813e+06 1.31697e+06 1.41594e+06 1.21094e+06 1.17099e+06 1.01703e+06 957791 1.72537e+06 3.00272e+06 1.91096e+06 1.58149e+06 1.8694e+06 2.77294e+06 4.53928e+06 2.43194e+06 2.40527e+06 1.8314e+06 1.73847e+06 1.58309e+06 2.30696e+06 2.09937e+06 1.3954e+06 1.43014e+06 2.4296e+06 1.39429e+06 1.93304e+06 1.46697e+06 1.8589e+06 1.63993e+06
threshold=1429.464285714286 2069.4642857142862 10.500000000000002 1489.8214285714287 1831.6666666666667 2225.0000000000005 1629.5862500000001 38544.735000000008 29135.000000000004 2427.3214285714289 10715.000000000002 14.500000000000002 1.0000000180025095e-35 4.5000000000000009 2304.6428571428573 21253.160000000003 2613.2142857142858 8745.0000000000018 41575.000000000007 37455.000000000007 1388.214285714286 37090.000000000007 9087.4350000000013 1319.1071428571429 1338.9603571428572 574.35357142857163 -932.87785714285735 2505.0000000000005 17782.895 196.25000000000003 926.55142857142869 32885.000000000007 24015.000000000004 1585.0000000000002 1101.2500000000002 26115.000000000004 1.0000000180025095e-35 803.39285714285722 1116.7333333333336 22815.000000000004 1730.8928571428576 897.32142857142867 6742.6100000000015 20272.260000000006 13.500000000000002 12.500000000000002 33475.000000000007 15.500000000000002 431.80125000000004 1531.518392857143 575.00000000000011 24305.000000000004 10523.220000000003 4955.0000000000009 30501.650000000005 4325.0000000000009 6755.0000000000009 5404.2857142857147 11.500000000000002 22607.355000000007 33146.460000000006 1496.0582142857145
decision_type=2 2 2 2 2 2 2 2 2 2 2 2 2 2 2 2 2 2 2 2 2 2 2 2 2 2 2 2 2 2 2 2 2 2 2 2 2 2 2 2 2 2 2 2 2 2 2 2 2 2 2 2 2 2 2 2 2 2 2 2 2 2
left_child=7 -2 3 4 -3 10 8 9 -7 15 11 12 14 -13 -5 16 39 18 19 21 -21 24 23 -19 25 -17 32 37 31 -30 -31 -29 34 38 35 -27 -24 -28 -34 57 41 43 -42 51 45 48 -47 50 54 -49 -46 -41 53 -53 55 -45 -57 59 -59 -1 -61 -62
right_child=1 2 -4 5 -6 6 -8 -9 -10 -11 -12 13 -14 -15 -16 17 -18 22 -20 20 -22 -23 36 -25 -26 26 27 28 29 30 -32 -33 33 -35 -36 -37 -38 -39 -40 40 42 -43 -44 44 47 46 -48 49 -50 -51 -52 52 -54 -55 -56 56 -58 58 -60 60 61 -63
leaf_value=-0.055705982647462272 40.466429925748997 -1.9495553439545708 -15.790542696785625 12.9277906294717 30.414501844738489 -25.246590406439282 0.043564267266065562 -11.224503892756353 -5.2020159665416097 -11.779132903170984 -8.1245208159638374 4.7078577093065856 23.572397926627033 -8.1003443230427976 -3.1797071161329047 17.475812386346984 -20.362752750941691 1.043236850736309 41.753749430250259 -27.846174911515597 3.3967967021478835 22.986698034158771 -12.522639757896599 -31.697093767529353 13.312865193449532 -2.8542808802326913 -6.8068361775473107 -3.6971090392360226 -12.849713858287785 35.66722343790407 2.4095879164775642 -21.321645545047357 11.030961198194024 -1.4180339768563837 -10.370673810448409 17.594971464189911 0.42723657269135878 9.5269525580192997 29.026524291103023 -7.3175912935944982 16.334502640168392 -26.331155003816605 -4.178803859092171 2.2946061886155062 -27.004516693013628 2.2812630777726017 38.205914685849315 -0.86171906119187336 -18.003082661788905 8.3596195166583023 -6.158829653335923 29.67240378632043 -2.6899718857643826 -1.9705724042304302 -3.4900826729260959 31.460683441842704 0.80623403922824299 -27.507171996822208 -1.5983450561470853 4.3084669785702321 0.17339677350136107 -13.682189059171527
leaf_weight=22163 41 49 51 41 45 40 113 65 40 51 42 158 63 78 89 50 43 86 59 46 44 44 73 48 108 76 58 681 51 43 65 47 91 64 73 61 6274 180 48 749 115 48 75 162 45 87 59 3875 58 228 358 44 927 40 167 56 48 43 87 1748 713 97
leaf_count=22163 41 49 51 41 45 40 113 65 40 51 42 158 63 78 89 50 43 86 59 46 44 44 73 48 108 76 58 681 51 43 65 47 91 64 73 61 6274 180 48 749 115 48 75 162 45 87 59 3875 58 228 358 44 927 40 167 56 48 43 87 1748 713 97
internal_value=0.0462619 2.84574 0.936735 2.06316 13.5518 0.435855 -6.29133 -0.0124654 -15.2339 0.00556256 3.19282 4.30164 8.98095 0.473798 1.90333 0.0204521 -0.168808 0.744815 3.12416 1.87761 -12.5784 2.62568 0.0512949 -10.6921 2.09678 1.33358 0.808242 -1.03522 -2.80126 6.51518 15.6615 -4.83635 5.8293 11.368 0.473779 6.25392 0.278195 5.54583 17.2535 -0.141634 -1.16235 -1.41936 8.23815 -1.24595 -0.360488 4.71 16.8069 -1.07733 1.11161 -0.349201 -8.48959 -3.83332 -1.25176 14.6121 3.6738 8.17125 17.3197 0.151674 -10.1755 0.206002 2.47345 -1.48659
internal_weight=41371 850 809 758 94 664 193 40521 80 40456 471 429 193 236 130 40405 32035 8370 1889 1830 90 1740 6481 134 1696 1588 1538 1125 887 159 108 728 413 203 210 137 6347 238 139 31992 7141 6951 190 6903 5143 637 146 4506 491 4103 403 1760 1011 84 433 266 104 24851 130 24721 2558 810
internal_count=41371 850 809 758 94 664 193 40521 80 40456 471 429 193 236 130 40405 32035 8370 1889 1830 90 1740 6481 134 1696 1588 1538 1125 887 159 108 728 413 203 210 137 6347 238 139 31992 7141 6951 190 6903 5143 637 146 4506 491 4103 403 1760 1011 84 433 266 104 24851 130 24721 2558 810
is_linear=0
shrinkage=0.1


Tree=99
num_leaves=63
num_cat=0
split_feature=28 35 23 28 25 0 21 22 29 26 16 25 24 35 28 29 9 0 26 22 32 34 17 29 26 26 29 32 28 26 34 22 6 29 21 25 35 28 22 28 0 33 22 25 33 33 24 35 28 22 33 12 22 35 23 34 35 28 20 22 21 20
split_gain=633903 1.41068e+06 929037 922216 3.01176e+06 752882 5.18512e+06 2.71159e+06 3.44872e+06 1.1649e+06 2.01709e+06 949209 932741 831008 1.21001e+06 1.06501e+06 1.03206e+06 1.09092e+06 991610 1.70364e+06 1.12774e+06 917966 962538 885642 805731 967637 776495 659678 1.30164e+06 1.23803e+06 732330 626175 622042 621205 1.73986e+06 2.17087e+06 1.71429e+06 1.42469e+06 1.2665e+06 1.05636e+06 1.03091e+06 1.01356e+06 1.45953e+06 1.79282e+06 1.48691e+06 1.64646e+06 1.5463e+06 2.12889e+06 1.51997e+06 1.62155e+06 1.37873e+06 2.45051e+06 2.90192e+06 1.67436e+06 2.00764e+06 1.48422e+06 1.91238e+06 1.33165e+06 1.25624e+06 1.00435e+06 956243 954055
threshold=6595.0000000000009 161154.62500000003 3657.8571428571436 6455.0000000000009 77.185535714285734 15.500000000000002 1027.1882142857146 -746.92821428571426 10541.355000000001 2165.0000000000005 913.40166666666676 952.44446428571439 622.88482142857163 12422.685000000003 5615.0000000000009 932.60500000000013 1075.0000000000002 4.5000000000000009 3985.0000000000005 45.00821428571431 1250.714285714286 4.5000000000000009 96.368333333333268 7751.130000000001 8715.0000000000018 7415.0000000000009 585.00000000000011 1019.2857142857143 865.00000000000011 8205.0000000000018 4.5000000000000009 -256.54178571428571 -128.86999999999998 9164.260000000002 450.71464285714291 -469.73107142857151 10523.220000000003 11585.000000000002 -192.06892857142853 11445.000000000002 4.5000000000000009 681.36339285714291 322.85714285714295 203.02089285714285 281.96428571428578 233.9207142857143 1083.3928571428576 43789.220000000008 47855.000000000007 1546.8121428571428 960.89285714285722 783.95000000000016 367.17750000000007 30897.260000000006 1690.1785714285718 5.5000000000000009 16670.565000000002 14215.000000000002 3094.4607142857149 -64.865714285714191 1268.0435714285716 1015.0000000000001
decision_type=2 2 2 2 2 2 2 2 2 2 2 2 2 2 2 2 2 2 2 2 2 2 2 2 2 2 2 2 2 2 2 2 2 2 2 2 2 2 2 2 2 2 2 2 2 2 2 2 2 2 2 2 2 2 2 2 2 2 2 2 2 2
left_child=1 2 3 5 -5 7 9 8 -1 10 12 13 -7 23 15 21 17 -16 31 20 -20 -15 -23 24 25 -9 -24 28 -21 -29 -30 -17 -19 41 35 -35 -37 39 -38 59 -39 42 43 61 45 -44 47 60 49 -48 53 -52 -53 55 -55 56 -43 -45 -47 -36 -46 -2
right_child=33 -3 -4 4 -6 6 -8 11 -10 -11 -12 -13 -14 14 16 18 -18 32 19 27 -22 22 26 -25 -26 -27 -28 29 30 -31 -32 -33 -34 34 37 36 38 40 -40 -41 -42 50 44 57 46 58 48 -49 -50 -51 51 52 -54 54 -56 -57 -58 -59 -60 -61 -62 -63
leaf_value=-3.3482311751928138 -1.7883177846486817 -14.590625726531488 14.511344385098489 -0.6395736542809185 30.470273907041175 1.030916009051672 38.195669493752625 -0.33204249237209571 -37.98222911709265 13.472043647500705 -20.845222235480996 -9.9839859734157859 13.156842433295086 1.6677852980664423 -20.450686490867831 -7.0939830785867173 9.0900972724669611 -12.001376087217714 1.0521956066855092 -23.360986441422554 18.714575582587635 25.848553386050238 0.052040574870240587 5.0917622672448504 11.393410974612635 -15.383488090916101 14.673099875722096 12.735598731296101 4.0993259015304329 -8.8026714366727461 -12.171863834823622 4.2571217631301517 3.0046386483266332 24.236954642961791 0.30857729827023084 0.5907681323850269 25.674718557895297 -13.255437475428479 6.845858588065453 13.039726960870414 -0.34493815989448373 -4.0921110597019439 0.39065142536154007 -7.0741344607052943 -3.4505728252808177 3.7816889493074899 -1.28133425700908 -25.651737570785542 -18.334760127375393 9.6975101901051346 -17.326942853101539 22.767827049020852 -11.696326772915555 8.0743085105672261 33.910098679979498 -7.7729626767747284 26.105292429072733 -25.296560680853844 16.551174087381877 5.7857827143366425 -18.75558833024559 -17.114071494507879
leaf_weight=96 3877 60 49 106 44 1177 40 5451 41 79 41 86 67 125 52 51 42 46 146 55 48 43 60 319 58 43 92 42 52 73 59 1014 69 50 1043 805 42 62 238 93 19137 44 3005 243 558 275 541 52 41 179 76 52 46 121 40 99 40 48 107 493 44 41
leaf_count=96 3877 60 49 106 44 1177 40 5451 41 79 41 86 67 125 52 51 42 46 146 55 48 43 60 319 58 43 92 42 52 73 59 1014 69 50 1043 805 42 62 238 93 19137 44 3005 243 558 275 541 52 41 179 76 52 46 121 40 99 40 48 107 493 44 41
internal_value=-0.011731 0.689485 0.783438 0.714137 8.49306 0.592128 2.73111 0.224216 -13.7233 1.68973 0.964873 0.462378 1.68451 0.575588 2.29889 3.10956 -4.91465 -8.4385 2.01863 -1.78083 5.42599 8.35849 12.6459 -0.0317354 -0.326159 -0.449986 8.90358 -6.75646 -10.7883 -0.934361 -4.55087 3.71324 -3.00033 -0.230522 0.0620244 3.87468 2.93524 -0.145751 9.67429 2.69353 -0.386665 -0.904799 -1.15208 -2.51145 0.0394324 1.1768 -2.68297 -6.24869 0.381606 1.44861 3.39653 -3.85673 6.59301 7.06537 14.5017 0.520828 10.2945 -10.0837 7.36019 2.06669 -4.57068 -1.94891
internal_weight=41318 9826 9766 9717 150 9567 1404 8163 137 1364 1285 8026 1244 7940 2069 1860 209 167 1540 475 194 320 195 5871 5552 5494 152 281 166 115 111 1065 115 31492 21963 1135 1085 20828 280 1629 19199 9529 9011 4209 4802 3387 1415 654 761 720 518 174 98 344 161 183 84 291 382 1536 602 3918
internal_count=41318 9826 9766 9717 150 9567 1404 8163 137 1364 1285 8026 1244 7940 2069 1860 209 167 1540 475 194 320 195 5871 5552 5494 152 281 166 115 111 1065 115 31492 21963 1135 1085 20828 280 1629 19199 9529 9011 4209 4802 3387 1415 654 761 720 518 174 98 344 161 183 84 291 382 1536 602 3918
is_linear=0
shrinkage=0.1


Tree=100
num_leaves=63
num_cat=0
split_feature=30 21 30 4 28 0 28 22 22 33 18 28 35 23 34 17 33 19 22 28 24 30 30 33 4 20 33 25 20 23 5 24 28 25 17 17 35 9 16 6 7 7 34 28 22 28 20 35 4 33 34 26 30 26 29 7 22 16 22 28 25 35
split_gain=572364 1.83148e+06 1.37331e+06 3.89929e+06 1.04615e+06 6.04673e+06 1.84634e+06 1.32782e+06 1.13399e+06 1.38647e+06 2.01852e+06 981556 1.75119e+06 931626 1.05565e+06 2.87642e+06 3.05154e+06 9.7855e+06 2.01504e+06 2.61968e+06 6.58788e+06 1.14734e+06 3.40687e+06 1.6163e+06 1.19423e+06 1.14734e+06 981836 931510 2.0614e+06 1.79565e+06 1.55849e+06 958781 936734 1.55094e+06 1.1092e+06 1.22054e+06 1.40912e+06 1.23002e+06 1.06876e+06 940600 919016 1.17129e+06 904628 1.04385e+06 895436 833145 824267 2.94841e+06 2.12373e+06 958788 1.13017e+06 1.13276e+06 826320 1.05105e+06 802630 792730 780846 763825 763150 1.74414e+06 1.58586e+06 2.02243e+06
threshold=655.00000000000011 1302.1753571428574 725.00000000000011 13.500000000000002 1.0000000180025095e-35 15.500000000000002 3745.0000000000005 -486.15107142857136 -19.919285714285671 1489.8214285714287 2489.2857142857147 42325.000000000007 62309.450000000004 2477.1428571428573 13.500000000000002 -1278.843333333333 61.250000000000007 297.17928571428581 -503.48392857142852 41980.000000000007 1280.8648214285715 2015.0000000000002 2155.0000000000005 100.89285714285715 10.500000000000002 -1.0000000180025095e-35 171.96428571428575 -110.37482142857151 -468.03857142857152 1448.0357142857144 -369.91499999999991 1486.5164285714288 4145.0000000000009 64.645892857142869 559.84833333333347 1240.3166666666671 27572.930000000004 781.84500000000014 890.37666666666689 1345.0000000000002 1275.0000000000002 -968.78499999999997 15.500000000000002 36885.000000000007 139.2932142857143 43870.000000000007 -889.28071428571411 54286.910000000011 4.5000000000000009 788.75000000000011 9.5000000000000018 1420.2050000000002 575.00000000000011 770.25500000000011 6012.0850000000009 -1.0000000180025095e-35 -192.06892857142853 1301.6666666666667 487.60000000000002 16695.000000000004 -178.24982142857138 37438.345000000008
decision_type=2 2 2 2 2 2 2 2 2 2 2 2 2 2 2 2 2 2 2 2 2 2 2 2 2 2 2 2 2 2 2 2 2 2 2 2 2 2 2 2 2 2 2 2 2 2 2 2 2 2 2 2 2 2 2 2 2 2 2 2 2 2
left_child=1 46 3 -2 5 7 -6 -4 -9 10 54 12 27 14 58 -16 17 -17 42 20 21 24 -23 56 -20 26 -25 28 30 31 -3 -30 33 38 55 36 -36 39 -29 -37 41 -15 43 -18 -43 -13 47 48 -1 52 -51 -52 -48 -54 -10 -34 -24 -35 -8 -60 61 -61
right_child=2 11 4 -5 6 -7 13 8 9 -11 -12 45 -14 40 15 16 18 -19 19 -21 -22 22 23 25 -26 -27 -28 32 29 -31 -32 -33 34 57 35 37 -38 -39 -40 -41 -42 44 -44 -45 -46 -47 49 -49 -50 50 51 -53 53 -55 -56 -57 -58 -59 59 60 -62 -63
leaf_value=-22.796469166105911 34.526890757297693 2.5085595558634908 -24.194332179955158 -3.049500165896831 6.1749061607572999 31.036687338021437 -0.34126120801393212 3.1954210461407082 -1.5062862988053474 3.9785995330980266 -29.491581376362504 -23.442470155399093 14.392698062713364 -0.83009447534616898 28.964704711666425 1.0260415418239777 -4.5422495434292829 57.771082173751097 -19.500461296186739 -20.690914878265353 41.987575528679827 30.580679837447292 -15.378561370458096 23.099380366885832 3.1663421426443894 1.4358164335714934 5.947080221149208 2.4386561964787292 8.5623074772821308 18.669119472858011 -22.357914127256379 -11.529498183544987 -7.6278187078027457 15.682564493358189 -12.372295589314396 -21.938246296160102 -33.417373719361535 5.0855590443682992 -13.797621526200679 -4.0811446901654209 -3.1061350582044831 9.2491533784045874 -10.076624628474136 13.096544088968418 28.857347933180296 -6.1656351991474923 -0.1137958928675472 -28.765124843229071 1.0905530162881028 16.620494917693978 8.1172052407502999 -9.8069970983357226 -20.784105724860812 -0.77579938224148148 -13.064788482743706 6.571989333887406 1.3223554630522989 -0.35093873140794635 13.928027514778956 11.008050869196321 0.20991945869940315 -7.9777979510584363
leaf_weight=42 44 48 42 74 516 45 20233 111 114 73 51 46 53 53 40 126 152 40 48 46 43 43 74 47 45 594 115 66 46 78 53 49 95 57 115 54 44 63 105 65 66 54 213 43 41 71 11906 45 324 73 95 56 44 65 127 67 45 62 104 282 3722 70
leaf_count=42 44 48 42 74 516 45 20233 111 114 73 51 46 53 53 40 126 152 40 48 46 43 43 74 47 45 594 115 66 46 78 53 49 95 57 115 54 44 63 105 65 66 54 213 43 41 71 11906 45 324 73 95 56 44 65 127 67 45 62 104 282 3722 70
internal_value=-0.0559256 -0.579358 0.208053 10.9707 0.161713 -4.10425 0.251155 -7.15975 -5.6543 -8.34567 -11.4269 -4.25174 -3.34093 0.135092 0.0812589 2.48016 1.84647 14.7129 0.4297 2.65595 3.67583 2.04434 3.1167 1.76537 -8.53679 3.47066 10.929 -4.22243 0.804036 7.43078 -10.5447 -1.8014 -5.95914 -1.43233 -8.56862 -11.8049 -18.2048 -6.21036 -7.53208 -12.1902 6.70549 11.0805 -5.57203 -0.650284 17.7224 -12.9654 -0.220233 -4.6249 -1.65331 -0.0723001 6.40922 1.46874 -0.193164 -8.85842 -7.59875 -1.75481 -9.06514 7.33229 -0.0871829 1.14324 0.816707 7.23184
internal_weight=41423 13887 27536 118 27418 563 26855 518 476 365 292 1237 1120 26339 26125 1714 1674 166 1508 1100 1054 1011 918 875 93 756 162 1067 274 173 101 95 793 290 503 341 159 182 171 119 214 148 408 195 95 117 12650 411 366 12239 224 151 12015 109 241 162 119 119 24411 4178 4074 352
internal_count=41423 13887 27536 118 27418 563 26855 518 476 365 292 1237 1120 26339 26125 1714 1674 166 1508 1100 1054 1011 918 875 93 756 162 1067 274 173 101 95 793 290 503 341 159 182 171 119 214 148 408 195 95 117 12650 411 366 12239 224 151 12015 109 241 162 119 119 24411 4178 4074 352
is_linear=0
shrinkage=0.1


Tree=101
num_leaves=63
num_cat=0
split_feature=22 13 11 11 1 0 35 23 4 35 23 19 9 35 5 18 25 25 35 16 28 24 23 35 24 10 17 22 20 22 31 25 24 22 25 28 26 35 28 22 20 22 24 28 24 24 21 25 4 16 9 30 22 28 26 24 35 30 24 10 22 24
split_gain=632273 3.09898e+06 2.05603e+06 1.20917e+06 1.74899e+06 3.98294e+06 2.67331e+06 2.6629e+06 1.60788e+06 1.79929e+06 913798 720833 562243 960924 1.72466e+06 1.08581e+06 643292 598876 551783 832187 1.12051e+06 1.46794e+06 1.67092e+06 1.49083e+06 1.10116e+06 1.0482e+06 1.04582e+06 2.63499e+06 1.98259e+06 1.28505e+06 1.22855e+06 1.29411e+06 1.09834e+06 2.18507e+06 5.29171e+06 3.4657e+06 3.65981e+06 2.21098e+06 2.09828e+06 2.53295e+06 1.52791e+06 1.43547e+06 1.08106e+06 1.03339e+06 1.64191e+06 995571 1.63306e+06 1.26694e+06 1.50543e+06 1.3227e+06 1.21789e+06 1.18894e+06 1.07921e+06 1.02901e+06 1.68706e+06 1.14407e+06 1.07487e+06 979024 958904 952568 948577 1.06522e+06
threshold=-1696.8382142857138 123.87000000000002 6620.2000000000016 3305.0000000000005 4.5000000000000009 17.500000000000004 18845.885000000002 633.75000000000011 13.500000000000002 11956.015000000001 1534.1071428571429 2362.1428571428573 -6387.1899999999987 33146.460000000006 443.80000000000007 1905.0000000000002 162.89874999999998 1.5026785714285733 18845.885000000002 717.87166666666678 17085.000000000004 539.7239285714287 633.75000000000011 35985.255000000005 1801.2500000000002 271.54500000000007 -1747.6499999999999 -1315.8764285714285 -1628.5621428571428 -1432.0046428571427 1.5000000000000002 624.94035714285724 936.46553571428581 -746.92821428571426 310.54607142857145 34790.000000000007 2532.4050000000002 35985.255000000005 28935.000000000004 -842.2710714285713 -1104.3249999999996 -550.99071428571426 1026.1398214285716 18035.000000000004 703.12660714285721 1322.3214285714287 1054.4064285714287 228.56321428571431 13.500000000000002 290.84333333333342 -639.89999999999986 3915.8850000000007 1316.8892857142857 43625.000000000007 4935.0000000000009 715.17857142857156 57453.030000000006 4365.0000000000009 1355.1903571428572 381.46000000000009 -77.880357142857051 2069.4642857142862
decision_type=2 2 2 2 2 2 2 2 2 2 2 2 2 2 2 2 2 2 2 2 2 2 2 2 2 2 2 2 2 2 2 2 2 2 2 2 2 2 2 2 2 2 2 2 2 2 2 2 2 2 2 2 2 2 2 2 2 2 2 2 2 2
left_child=1 -1 3 4 7 -6 -7 -3 9 11 -11 -9 13 15 -15 16 -2 -17 -14 20 21 -20 -23 24 -24 -25 29 28 -28 -21 -31 -32 38 34 35 36 -34 40 -29 -40 -37 -35 -38 44 -22 47 50 48 -45 51 -47 -49 -50 54 55 -51 -57 -48 -59 -55 61 -43
right_child=12 2 -4 -5 5 6 -8 8 -10 10 -12 -13 18 14 -16 17 -18 -19 19 26 43 22 23 25 -26 -27 27 32 -30 30 31 -33 33 41 -36 37 42 -39 39 -41 -42 60 -44 45 -46 46 57 49 52 53 -52 -53 -54 59 -56 56 -58 58 -60 -61 -62 -63
leaf_value=27.275761611502958 -2.5255205034608514 18.99064104078295 -15.099892393494759 19.951910057496491 34.196099096020184 18.308013746611589 -13.281544507731693 -5.487106856664778 -23.829897483356049 -7.9233637266923189 8.6765158379762788 -24.129773120671043 -0.24046558268469301 -2.9097760791213343 -28.034892214252416 -0.00011148452758789063 -16.125137673400062 13.184938441903913 -4.297413899848979 -13.654011023881541 2.0235300176003754 24.052332858348763 6.5258737948377608 9.4442835448624258 -8.9877651648176311 -6.7536010512015157 -1.3692173123210858 1.5041110043961479 26.008962251466489 -4.5338962022307623 1.1436060374679144 19.482070403282012 36.536529465872206 -11.545949668932536 35.289651347593441 -1.6869327173871704 -8.7711981255463449 7.8614511445573658 -26.299515293231668 -3.5474014207939479 -27.003134273452105 3.9442073948475986 12.907497760568033 5.8754912872950698 -26.617413427231469 -28.090860099216513 4.5565517020489557 -0.64944305256733248 -1.0155329567083411 -9.8429526837169821 -7.4802034919584717 19.735483837837119 6.6710374121063118 14.514363716039941 -20.616724943880058 -0.47565308174151533 -15.493410043047669 -18.943057219845659 -2.9676161322208721 -1.0363501137597833 1.4235915301831013 16.721004927690228
leaf_weight=49 228 50 69 40 49 46 64 42 43 48 107 41 27917 86 40 72 41 66 267 79 40 40 682 50 49 198 40 1281 78 441 615 41 53 79 67 44 40 71 57 344 52 292 54 539 40 43 167 73 1609 243 86 47 206 49 66 565 52 41 444 200 2574 84
leaf_count=49 228 50 69 40 49 46 64 42 43 48 107 41 27917 86 40 72 41 66 267 79 40 40 682 50 49 198 40 1281 78 441 615 41 53 79 67 44 40 71 57 344 52 292 54 539 40 43 167 73 1609 243 86 47 206 49 66 565 52 41 444 200 2574 84
internal_value=0.011114 3.11005 1.1311 3.24542 1.87972 10.4981 -0.069004 -2.26116 -6.04534 -2.82782 3.53498 -14.7052 -0.0383115 -3.26465 -10.894 -0.901682 -4.60095 6.30824 0.00457725 0.566131 -0.301431 2.30234 4.03175 3.21256 5.48542 -3.48663 1.35354 1.96153 16.7315 -1.34 -0.452624 2.29117 1.61909 2.65056 9.78751 4.3412 15.5364 -5.51491 -0.472061 -6.78438 -15.4068 1.75269 3.68271 -1.0439 -12.3046 -0.840409 -4.08067 -0.146845 1.23519 -2.65902 -14.3587 7.33951 -0.142955 -3.68041 -5.21492 -4.03179 -1.74249 -2.04618 -4.31994 2.02611 2.10902 6.80046
internal_weight=41280 648 599 530 490 159 110 331 281 238 155 83 40632 533 126 407 269 138 40099 12182 5796 1286 1019 979 731 248 6386 5210 118 1176 1097 656 5092 3410 381 314 147 167 1682 401 96 3029 94 4510 80 4430 781 3649 2354 1295 129 120 1815 1175 926 860 617 652 485 249 2950 376
internal_count=41280 648 599 530 490 159 110 331 281 238 155 83 40632 533 126 407 269 138 40099 12182 5796 1286 1019 979 731 248 6386 5210 118 1176 1097 656 5092 3410 381 314 147 167 1682 401 96 3029 94 4510 80 4430 781 3649 2354 1295 129 120 1815 1175 926 860 617 652 485 249 2950 376
is_linear=0
shrinkage=0.1


Tree=102
num_leaves=63
num_cat=0
split_feature=25 8 23 23 5 35 4 23 23 23 20 23 35 28 21 4 23 10 25 29 35 24 35 23 18 23 35 34 13 19 19 7 6 24 35 35 19 10 24 23 21 34 2 15 25 21 13 25 22 31 24 32 23 28 0 20 21 29 29 28 10 28
split_gain=577212 1.55089e+06 1.23108e+06 2.96241e+06 2.0389e+06 1.96258e+06 4.43401e+06 1.69603e+06 1.84797e+06 7.90827e+06 4.18568e+06 2.02464e+06 1.32665e+06 1.72704e+06 1.11832e+06 1.10401e+06 2.03575e+06 1.08893e+06 1.08329e+06 1.52087e+06 1.15697e+06 5.02899e+06 3.27061e+06 1.61904e+06 1.49834e+06 2.37362e+06 1.14426e+06 1.05059e+06 1.04327e+06 1.73866e+06 2.02817e+06 1.02737e+06 1.01198e+06 923241 2.38025e+06 1.1951e+06 1.10113e+06 1.5407e+06 1.57038e+06 1.53562e+06 1.15745e+06 1.02446e+06 1.19116e+06 971537 921038 908431 905502 870384 861081 842240 1.16914e+06 977805 908152 813252 789813 786178 884961 783961 782518 780100 754448 749327
threshold=135.36857142857153 -5608.0499999999993 1380.1785714285718 1360.5357142857144 -518.41999999999996 10637.695000000002 4.5000000000000009 1453.3928571428576 1497.6785714285718 1508.7500000000002 -572.73357142857139 1514.8214285714287 32643.635000000006 39055.000000000007 985.82535714285723 12.500000000000002 1406.6071428571429 783.95000000000016 553.34839285714281 12041.605000000001 46209.385000000009 826.45875000000012 62309.450000000004 1029.1071428571429 1675.0000000000002 1189.8214285714287 29273.535000000003 17.500000000000004 683.47000000000014 750.17500000000018 655.00000000000011 -528.13999999999987 1.0000000180025095e-35 1236.6071428571429 31756.850000000002 33146.460000000006 1654.3064285714288 745.00000000000011 1395.7873214285717 1912.3214285714287 1389.319642857143 5.5000000000000009 1.0000000180025095e-35 3015.0000000000005 303.38107142857143 1094.6428571428573 381.46000000000009 457.18857142857149 1690.0489285714286 3.5000000000000004 2024.9332142857145 684.38285714285735 1584.8214285714287 15485.000000000002 15.500000000000002 -542.94142857142845 859.62428571428586 6540.2050000000008 19641.135000000006 25965.000000000004 745.00000000000011 43870.000000000007
decision_type=2 2 2 2 2 2 2 2 2 2 2 2 2 2 2 2 2 2 2 2 2 2 2 2 2 2 2 2 2 2 2 2 2 2 2 2 2 2 2 2 2 2 2 2 2 2 2 2 2 2 2 2 2 2 2 2 2 2 2 2 2 2
left_child=-1 31 3 18 14 6 -4 12 10 -10 -9 -11 15 54 -5 16 -7 -15 20 27 24 23 -23 -22 47 -26 -27 -20 29 30 55 -2 -6 41 43 -36 37 38 -37 -39 -41 61 45 49 -33 -43 -31 48 -3 50 52 -51 59 -17 -14 56 -13 -54 -38 -35 -60 -30
right_child=1 2 5 4 32 7 -8 8 9 11 -12 28 13 17 -16 53 -18 -19 19 -21 21 22 -24 -25 25 26 -28 -29 33 46 -32 44 -34 34 35 36 58 39 -40 40 -42 42 -44 -45 -46 -47 -48 -49 -50 51 -52 -53 57 -55 -56 -57 -58 -59 60 -61 -62 -63
leaf_value=0.19179750999802858 -21.171392888096008 -1.416811728004989 40.640324980013091 -36.961893216004185 -14.748978734268352 -10.531445542445168 0.35727206675691847 -28.376692585896294 36.254852606116685 -16.953959843187516 -0.44159809027349528 17.496516711816778 13.988052682927901 10.666373202187186 -13.988133659319494 2.0317518118580824 15.363049280128685 -7.809634133394038 26.120422763800658 -6.7081555305952554 -4.4833692150316145 -47.487771484883027 -7.5334205477425229 17.695756604936388 0.38138740765948087 27.307803162504843 8.6151176864380439 6.5421851734537162 -3.1156625927965873 0.52244387308418083 14.452729128478495 -12.832374278848196 4.3030852544119114 0.30848600036769785 25.139376153243472 6.4874162391572519 -9.5354416655761263 18.984476071640486 29.071545020518013 10.324809262398329 -11.552276272660491 2.8598133229701843 -17.995011691500562 -13.473693185567184 3.9562192008535675 -14.178626447368021 -6.3180510431194321 -8.9413292205945147 11.763520697518425 -0.28037988224089083 -16.86677913507015 20.475959957712067 -6.3225671566298614 -11.811109276933941 31.862740743353726 -4.1399067353237982 -2.9029444279155672 3.9681740675380688 -5.0398150156599302 -19.313715018464091 11.876679388693727 10.531548391252969
leaf_weight=30306 55 5139 40 41 52 43 86 75 60 72 188 42 65 85 44 96 103 51 40 59 100 42 40 49 588 47 108 87 83 270 118 69 60 41 40 55 52 47 70 40 61 108 68 53 62 44 683 153 50 48 42 43 91 76 40 220 43 396 43 40 68 78
leaf_count=30306 55 5139 40 41 52 43 86 75 60 72 188 42 65 85 44 96 103 51 40 59 100 42 40 49 588 47 108 87 83 270 118 69 60 41 40 55 52 47 70 40 61 108 68 53 62 44 683 153 50 48 42 43 91 76 40 220 43 396 43 40 68 78
internal_value=-0.033054 -0.655254 -0.498817 -1.33201 -13.4116 0.873583 13.1566 0.480712 -0.362712 0.316123 -8.41178 -0.389367 5.58308 11.1783 -25.0849 1.34159 7.73556 3.73751 -0.965918 6.55471 -1.18744 -8.13315 -28.0144 2.81389 -0.923704 3.28374 14.2902 12.7165 0.0101885 -2.01195 3.32327 -9.70748 -4.54511 1.73736 3.06969 8.60586 7.08631 10.9689 19.1411 4.06256 -2.88721 -2.56369 -6.99898 -0.425622 -4.88811 -2.07537 -4.3801 -1.50893 -1.2897 0.561778 -0.77727 9.53336 0.413819 -4.08649 20.8094 -0.984198 7.18109 2.0448 0.582117 -9.38737 5.32408 3.49722
internal_weight=41258 10952 10766 6699 197 4067 126 3941 3382 3119 263 3059 559 241 85 318 146 136 6502 186 6316 231 82 149 6085 743 155 127 2987 1376 423 186 112 1611 1230 476 436 273 125 148 101 381 220 754 131 152 953 5342 5189 701 610 91 568 172 105 305 85 487 163 81 111 161
internal_count=41258 10952 10766 6699 197 4067 126 3941 3382 3119 263 3059 559 241 85 318 146 136 6502 186 6316 231 82 149 6085 743 155 127 2987 1376 423 186 112 1611 1230 476 436 273 125 148 101 381 220 754 131 152 953 5342 5189 701 610 91 568 172 105 305 85 487 163 81 111 161
is_linear=0
shrinkage=0.1


Tree=103
num_leaves=63
num_cat=0
split_feature=32 26 30 30 34 32 16 16 27 12 12 35 30 14 28 35 12 13 21 23 35 9 6 17 16 24 35 19 12 6 25 18 6 32 23 32 30 32 21 30 26 29 26 26 32 8 19 15 10 28 12 16 26 10 29 29 16 31 26 19 21 35
split_gain=646620 1.39297e+06 1.61443e+06 1.30354e+06 7.04083e+06 2.35649e+06 1.03776e+06 1.06329e+06 936657 963265 1.45753e+06 1.85459e+06 1.81967e+06 1.65803e+06 1.05074e+06 788228 828019 767838 738903 1.82673e+06 1.21691e+06 1.10629e+06 1.19108e+06 1.29766e+06 877824 966589 867723 866765 1.75562e+06 741908 734534 717438 597892 555975 1.21905e+06 516582 1.40032e+06 3.31154e+06 1.09004e+06 2.0443e+06 2.40959e+06 2.34102e+06 1.91915e+06 1.83459e+06 1.69407e+06 1.26658e+06 2.00946e+06 1.26562e+06 1.21502e+06 1.11587e+06 1.10472e+06 1.05081e+06 1.39559e+06 913946 906596 5.89638e+06 3.59649e+06 1.08714e+06 844021 1.21548e+06 915040 788073
threshold=2069.3835714285719 13805.000000000002 52175.000000000007 38544.735000000008 8.5000000000000018 1117.5842857142859 481.66666666666669 604.39000000000021 1.0000000180025095e-35 945.00000000000011 631.5100000000001 11748.020000000002 25350.000000000004 1565.0000000000002 51315.000000000007 22176.340000000004 8805.0000000000018 895.00000000000011 2367.5000000000005 1353.0357142857144 37438.345000000008 1732.0550000000001 1315.0000000000002 1285.0000000000002 4661.666666666667 2614.5955357142861 20918.690000000006 2679.2857142857147 1035.0000000000002 -19.999999999999993 -236.27392857142854 1843.5714285714287 -569.6149999999999 1832.1428571428573 1263.7500000000002 1117.5842857142859 4795.0000000000009 1176.4285714285718 1623.9285714285718 19265.000000000004 1175.0000000000002 32565.000000000004 8715.0000000000018 2005.0000000000002 1033.5714285714287 -657.94999999999993 1623.1014285714289 1391.6666666666667 995.00000000000011 39835.000000000007 905.00000000000011 1406.9833333333336 6185.0000000000009 1445.0000000000002 41782.280000000006 40732.455000000009 546.79500000000007 3.5000000000000004 4105.0000000000009 1654.3064285714288 1252.279642857143 16977.620000000003
decision_type=2 2 2 2 2 2 2 2 2 2 2 2 2 2 2 2 2 2 2 2 2 2 2 2 2 2 2 2 2 2 2 2 2 2 2 2 2 2 2 2 2 2 2 2 2 2 2 2 2 2 2 2 2 2 2 2 2 2 2 2 2 2
left_child=1 2 3 18 5 -5 -2 -8 9 10 13 -12 -13 -9 15 16 17 -11 24 -20 21 22 26 -24 25 27 29 33 32 -21 -3 -31 -29 35 -35 38 37 -37 42 41 -41 51 44 -42 54 -43 47 -47 61 -46 -50 53 -53 -40 55 -1 -56 -58 60 -60 -59 -45
right_child=6 30 -4 4 -6 -7 7 8 -10 14 11 12 -14 -15 -16 -17 -18 -19 19 20 -22 -23 23 -25 -26 -27 -28 28 -30 31 -32 -33 -34 34 -36 36 -38 -39 39 40 43 45 -44 48 49 46 -48 -49 50 -51 -52 52 -54 -55 56 -57 57 58 59 -61 -62 -63
leaf_value=0.0672141837635548 17.169542246138505 -4.9466543635284026 -20.108917935986945 -18.443566566072306 45.100758687863497 11.698150172413429 -13.399956819930836 8.3925387972955416 -6.7363672001947101 -5.6374047903880324 -3.4544900120272026 10.873347953013813 36.624244755208814 -12.68020660580558 -10.120319757614034 -3.7838618661760353 17.60064680756059 11.760482868555377 -23.503918233953428 1.8285488195675452 -12.970761177668894 -12.041429326305652 20.419387483407732 -1.8088803078569928 -10.533157560600655 14.339841626427759 8.4207128919352794 -10.482938317056501 18.147199716035715 -21.396227459663464 -22.272582853510144 -3.5844205086787775 5.7208626706747747 -20.233372231559891 1.5981552511240926 32.652943654013768 0.49060837897999082 3.2627283753226664 -3.5953306834851846 27.811612616049668 -17.666430092198105 -23.643002067079614 21.904221874527572 4.8653576627584822 -4.1624426384693001 -4.6463936820015928 8.4500328262130946 -26.929455497102254 6.7819850688346195 -18.566041476944292 -13.492145796422358 5.8545854351046724 -4.4564311957950355 -15.439586826631547 -30.791960125800529 30.921145773740861 -10.686870048492452 0.42799206812899571 -14.896409509834179 8.7319180629256152 21.052708041958695 21.272469650107325
leaf_weight=34622 47 63 40 55 40 49 43 116 91 55 40 66 47 55 75 96 55 47 43 80 84 62 63 45 79 47 64 45 78 40 40 52 46 43 63 46 1692 229 681 40 42 78 40 67 336 50 50 52 58 64 50 284 244 72 47 62 75 43 44 43 43 52
leaf_count=34622 47 63 40 55 40 49 43 116 91 55 40 66 47 55 75 96 55 47 43 80 84 62 63 45 79 47 64 45 78 40 40 52 46 43 63 46 1692 229 681 40 42 78 40 67 336 50 50 52 58 64 50 284 244 72 47 62 75 43 44 43 43 52
internal_value=-0.0143066 -0.0711343 -0.04146 -0.021509 9.47422 -4.24334 2.74347 1.8798 2.76495 4.09147 7.95838 15.0474 21.5954 1.613 0.271078 3.35294 7.7167 2.38105 -0.0555863 -3.75393 -2.01853 0.248752 2.46529 11.161 -0.00581208 0.0152409 -1.51562 -0.00182981 7.14332 -5.21426 -11.6828 -11.3362 -2.29331 -0.0325556 -7.26335 -0.0129965 1.56638 8.18397 -0.0964227 -2.48313 4.92753 -3.99873 0.0262211 1.52014 0.00145442 -13.2869 -7.9665 -16.0141 5.07321 -6.46906 -2.60604 -2.33061 1.08967 -4.72881 0.0754569 0.122412 -5.4443 -0.635248 3.72419 -3.21968 10.7466 12.0408
internal_weight=41260 40427 40324 40284 144 104 833 786 743 652 324 153 113 171 328 253 157 102 40140 533 490 406 344 108 39607 39528 236 39481 169 172 103 92 91 39312 106 39206 1967 275 37239 1820 309 1511 35419 269 35379 230 152 102 227 400 108 1281 528 753 34979 34684 295 248 173 87 86 119
internal_count=41260 40427 40324 40284 144 104 833 786 743 652 324 153 113 171 328 253 157 102 40140 533 490 406 344 108 39607 39528 236 39481 169 172 103 92 91 39312 106 39206 1967 275 37239 1820 309 1511 35419 269 35379 230 152 102 227 400 108 1281 528 753 34979 34684 295 248 173 87 86 119
is_linear=0
shrinkage=0.1


Tree=104
num_leaves=63
num_cat=0
split_feature=30 21 28 13 28 30 22 14 20 8 32 22 16 35 0 8 13 32 30 35 22 21 30 28 28 22 32 28 14 18 24 24 25 24 22 32 28 35 17 32 24 25 32 30 25 20 21 25 15 33 24 28 11 22 11 33 35 22 35 5 25 20
split_gain=744319 8.58164e+06 1.72028e+06 1.53219e+06 1.96917e+06 1.07795e+06 4.02545e+06 2.69184e+06 890782 2.42212e+06 1.62095e+06 1.30231e+06 1.37896e+06 1.0711e+06 710970 687503 598497 441120 1.55794e+06 1.78121e+06 6.11158e+06 1.68984e+06 1.68521e+06 2.36919e+06 1.61439e+06 1.35491e+06 1.28921e+06 1.27685e+06 1.13716e+06 1.35705e+06 949080 954499 1.03049e+06 1.00265e+06 903335 1.16477e+06 1.04473e+06 879498 842902 856575 1.25062e+06 1.19715e+06 1.19128e+06 1.41345e+06 1.07136e+06 1.06255e+06 844174 1.48368e+06 1.49889e+06 1.4235e+06 1.37445e+06 1.61497e+06 1.20776e+06 813786 1.01439e+06 800814 799509 2.01828e+06 2.53742e+06 2.09162e+06 1.92556e+06 2.41647e+06
threshold=29655.000000000004 702.15071428571434 38815.000000000007 455.00000000000006 51315.000000000007 27265.000000000004 -862.2032142857139 1635.0000000000002 -475.97285714285709 -509.15999999999991 1553.5714285714287 -1840.618214285714 988.33333333333337 23482.060000000001 21.500000000000004 -2459.8799999999997 985.00000000000011 660.71428571428589 12685.000000000002 5940.005000000001 -1579.6828571428571 1168.6110714285717 11565.000000000002 43280.000000000007 33725.000000000007 -925.02607142857107 1607.1428571428576 20765.000000000004 2185.0000000000005 670.71428571428589 2427.3214285714289 2156.2500000000005 -162.97946428571427 2115.178571428572 -1432.0046428571427 667.857142857143 38635.000000000007 96433.185000000012 -5219.1216666666651 1337.622142857143 1314.7933928571431 -158.7019642857143 1250.714285714286 17340.000000000004 -20.384642857142886 -468.03857142857152 1551.0714285714287 132.83982142857144 1781.6666666666667 1008.7500000000001 1709.7994642857145 42765.000000000007 880.8900000000001 -361.75428571428569 565.00000000000011 1054.8214285714287 30897.260000000006 692.85857142857128 45003.415000000008 341.55500000000006 433.92982142857153 -27.999285714285744
decision_type=2 2 2 2 2 2 2 2 2 2 2 2 2 2 2 2 2 2 2 2 2 2 2 2 2 2 2 2 2 2 2 2 2 2 2 2 2 2 2 2 2 2 2 2 2 2 2 2 2 2 2 2 2 2 2 2 2 2 2 2 2 2
left_child=5 -2 14 4 -4 17 -7 -8 9 11 13 15 -13 16 -3 -5 -10 30 22 20 -20 -21 26 24 55 -23 34 -27 29 -22 31 33 -33 -1 36 -36 -19 56 -29 42 -41 53 46 -44 -43 -46 47 48 -40 50 51 -48 -52 -42 -55 -24 60 58 59 -58 -37 -62
right_child=1 2 3 8 -6 6 7 -9 10 -11 -12 12 -14 -15 -16 -17 -18 18 19 21 28 25 23 -25 -26 27 -28 38 -30 -31 -32 32 -34 -35 35 37 -38 -39 39 40 41 44 43 -45 45 -47 49 -49 -50 -51 52 -53 -54 54 -56 -57 57 -59 -60 -61 61 -63
leaf_value=0.19068923514854833 -44.919046232573507 -4.6309943390625472 26.40799260794487 -2.2839229845142257 0.12304029563038621 29.175719105642198 -23.879217468576044 8.0816527226155337 -0.84635814948370014 -19.635960277658324 21.590110573231417 -21.518172423267487 2.4314341471382099 -13.743868396284967 -21.699000457366054 13.390636494366698 14.605032813563927 0.77529601850183683 44.21338031689811 9.4014930582597547 15.214908008240201 -5.9998729023461124 -9.1115919050400294 12.536577486875126 -23.225425736954548 10.242517876431075 5.3843659588827526 13.318722685248686 18.596858477507421 -2.4083830334120377 10.634523242126591 -0.48350500655873818 -19.705359206833208 15.461900476683864 -14.75452350900818 -1.0950488506799898 -16.984792302877825 9.065476416066458 4.4987066431214258 -16.239374339729441 0.94114015378960125 11.577128513290853 26.392482329575763 0.56495760669983452 2.3515319244073143 -12.05667267172444 2.3657757953404137 -6.6187767565610445 25.294538002147082 -13.356990447757111 22.215744586928018 -15.806092003018049 -0.69257896539313268 -1.1707831238736437 -20.725191154982962 6.0969232856855271 -12.169052226924451 -0.83149961809297579 4.7521172124810844 -38.925163364750603 -1.6895148017465011 27.721310631179456
leaf_weight=32708 46 52 52 43 63 59 40 77 67 76 43 41 58 43 46 80 40 57 41 186 54 372 256 51 78 129 288 45 42 228 87 63 50 43 63 3308 79 84 178 68 59 82 40 45 190 70 144 91 43 97 46 74 46 42 72 40 96 454 57 42 59 53
leaf_count=32708 46 52 52 43 63 59 40 77 67 76 43 41 58 43 46 80 40 57 41 186 54 372 256 51 78 129 288 45 42 228 87 63 50 43 63 3308 79 84 178 68 59 82 40 45 190 70 144 91 43 97 46 74 46 42 72 40 96 454 57 42 59 53
internal_value=0.0251376 -3.09639 -0.360653 1.62753 12.0148 0.0826974 7.89068 -2.85063 -0.806292 -4.23383 4.48567 1.04218 -7.49289 -0.423128 -12.6495 7.91217 4.93394 0.0487565 -0.640751 1.4106 7.8622 0.299146 -1.64679 -7.67342 -10.4307 -0.576931 -1.0947 0.715551 3.25608 0.968371 0.206722 0.1791 -8.99375 0.210763 -1.52352 -1.2647 -9.54364 -1.05988 -0.142999 -0.58022 -3.49842 -1.8147 1.53592 12.7275 1.61451 -1.52915 0.21205 4.12525 8.54978 -2.78788 0.520838 -3.80484 10.7674 -8.59236 -13.5247 -7.05569 -1.26902 -4.48668 -12.9943 -20.3234 -0.658361 12.2342
internal_weight=41426 750 704 606 115 40676 176 117 491 298 193 222 99 150 98 123 107 40500 7549 2484 365 2119 5065 425 374 1933 4640 1561 324 282 32951 32864 113 32751 4352 4216 136 4153 1432 1387 583 515 804 85 342 260 719 312 221 407 310 218 92 173 114 296 4069 649 195 138 3420 112
internal_count=41426 750 704 606 115 40676 176 117 491 298 193 222 99 150 98 123 107 40500 7549 2484 365 2119 5065 425 374 1933 4640 1561 324 282 32951 32864 113 32751 4352 4216 136 4153 1432 1387 583 515 804 85 342 260 719 312 221 407 310 218 92 173 114 296 4069 649 195 138 3420 112
is_linear=0
shrinkage=0.1


Tree=105
num_leaves=63
num_cat=0
split_feature=28 34 21 35 25 21 1 12 28 35 18 13 21 28 21 33 32 26 34 19 24 35 24 0 35 28 35 23 23 23 35 25 30 16 4 30 30 17 26 17 30 33 13 13 24 17 24 22 0 14 20 21 19 35 15 15 9 15 34 15 12 34
split_gain=497294 2.01933e+06 2.45208e+06 1.64383e+06 910994 896231 948677 996431 744442 1.01418e+06 912934 1.02955e+06 719668 694146 1.28406e+06 1.91005e+06 1.81749e+06 2.27117e+06 2.18311e+06 1.98138e+06 1.68942e+06 1.18209e+06 1.191e+06 1.07193e+06 1.05736e+06 1.17157e+06 1.32222e+07 2.354e+06 1.9355e+07 6.34248e+06 3.4486e+06 2.15761e+06 1.43577e+06 4.06785e+06 1.21892e+06 1.49753e+06 1.62509e+06 1.16428e+06 2.08547e+06 1.20209e+06 1.10146e+06 1.06293e+06 1.0084e+06 981547 971387 893963 841442 724710 723027 660642 854512 990095 658299 704869 856323 1.15102e+06 620189 1.58863e+06 1.10635e+06 1.23125e+06 1.04509e+06 963997
threshold=62725.000000000007 12.500000000000002 1736.5514285714287 68200.970000000016 624.94035714285724 2205.4039285714289 2.5000000000000004 995.00000000000011 54560.000000000007 76700.345000000016 2289.2857142857147 1174.1000000000001 2156.7857142857151 47855.000000000007 1286.0714285714287 572.65232142857155 319.28571428571433 4105.0000000000009 7.5000000000000009 730.48428571428587 1514.1071428571429 42667.910000000011 2156.2500000000005 28.500000000000004 183683.19000000003 40525.000000000007 6012.8800000000001 1497.6785714285718 1508.7500000000002 1485.1785714285718 68200.970000000016 -1475.7339285714286 16335.000000000002 927.24000000000012 16.500000000000004 22345.000000000004 24050.000000000004 -1182.9800000000002 6575.0000000000009 -3042.9849999999992 38544.735000000008 316.89750000000009 585.00000000000011 341.16000000000003 952.15857142857146 -921.06999999999982 2156.2500000000005 -256.54178571428571 16.500000000000004 1945.0000000000002 -582.85714285714255 1894.4660714285717 612.98714285714289 34673.24500000001 1845.0000000000002 1568.3333333333337 485.00000000000006 2285.0000000000005 6.5000000000000009 2635.0000000000005 1145.0000000000002 4.5000000000000009
decision_type=2 2 2 2 2 2 2 2 2 2 2 2 2 2 2 2 2 2 2 2 2 2 2 2 2 2 2 2 2 2 2 2 2 2 2 2 2 2 2 2 2 2 2 2 2 2 2 2 2 2 2 2 2 2 2 2 2 2 2 2 2 2
left_child=8 2 4 5 -2 -4 -7 -8 13 10 11 49 -12 24 16 -16 18 -18 -15 -20 -17 22 23 -22 25 31 -27 29 -29 30 32 -1 41 -34 35 37 -37 38 -30 -40 56 -28 45 -39 -36 -43 -38 -24 -23 50 51 -10 -45 54 55 -54 -33 -58 59 60 61 -59
right_child=1 -3 3 -5 -6 6 7 -9 9 -11 12 -13 -14 14 15 20 17 -19 19 -21 21 48 47 -25 -26 26 27 28 34 -31 -32 40 33 -35 44 36 46 43 39 -41 -42 42 -44 52 -46 -47 -48 -49 -50 -51 -52 -53 53 -55 -56 -57 57 58 -60 -61 -62 -63
leaf_value=-22.177785906862056 18.350264002125481 -24.485581609305456 -15.762117205872167 -25.748967312349016 2.7017964319668324 -10.773338918466788 17.595529873107477 -3.6985007548047464 16.154208258772908 18.516580709103874 -15.66472491968543 16.797293339805389 2.4325262046921661 -33.130779523973345 16.417463745785778 -16.73167064845094 19.399848517953409 -10.552206657692667 7.7917253836410554 -21.707294329913513 -11.297653001929415 0.91286367195122953 -0.47394371375808869 3.3422533127894121 -11.814859595098632 45.103671478527438 -5.7313872415837848 54.633754289573211 -23.699516439764245 -36.322893803334885 -28.313227113050175 -0.23047403491202423 -28.745850075098559 6.0981574643615204 -9.4648933844674072 19.666863867457437 -8.5485293862514222 -14.658280594984852 9.5727059170916373 -10.545553831202295 -14.858125648917733 -8.6362744512115324 14.942461947492147 9.0936950341762621 6.5933973416317704 11.29043475929373 7.3899968839211843 16.053583787971526 16.702465587619312 12.000482369064665 -10.977945131256746 -6.0829293711801595 -3.550636800987391 7.7184966288831394 -12.210807866777031 13.667772917793105 0.4090658953301522 -2.6588560871346285 14.069208296285286 -3.4646634004292807 19.07734681992304 16.157699244626603
leaf_weight=44 57 41 47 42 107 50 42 46 40 45 42 62 46 50 61 70 41 66 45 46 169 59 75 71 75 70 61 69 73 57 42 29239 52 94 42 61 62 50 50 73 50 46 127 69 362 44 71 41 57 48 57 40 222 70 82 47 7873 85 134 149 64 40
leaf_count=44 57 41 47 42 107 50 42 46 40 45 42 62 46 50 61 70 41 66 45 46 169 59 75 71 75 70 61 69 73 57 42 29239 52 94 42 61 62 50 50 73 50 46 127 69 362 44 71 41 57 48 57 40 222 70 82 47 7873 85 134 149 64 40
internal_value=-0.0112935 -3.3862 -1.17088 -7.9013 8.14456 -3.84351 0.219924 6.46872 0.0242879 4.42955 2.53477 5.65051 -6.20873 -0.016949 -2.84279 -0.351452 -8.89905 0.928403 -16.3545 -7.12354 -2.24008 -0.0893459 -2.94612 -6.96687 0.0435538 0.065986 2.42695 0.874741 3.00923 -4.85098 -0.997917 -0.0590894 1.71085 -6.3176 0.337048 -1.65528 6.15968 -3.71548 -10.3162 -2.36679 -0.0331996 5.92763 9.20563 -1.31893 4.92299 1.10648 -0.0403756 5.37204 8.67544 1.91127 -1.62668 5.03872 0.0435738 -1.44059 -3.26804 -0.540216 -0.0134574 0.746916 6.38164 3.33226 8.69021 3.36645
internal_weight=41412 432 391 227 164 185 138 88 40980 380 335 247 88 40600 851 603 248 107 141 91 542 472 356 240 39749 39674 1996 1926 1403 523 466 37678 424 146 1334 930 194 736 196 123 37634 278 217 540 404 90 133 116 116 185 137 80 490 421 351 269 37584 8345 472 338 189 125
internal_count=41412 432 391 227 164 185 138 88 40980 380 335 247 88 40600 851 603 248 107 141 91 542 472 356 240 39749 39674 1996 1926 1403 523 466 37678 424 146 1334 930 194 736 196 123 37634 278 217 540 404 90 133 116 116 185 137 80 490 421 351 269 37584 8345 472 338 189 125
is_linear=0
shrinkage=0.1


Tree=106
num_leaves=63
num_cat=0
split_feature=15 5 22 28 15 19 14 23 23 18 35 33 35 21 24 33 18 24 35 5 22 0 29 23 22 8 28 21 24 29 2 25 35 29 24 0 10 35 32 22 8 16 28 11 10 5 5 19 29 21 21 25 19 28 29 13 16 5 12 35 22 18
split_gain=467116 1.25392e+06 1.03413e+06 839926 701386 1.44154e+06 491419 444922 7.45753e+06 1.9705e+07 1.66657e+06 2.66888e+06 1.40575e+06 1.20098e+06 2.01207e+06 1.16893e+06 2.4791e+06 1.60459e+06 1.48041e+06 1.72134e+06 1.22361e+06 1.05486e+06 2.26973e+06 2.09234e+06 1.33871e+06 2.02764e+06 1.20527e+06 1.19187e+06 1.25196e+06 1.18572e+06 1.14442e+06 1.04232e+06 1.03656e+06 1.00682e+06 972451 2.03677e+06 921786 1.906e+06 1.30122e+06 1.49853e+06 1.13335e+06 1.73578e+06 4.36342e+06 1.41047e+06 1.30523e+06 1.4684e+06 935608 983009 921481 907031 891152 885968 884668 882789 922886 1.07819e+06 871818 856114 935663 909472 4.00894e+06 963544
threshold=13180.000000000002 -669.43999999999994 2063.9042857142863 48325.000000000007 12221.666666666668 1512.1428571428573 42290.000000000007 742.32142857142867 746.607142857143 453.57142857142861 96433.185000000012 1146.4285714285718 8198.2200000000012 1783.9285714285718 1461.1592857142859 313.39285714285717 2450.7142857142862 962.9739285714287 24726.795000000002 -528.13999999999987 -1270.0753571428568 12.500000000000002 13544.990000000002 1353.0357142857144 2226.7857142857151 -719.7149999999998 12635.000000000002 683.0907142857144 727.04535714285726 7354.6500000000005 1.0000000180025095e-35 67.880357142857164 26977.480000000003 19845.000000000004 742.57232142857151 6.5000000000000009 1075.0000000000002 38971.245000000003 36.428571428571438 -470.34214285714285 -419.55999999999995 1251.4883333333335 41575.000000000007 431.00500000000005 182.07000000000002 -849.52499999999986 -509.62499999999994 440.16142857142864 48160.000000000007 470.05285714285719 438.67642857142863 203.02089285714285 618.74642857142874 41110.000000000007 34805.000000000007 805.00000000000011 1881.0616666666667 -605.64499999999987 5425.0000000000009 1.0000000180025095e-35 -997.96250000000009 1175.0000000000002
decision_type=2 2 2 2 2 2 2 2 2 2 2 2 2 2 2 2 2 2 2 2 2 2 2 2 2 2 2 2 2 2 2 2 2 2 2 2 2 2 2 2 2 2 2 2 2 2 2 2 2 2 2 2 2 2 2 2 2 2 2 2 2 2
left_child=4 2 -2 6 7 -6 -3 10 9 -9 11 13 57 14 15 17 18 -1 20 -20 -17 27 23 26 25 -25 -23 31 -29 -28 49 -14 -31 34 35 -30 40 38 39 -38 41 43 -43 -32 -45 -46 -42 -48 53 -24 -22 -40 -27 54 -49 -56 -53 58 -10 60 -59 -61
right_child=1 3 -4 -5 5 -7 -8 8 12 -11 -12 -13 21 -15 -16 16 -18 -19 19 -21 50 22 30 24 -26 52 29 28 33 32 36 -33 -34 -35 -36 -37 37 -39 51 -41 46 42 -44 44 45 -47 47 48 -50 -51 -52 56 -54 -55 55 -57 -58 59 -60 61 -62 -63
leaf_value=-0.19022909063470977 3.7846377184635394 8.4693291757303122 -16.049977548065346 20.034724955605377 0.11453337755745313 -23.125970987374718 -2.7748503195205143 82.533121885759257 3.3198988040697746 1.2658360335522358 17.616960487122871 -22.662912446762217 9.9028422010422208 -16.70376076010303 19.467216512622144 -17.274229549856937 -27.205148435132664 14.19108996780006 19.534247824514779 -4.9521141055910549 2.862579564013997 3.0327275288874542 8.4757292000351452 -33.245576449006826 1.1339236562060167 -19.115021059494612 -14.562156347152408 -4.5009424615797542 26.033479692777632 -4.3989799667761504 9.5853603961925167 2.1722694758424228 2.2334582844929289 5.511025086465116 0.079676439035858554 -3.1880844259124674 -27.941503778039777 14.150322252317759 -3.0700947187323551 -4.5178847926309063 -5.9772147457125451 3.364316046884456 34.148850543671458 16.066269979570123 15.417353888313883 -3.365106455630924 11.652590961195841 -0.088277225145054677 11.088043252943741 -1.021203563162002 -3.735729123649373 17.451202676971885 -2.4162556421578061 -7.7938311805453768 -0.46783674985860069 22.321404708154709 -2.0107035475367447 -5.4295693687396609 18.467196313889783 -0.63569895539162036 32.102051187042989 3.1807904234614526
leaf_weight=12962 58 122 48 46 80 40 57 40 1354 117 51 54 211 45 51 59 41 78 64 52 248 309 102 53 54 58 96 539 44 1203 216 1005 293 379 6883 52 42 69 437 78 189 147 67 46 46 433 90 689 79 6922 1171 46 70 130 41 42 46 72 42 2227 47 941
leaf_count=12962 58 122 48 46 80 40 57 40 1354 117 51 54 211 45 51 59 41 78 64 52 248 309 102 53 54 58 96 539 44 1203 216 1005 293 379 6883 52 42 69 437 78 189 147 67 46 46 433 90 689 79 6922 1171 46 70 130 41 42 46 72 42 2227 47 941
internal_value=0.0239194 3.76521 -5.20036 7.98923 -0.00625819 -7.63867 4.88898 0.0161323 0.265325 21.9906 -0.420172 -0.482282 0.133533 -0.401117 -0.351242 -0.420184 -2.94063 -0.104151 -2.31567 8.56016 -3.16952 -0.212749 -0.825001 -3.78286 -12.6836 -16.8052 -2.68226 0.599713 0.150939 -3.79157 -0.190457 3.51403 -3.09995 0.491735 0.21912 10.2117 1.4686 -1.64506 -3.32535 -12.7244 2.47792 5.07607 13.0082 2.78454 -0.0141481 -1.55993 0.508566 1.65335 0.735431 -0.883232 -2.58247 -1.19223 -9.98743 -0.171842 1.11207 11.0705 7.72439 1.70159 3.77627 0.820415 9.40106 0.497954
internal_weight=41373 331 106 225 41042 120 179 40922 26046 157 14876 14825 25889 14771 14726 14675 1635 13040 1594 116 1478 21206 12093 2136 235 181 1901 9113 7897 1592 9957 1216 1496 7358 6979 96 2933 718 649 120 2215 955 214 741 525 479 1260 1071 981 7024 1419 529 128 902 772 83 92 4683 1396 3287 119 3168
internal_count=41373 331 106 225 41042 120 179 40922 26046 157 14876 14825 25889 14771 14726 14675 1635 13040 1594 116 1478 21206 12093 2136 235 181 1901 9113 7897 1592 9957 1216 1496 7358 6979 96 2933 718 649 120 2215 955 214 741 525 479 1260 1071 981 7024 1419 529 128 902 772 83 92 4683 1396 3287 119 3168
is_linear=0
shrinkage=0.1


Tree=107
num_leaves=63
num_cat=0
split_feature=30 30 22 21 10 30 35 29 9 35 25 25 14 26 22 14 6 30 25 13 9 35 16 9 26 7 21 22 16 20 26 31 28 26 25 20 32 32 33 35 33 35 26 33 35 26 26 32 26 21 33 22 33 21 26 28 25 25 18 18 32 23
split_gain=517633 1.63523e+06 1.55916e+06 5.82451e+06 2.17835e+06 1.3295e+06 1.86792e+06 1.44397e+06 1.26744e+06 1.22894e+06 2.39535e+06 3.60961e+06 1.4318e+06 1.47338e+06 1.06577e+06 1.02899e+06 1.22811e+06 905879 835734 725856 673956 631963 1.35774e+06 1.63781e+06 1.6832e+06 846089 762167 760360 614908 581375 5.93503e+06 1.04603e+06 935275 1.18087e+06 956153 786952 719677 1.54295e+06 1.92801e+06 1.39858e+06 1.31385e+06 1.67085e+06 1.70738e+06 1.36489e+06 1.22313e+06 1.17006e+06 1.04818e+06 1.09513e+07 1.83551e+06 980734 967895 930319 1.63391e+06 871885 799100 1.66801e+06 1.30587e+06 1.94785e+06 1.15473e+06 1.66896e+06 1.50975e+06 1.33777e+06
threshold=23085.000000000004 22345.000000000004 -301.43214285714282 926.55142857142869 205.00000000000003 27265.000000000004 24726.795000000002 46340.000000000007 465.00000000000006 19878.470000000005 -144.46982142857152 -308.05303571428573 1595.0000000000002 10440.000000000002 -1432.0046428571427 915.00000000000011 -579.15999999999997 25350.000000000004 -325.1832142857142 813.74500000000012 -589.52499999999986 15962.340000000002 2855.0000000000005 1633.5300000000002 7215.0000000000009 320.56000000000006 2156.7857142857151 280.73500000000007 850.63833333333343 -2085.6414285714277 6275.0000000000009 3.5000000000000004 43625.000000000007 13254.990000000002 57.6121428571428 -2425.9364285714282 660.71428571428589 747.857142857143 930.17857142857156 161154.62500000003 778.92857142857156 30897.260000000006 5125.0000000000009 410.52910714285719 19878.470000000005 6185.0000000000009 5555.0000000000009 620.71428571428589 5962.4600000000009 1235.8935714285717 688.03571428571433 -1432.0046428571427 696.07142857142867 1607.5000000000002 6665.0000000000009 19075.000000000004 385.83892857142865 553.34839285714281 2150.7142857142862 2702.1428571428573 1262.1428571428573 2188.3928571428573
decision_type=2 2 2 2 2 2 2 2 2 2 2 2 2 2 2 2 2 2 2 2 2 2 2 2 2 2 2 2 2 2 2 2 2 2 2 2 2 2 2 2 2 2 2 2 2 2 2 2 2 2 2 2 2 2 2 2 2 2 2 2 2 2
left_child=1 29 3 -2 -4 6 7 17 -3 10 11 14 13 -11 20 16 -6 19 -17 -5 -7 25 23 24 28 -20 -24 -27 -23 30 -1 32 33 35 -34 -32 46 38 40 51 41 45 -43 -44 -42 50 -31 48 -48 -50 53 52 -39 -38 56 58 -53 -58 -56 60 -60 -62
right_child=2 8 4 5 15 9 -8 -9 -10 12 -12 -13 -14 -15 -16 18 -18 -19 21 -21 -22 22 26 -25 -26 27 -28 -29 -30 36 31 -33 34 -35 -36 -37 37 39 -40 -41 44 42 43 -45 -46 -47 47 -49 49 -51 -52 54 -54 -55 55 -57 57 -59 59 -61 61 -63
leaf_value=35.688639536567116 -39.774834414195283 2.2049169555223744 19.553881455697333 5.4312691936878474 0.58971692084430294 -6.2106225404087034 -26.986502579396138 11.121831015371438 26.506083847863671 12.900841631598547 -19.926706886159145 25.76594710314566 22.799818334451697 -6.6432680640710604 -14.929645839816414 14.440670001671496 -21.367612607212465 -21.899618897681862 6.7421807750251936 -12.838235428965715 7.0933758847735282 -4.5566685546798809 -15.549692249595811 -6.7700639177299866 26.455493806197826 -15.692143936075546 3.1327637791484784 0.96548867876601152 12.660029005256682 0.099705756767861295 -17.259624712991076 13.016150739260684 13.00229509766584 7.9974075608149278 -3.8884527635259021 -4.1768071988287492 -1.776899443600569 -15.891257728051464 -23.319069416259111 14.513735085531989 -3.0795656061334866 1.7991283796702289 -8.6390309642831635 -32.525933955930981 20.91617495296353 13.266220243854944 11.132027981580837 54.541297705908704 -22.084870097223444 -3.7139492270520473 -16.981826780673693 0.57336711032174348 3.1287880802213373 -14.042748565734335 -0.11360599622490559 -3.6636105331991438 20.957835062893501 -5.4721243740345917 28.648970556715224 -4.7119400919186907 19.213086750852209 -3.6235882522624587
leaf_weight=51 45 45 62 42 57 82 47 44 41 68 72 47 41 89 70 47 46 42 47 45 71 40 48 55 59 70 40 45 43 32444 78 51 66 48 68 112 717 102 51 63 44 44 43 54 41 43 68 40 40 106 51 2328 81 63 1086 1490 76 44 47 72 48 55
leaf_count=51 45 45 62 42 57 82 47 44 41 68 72 47 41 89 70 47 46 42 47 45 71 40 48 55 59 70 40 45 43 32444 78 51 66 48 68 112 717 102 51 63 44 44 43 54 41 43 68 40 40 106 51 2328 81 63 1086 1490 76 44 47 72 48 55
internal_value=-0.0390289 0.0287319 -1.88578 -4.83835 1.72102 -2.76726 -9.31904 -4.51277 13.7991 -0.0973864 -3.72709 0.595682 6.17143 1.82308 -4.71383 -0.132447 -9.22203 -9.84778 1.76348 -4.02036 -0.0365385 0.429055 3.26372 7.87627 13.5496 -4.5573 -7.06065 -9.17631 4.36502 -0.00102905 3.48006 -0.406991 -2.24878 -6.01071 4.43258 -9.5508 -0.0429754 -0.991881 -4.32085 -0.294169 -3.439 -4.43922 -14.5387 -21.9469 8.50028 -2.80915 0.149807 6.5481 -2.43321 -8.75295 -3.64172 -0.466138 -7.47397 -2.76845 -0.221609 -1.37603 1.09786 11.2686 1.22989 7.80069 13.8064 7.02286
internal_weight=41365 39901 1464 805 659 760 220 173 86 540 342 270 198 157 223 597 103 129 494 87 153 447 285 197 142 162 88 115 83 39815 474 423 372 238 134 190 39341 6643 1151 5492 1100 1015 141 97 85 874 32698 254 214 146 831 5429 183 780 5246 2798 2448 120 1308 222 150 103
internal_count=41365 39901 1464 805 659 760 220 173 86 540 342 270 198 157 223 597 103 129 494 87 153 447 285 197 142 162 88 115 83 39815 474 423 372 238 134 190 39341 6643 1151 5492 1100 1015 141 97 85 874 32698 254 214 146 831 5429 183 780 5246 2798 2448 120 1308 222 150 103
is_linear=0
shrinkage=0.1


Tree=108
num_leaves=63
num_cat=0
split_feature=17 22 1 8 9 26 4 22 1 21 6 5 33 28 28 9 29 13 21 33 5 35 35 7 29 4 35 19 26 9 35 35 28 22 26 0 0 13 5 12 26 26 20 26 33 33 18 21 17 20 33 33 25 34 26 25 19 19 28 25 32 26
split_gain=598899 860856 943730 732475 725094 658074 1.43446e+06 643553 1.68017e+06 646371 1.75761e+06 3.09683e+06 1.68081e+06 1.34319e+06 1.27874e+06 1.51147e+06 1.09003e+06 4.00527e+06 1.01585e+06 914602 808256 1.24284e+06 898249 694294 687933 648858 790008 667134 902487 929330 847756 642246 629784 938713 588426 641390 632253 834852 736436 586480 620991 701655 810154 565196 1.62077e+06 2.6733e+06 1.56558e+06 789428 1.00613e+06 931717 824642 1.09856e+06 885862 1.28548e+06 741190 1.31289e+06 1.01815e+06 1.33161e+06 1.45579e+06 1.14507e+06 1.24321e+06 994760
threshold=-2692.9166666666665 597.03107142857164 4.5000000000000009 -689.89499999999987 -1169.8099999999997 8410.0000000000018 21.500000000000004 -2557.5557142857137 3.5000000000000004 1694.6428571428573 -3137.3549999999996 -918.97499999999991 547.71089285714299 21405.000000000004 65425.000000000007 -19.999999999999993 52675.400000000009 424.99500000000006 1411.7857142857144 572.65232142857155 1355.0000000000002 20918.690000000006 18490.860000000004 -419.55999999999995 1055.0000000000002 1.5000000000000002 12187.885000000002 574.42285714285731 1895.0000000000002 -1.0000000180025095e-35 22401.800000000003 35298.930000000008 41110.000000000007 -1840.618214285714 8595.0000000000018 4.5000000000000009 21.500000000000004 605.00000000000011 -718.2349999999999 341.16000000000003 2165.0000000000005 2732.7650000000008 3549.224285714286 791.82000000000005 1095.714285714286 788.75000000000011 5132.1428571428578 583.61107142857156 -633.22666666666646 3360.6292857142857 253.77428571428572 279.82142857142861 336.61250000000001 15.500000000000002 2532.4050000000002 823.29053571428574 1292.9742857142858 983.46857142857152 1685.0000000000002 15.369464285714292 282.14285714285717 2285.0000000000005
decision_type=2 2 2 2 2 2 2 2 2 2 2 2 2 2 2 2 2 2 2 2 2 2 2 2 2 2 2 2 2 2 2 2 2 2 2 2 2 2 2 2 2 2 2 2 2 2 2 2 2 2 2 2 2 2 2 2 2 2 2 2 2 2
left_child=1 3 5 4 -1 6 -3 8 -2 16 11 -11 13 -12 19 -16 43 -18 -19 -14 22 -22 -13 -15 -21 26 -26 -27 29 30 -29 -24 -6 -34 -5 -36 -37 38 -38 -30 -41 -42 -43 44 45 46 47 50 -49 -50 52 -52 -9 -54 56 -56 57 61 -59 60 -60 -45
right_child=7 2 -4 34 32 -7 -8 9 -10 10 12 20 14 23 15 -17 17 18 -20 24 21 -23 31 -25 25 27 -28 28 39 -31 -32 -33 33 -35 35 36 37 -39 -40 40 41 42 -44 54 -46 -47 -48 48 49 -51 51 -53 53 -55 55 -57 -58 58 59 -61 -62 -63
leaf_value=-20.600149464113564 -4.4020703531502505 3.9382694781142416 15.827600786105734 -5.8967341483119498 1.0222987376119625 7.215730749622427 -20.049127777744918 -0.14726520485602235 21.796369080741147 31.04160762605656 2.1638852563199902 -7.1279330495383082 11.585137702778553 -11.162751412485372 -25.371955693351126 -1.7409285748994325 35.068693909546354 -14.315697269695249 7.9318873820148061 -11.101471960731782 18.549840929079416 -4.0312334046729736 11.35799969524523 -25.993369194613081 -17.993534700002879 11.942024195412046 -0.53728447549457881 -5.2797914489430955 -5.7401454706435615 0.32413212909019418 -23.711038028189101 -4.648329486442119 -21.082650346396292 -2.5657167015106426 11.049556267881249 -4.4347281719798657 20.045242066098776 -5.2752845760757214 1.2089925304462739 12.370314376682371 -7.8822731344636985 -0.046523371730799595 10.447271073135289 0.38867396457841097 -19.462211842171762 18.738087962122119 -19.196359812975199 12.252053781624937 -2.8689997624526642 11.222502505394722 9.6034951230987335 0.99113230011855868 5.176345270440077 -10.709475032534577 -0.072888442137769974 -9.6724454130658017 -12.029394426569649 19.764484743381541 -3.1759441496107299 6.7641942761147753 11.631383618196658 3.3534970863360254
leaf_weight=41 51 66 47 242 77 73 40 5753 47 41 54 124 56 89 48 62 41 41 41 70 60 41 67 49 49 41 55 52 182 80 48 40 49 62 49 223 41 56 42 41 108 1629 77 12329 45 72 45 47 2000 48 191 659 71 180 12998 144 61 59 317 487 69 1246
leaf_count=41 51 66 47 242 77 73 40 5753 47 41 54 124 56 89 48 62 41 41 41 70 60 41 67 49 49 41 55 52 182 80 48 40 49 62 49 223 41 56 42 41 108 1629 77 12329 45 72 45 47 2000 48 191 659 71 180 12998 144 61 59 317 487 69 1246
internal_value=0.012266 -2.28121 3.22476 -3.69214 -8.55787 -0.0878287 -5.11872 0.0754742 8.16714 0.0556922 -1.31629 5.1303 -2.17823 -11.2057 -1.51086 -12.0595 0.173158 9.5694 -3.19379 -1.04425 1.9262 9.38576 -1.33664 -16.4362 -1.33529 -1.04563 -8.76661 -0.689825 -0.923698 -7.70998 -14.1343 5.3749 -5.92682 -10.7457 -1.98525 0.318283 -1.1356 4.15689 10.5202 -0.32385 0.207698 -0.0675319 0.427402 0.141757 -0.541502 -0.44748 -0.601171 -0.507558 -2.20636 -2.53846 0.011711 2.92684 -0.40101 -6.21572 0.366412 -0.17811 0.857632 0.911862 4.56822 3.54013 -0.527862 0.660816
internal_weight=41313 1108 226 882 229 179 106 40205 98 40107 3163 373 2790 192 2598 110 36944 123 82 2488 332 101 231 138 2432 2362 104 2258 2217 180 100 107 188 111 653 411 362 139 83 2037 1855 1814 1706 36821 9111 9066 8994 8949 2095 2048 6854 850 6004 251 27710 13142 14568 14507 932 873 386 13575
internal_count=41313 1108 226 882 229 179 106 40205 98 40107 3163 373 2790 192 2598 110 36944 123 82 2488 332 101 231 138 2432 2362 104 2258 2217 180 100 107 188 111 653 411 362 139 83 2037 1855 1814 1706 36821 9111 9066 8994 8949 2095 2048 6854 850 6004 251 27710 13142 14568 14507 932 873 386 13575
is_linear=0
shrinkage=0.1


Tree=109
num_leaves=63
num_cat=0
split_feature=6 5 5 20 31 12 17 29 12 7 30 33 23 12 24 20 23 9 17 23 23 30 7 29 23 16 9 28 9 12 29 16 24 10 16 11 10 5 21 16 1 7 6 14 8 8 30 10 14 9 10 10 20 23 12 15 20 17 19 8 29 21
split_gain=585689 866914 1.73842e+06 4.2673e+06 4.14965e+06 1.27558e+06 1.02438e+06 848877 742018 1.84383e+06 712323 1.77815e+06 1.03303e+06 914068 737970 677681 866931 823704 882395 635499 1.08411e+06 1.76017e+06 1.39898e+06 1.5267e+06 788804 991309 868312 715340 1.91353e+06 1.84235e+06 1.7185e+06 1.5551e+06 1.29414e+06 658293 703484 654589 865307 1.70696e+06 1.14545e+06 819303 765332 1.8338e+06 635045 906446 833311 942554 759387 737993 990174 754303 650067 1.35878e+06 1.05628e+06 892010 758095 1.65699e+06 897441 1.45459e+06 812935 728777 711110 1.54534e+06
threshold=-558.29499999999996 -1469.7149999999999 -1059.8999999999999 -1081.885 2.5000000000000004 5145.0000000000009 11179.960000000001 1611.3450000000003 103.67500000000001 -78.954999999999984 12385.000000000002 528.03571428571433 1289.1071428571429 585.00000000000011 750.82732142857151 1949.6042857142861 773.75000000000011 -649.43999999999994 -889.80833333333305 1453.3928571428576 1497.6785714285718 1265.0000000000002 -369.91499999999991 22555.000000000004 1394.8214285714287 391.50000000000006 -678.78999999999985 38815.000000000007 -309.80499999999995 791.82000000000005 43125.000000000007 836.91333333333341 1215.3728571428574 962.49500000000012 677.33500000000015 1165.0000000000002 935.00000000000011 -4769.3099999999986 1783.9285714285718 1381.6666666666667 2.5000000000000004 1095.0000000000002 2015.0000000000002 3445.0000000000005 1005 583.52500000000009 11930.440000000002 655.00000000000011 1055.0000000000002 303.06000000000006 705.00000000000011 745.00000000000011 447.26142857142872 1514.8214285714287 1240.0050000000003 2305.0000000000005 461.52428571428584 409.85833333333329 1690.0742857142861 -5947.1999999999998 1265.0000000000002 538.68178571428587
decision_type=2 2 2 2 2 2 2 2 2 2 2 2 2 2 2 2 2 2 2 2 2 2 2 2 2 2 2 2 2 2 2 2 2 2 2 2 2 2 2 2 2 2 2 2 2 2 2 2 2 2 2 2 2 2 2 2 2 2 2 2 2 2
left_child=1 5 3 4 -3 10 8 -8 9 -4 14 -12 -13 -14 -1 16 -5 -18 -19 24 21 -21 23 -23 27 -26 -27 30 29 32 -2 -30 -29 34 -24 42 40 -38 39 -39 -37 -42 50 44 45 47 -46 -44 -49 -50 60 52 -52 -53 59 56 57 58 -56 -55 -22 -62
right_child=19 2 6 15 -6 -7 7 -9 -10 -11 11 12 13 -15 -16 -17 17 18 -20 20 35 22 33 -25 25 26 -28 28 31 -31 -32 -33 -34 -35 -36 36 37 38 -40 -41 41 -43 43 -45 46 -47 -48 48 49 -51 51 53 -54 54 55 -57 -58 -59 -60 -61 61 -63
leaf_value=-6.995803029553791 -0.11821473963116697 4.722599538361747 22.556822616165576 -4.5225799896244423 45.666666399015419 14.924293647622164 19.624122500990755 3.7110681387794742 0.34612031334351306 2.2639992886663203 -25.882031674681283 -15.771026288552967 8.5261078714148777 -5.5317568719008374 0.045600476913240394 -10.423098800417568 17.910281871108939 -5.6443769138917439 11.428800867504023 -20.629672903078365 10.118165643369435 1.1546464866680326 4.5924806028760079 -21.828824367567179 16.018863599450295 -4.2415861330896218 4.7995651827144146 4.7547653567918564 29.168799300496467 15.801656951638467 -17.806635785947382 2.4741339539469558 -17.971349831380547 10.563439512066688 -11.16658217403867 0.51768948923926905 16.647959836591944 11.93069948014759 -13.77753679600595 -7.1600405994054483 4.4999635675743273 29.405734054336836 3.7570079235364826 -18.131001463163724 -0.70181930272564819 8.4656089128830079 -15.406465803700042 -17.879069980026628 7.5113397544556921 -7.6847267822152068 2.1661092664950017 11.555642162669789 19.18655215284625 -10.648535705896832 9.0136838495521641 17.180978722050295 -10.078432046115443 20.30909344962474 -3.4887340583988022 -1.3192165272913061 -20.405883305179469 -2.1469639730916059
leaf_weight=176 24213 49 50 91 50 45 49 106 8915 425 41 53 76 118 963 41 53 60 61 71 44 52 67 65 58 148 376 42 48 43 55 40 62 64 49 127 40 43 95 47 113 40 97 44 58 86 89 58 50 94 83 61 65 90 71 68 69 40 194 1194 48 1313
leaf_count=176 24213 49 50 91 50 45 49 106 8915 425 41 53 76 118 963 41 53 60 61 71 44 52 67 65 58 148 376 42 48 43 55 40 62 64 49 127 40 43 95 47 113 40 97 44 58 86 89 58 50 94 83 61 65 90 71 68 69 40 194 1194 48 1313
internal_value=0.0126018 0.621654 0.956743 7.37325 25.4141 -1.64334 0.684449 8.74638 0.551325 4.40225 -2.1663 -6.60902 -3.40525 -0.0237485 -1.0427 1.53329 3.38479 7.52039 2.96389 -0.220263 -1.27585 -6.49044 -3.10743 -11.6178 -0.0187382 3.61963 2.24579 -0.105165 5.38497 -1.5975 -0.15834 17.0432 -8.79557 2.42596 -2.06626 -0.841719 2.54655 -2.07093 -6.12169 1.9626 6.25675 11.0188 -1.27869 -4.34505 -3.20325 -0.757285 -9.60688 -3.41101 -6.85318 -2.4075 -0.749826 0.43896 9.64529 -0.323758 -0.743923 2.82788 0.216259 2.54651 -0.137942 -1.97353 -2.38701 -2.79165
internal_weight=41296 11422 9950 405 99 1472 9545 155 9390 475 1427 288 247 194 1139 306 265 174 121 29874 4789 368 297 117 25085 582 524 24503 235 147 24268 88 104 180 116 4421 505 225 185 90 280 153 3916 576 532 385 147 299 202 144 3340 1935 148 1787 1726 442 374 305 265 1284 1405 1361
internal_count=41296 11422 9950 405 99 1472 9545 155 9390 475 1427 288 247 194 1139 306 265 174 121 29874 4789 368 297 117 25085 582 524 24503 235 147 24268 88 104 180 116 4421 505 225 185 90 280 153 3916 576 532 385 147 299 202 144 3340 1935 148 1787 1726 442 374 305 265 1284 1405 1361
is_linear=0
shrinkage=0.1


Tree=110
num_leaves=63
num_cat=0
split_feature=25 1 16 26 26 33 30 26 28 22 24 32 29 32 24 6 30 5 26 30 29 22 1 30 13 22 29 26 1 20 13 30 25 28 18 33 28 32 22 33 28 21 23 21 22 33 10 6 25 23 25 10 17 6 30 4 25 24 18 10 12 22
split_gain=960738 5.27583e+06 3.92058e+06 510518 1.80319e+06 1.57478e+06 1.54713e+06 1.36126e+06 2.4948e+06 1.29184e+06 2.42245e+06 1.28064e+06 1.26181e+06 1.6817e+06 1.39505e+06 1.90967e+06 1.19654e+06 1.06576e+06 887608 999368 855419 1.04751e+06 1.3808e+06 847440 2.33244e+06 2.40166e+06 1.29148e+06 2.6529e+06 1.91829e+06 3.03353e+06 1.44262e+06 1.08961e+06 936663 1.57397e+06 1.03596e+06 1.30618e+06 1.03165e+06 957394 1.80697e+06 1.70094e+06 1.24476e+06 1.81216e+06 2.00302e+06 1.37375e+06 1.21715e+06 911023 856043 830814 801879 787101 1.26033e+06 786512 691507 687744 684146 1.17098e+06 1.70715e+06 797692 673760 1.43598e+06 1.27263e+06 776400
threshold=-1475.7339285714286 4.5000000000000009 771.66666666666686 9686.4000000000015 8715.0000000000018 758.75000000000011 23085.000000000004 8205.0000000000018 48325.000000000007 -1840.618214285714 1549.1071428571429 1222.1428571428573 50080.615000000005 859.28571428571433 2069.4642857142862 465.00000000000006 5605.0000000000009 -449.06999999999994 8865.0000000000018 11021.285000000002 66690.690000000017 -1840.618214285714 4.5000000000000009 16540.000000000004 153.71000000000001 -610.09499999999991 34805.000000000007 6115.0000000000009 3.5000000000000004 -1129.4099999999999 895.00000000000011 25350.000000000004 476.79500000000013 48925.000000000007 1589.2857142857144 1008.7500000000001 38635.000000000007 845.00000000000011 -323.7139285714286 714.46428571428589 42765.000000000007 1433.7617857142861 1448.0357142857144 1715.3571428571431 178.33714285714288 1008.7500000000001 783.95000000000016 180.10000000000002 -993.66624999999988 1555.1785714285718 137.85714285714292 695.00000000000011 276.6666666666668 1842.0550000000001 19545.000000000004 13.500000000000002 54.753035714285708 1473.7500000000002 1843.5714285714287 570.63000000000011 1145.0000000000002 112.14535714285718
decision_type=2 2 2 2 2 2 2 2 2 2 2 2 2 2 2 2 2 2 2 2 2 2 2 2 2 2 2 2 2 2 2 2 2 2 2 2 2 2 2 2 2 2 2 2 2 2 2 2 2 2 2 2 2 2 2 2 2 2 2 2 2 2
left_child=1 2 -1 4 7 49 18 9 16 10 -2 -5 23 14 15 -14 -9 -12 -7 -20 21 22 -13 26 25 -25 48 28 29 -28 -30 32 33 34 37 47 -37 40 -39 -40 41 42 44 -43 -26 -33 -35 -36 -11 50 -6 -42 -16 58 55 57 -57 -18 -23 60 61 -60
right_child=3 -3 -4 11 5 6 -8 8 -10 12 17 20 13 -15 52 -17 54 -19 19 -21 -22 53 -24 24 31 -27 27 -29 30 -31 -32 45 -34 46 35 36 -38 38 39 -41 51 43 -44 -45 -46 -47 -48 -49 -50 -51 -52 -53 -54 -55 -56 56 -58 -59 59 -61 -62 -63
leaf_value=37.764657019686211 26.01635424590566 -22.706932283780244 1.5407902156999578 -16.128595465547853 -0.1911514443865947 28.740538051038371 -1.6355565527862179 -14.334367585903657 -25.631848991104683 5.4851852957726948 -4.4852589079671636 -17.437214532794112 26.593981402060571 25.890581478183954 -15.595837806673087 -1.5318095680845119 -1.4784104540106959 14.903560369232025 3.248288769385034 19.067824732366912 9.5157968161753033 -2.4730518177724252 4.6348033301753757 -35.655599569025632 -10.640559267441009 -4.4675435071986689 -24.873550505377874 22.72158119496585 2.97830514789697 2.6850250203170951 21.649022493503878 18.609407460367024 11.808365939261471 -3.3910650648240201 -2.1014553725584091 1.4781486909642643 -18.234389636689503 -0.33414895981946313 -5.2438326394804795 -32.979781669235635 19.155743292833538 12.854672932697463 -29.949099150296401 -7.4567497071360611 8.1497242998010044 0.19864986639936669 -22.077821941594433 11.230887831735894 0.015619342435360709 -7.799767497378614 19.735190827778069 1.2862785872400599 2.875998445201879 -6.6995722831511291 9.5436701258316479 -4.2789112011021571 18.061568769327295 -20.883918019590055 -20.288909836969538 4.8688409991058812 7.5616959160491923 -2.1792159353153835
leaf_weight=56 55 42 64 59 153 41 70 71 54 270 97 87 45 41 40 52 40 40 70 93 72 566 42 41 122 62 54 74 117 153 64 48 46 41 66 72 42 94 41 48 40 82 41 56 48 61 61 160 36049 81 40 64 41 174 61 108 50 45 58 486 44 40
leaf_count=56 55 42 64 59 153 41 70 71 54 270 97 87 45 41 40 52 40 40 70 93 72 566 42 41 122 62 54 74 117 153 64 48 46 41 66 72 42 94 41 48 40 82 41 56 48 61 61 160 36049 81 40 64 41 174 61 108 50 45 58 486 44 40
internal_value=0.0942457 7.7789 18.454 0.0639706 0.135489 5.83158 11.1915 0.0553557 -5.54624 0.117735 8.29885 -1.67144 0.0767505 7.64475 3.43594 11.5232 -2.65086 1.17905 15.5923 12.2773 -1.1273 -1.6395 -10.2519 0.0332587 -2.44072 -16.8935 0.123124 5.37669 2.06613 -4.50841 9.58429 -1.23274 -2.15858 -2.7551 -1.51946 2.93616 -5.78913 -3.90145 -10.0048 -20.2127 -1.43502 -4.29658 -10.1232 4.6126 -5.3342 8.311 -14.5719 7.33775 0.0562884 0.470562 3.94268 8.1651 -6.24983 -0.827011 0.0797414 -2.29743 2.79431 -11.7582 0.0290298 2.28412 -6.56076 -12.9021
internal_weight=41295 162 120 41133 39505 548 274 38957 429 38528 192 1628 38336 219 178 97 375 137 204 163 1569 1497 129 38117 1336 103 36781 462 388 207 181 1233 1124 1078 976 340 114 636 183 89 453 349 211 138 170 109 102 226 36319 274 193 104 81 1368 304 243 158 85 1194 628 142 98
internal_count=41295 162 120 41133 39505 548 274 38957 429 38528 192 1628 38336 219 178 97 375 137 204 163 1569 1497 129 38117 1336 103 36781 462 388 207 181 1233 1124 1078 976 340 114 636 183 89 453 349 211 138 170 109 102 226 36319 274 193 104 81 1368 304 243 158 85 1194 628 142 98
is_linear=0
shrinkage=0.1


Tree=111
num_leaves=63
num_cat=0
split_feature=28 30 35 30 30 19 23 24 14 24 25 24 24 4 33 34 33 23 35 23 0 33 23 22 9 22 24 4 33 28 19 35 26 28 0 24 24 24 26 25 32 19 12 14 32 26 15 34 5 19 28 28 28 34 22 22 22 22 15 13 13 23
split_gain=558026 984984 861943 1.27834e+06 1.72188e+06 1.61029e+06 1.38228e+06 1.3165e+06 2.63574e+06 1.62048e+06 2.13019e+06 1.90476e+06 2.43134e+06 1.94882e+06 1.81546e+06 1.18026e+06 966867 892654 1.96202e+06 1.86566e+06 1.79242e+06 1.33492e+06 936442 1.00401e+06 875647 817246 724329 1.52571e+06 1.7342e+06 787997 733597 709467 744927 696265 1.16406e+06 868104 686529 1.12794e+06 970681 1.28026e+06 1.04102e+06 1.66423e+06 891640 825127 796044 684288 625590 668901 672979 616871 1.56261e+06 2.38261e+06 2.96949e+06 2.32444e+06 1.64381e+06 1.11438e+06 2.1541e+06 1.00595e+06 1.08937e+06 965340 775492 749153
threshold=17085.000000000004 7813.0900000000011 22607.355000000007 5300.9600000000009 4365.0000000000009 1213.1578571428574 2309.8214285714289 2069.4642857142862 875.00000000000011 1730.8928571428576 -195.42749999999998 1404.3982142857146 1499.3994642857144 25.500000000000004 457.33714285714296 15.500000000000002 369.46428571428578 1873.3928571428576 41614.105000000003 1555.1785714285718 9.5000000000000018 203.74464285714291 803.39285714285722 487.60000000000002 745.00000000000011 866.76321428571441 873.63107142857154 14.500000000000002 342.32142857142861 10715.000000000002 521.48285714285726 30501.650000000005 1464.2800000000002 17395.000000000004 11.500000000000002 914.71107142857147 1385.5312500000002 1605.8928571428576 9425.0000000000018 -144.46982142857152 1063.5714285714287 2226.3407142857145 310.88500000000005 505.00000000000006 1142.1428571428573 4275.0000000000009 1228.3333333333337 3.5000000000000004 762.1400000000001 472.88642857142861 50515.000000000007 38635.000000000007 36245.000000000007 11.500000000000002 -925.02607142857107 -486.15107142857136 -263.87607142857138 3.5714285714285885 465.00000000000006 395.00000000000006 294.80500000000006 816.96428571428589
decision_type=2 2 2 2 2 2 2 2 2 2 2 2 2 2 2 2 2 2 2 2 2 2 2 2 2 2 2 2 2 2 2 2 2 2 2 2 2 2 2 2 2 2 2 2 2 2 2 2 2 2 2 2 2 2 2 2 2 2 2 2 2 2
left_child=1 2 36 4 6 -5 7 9 -9 10 -4 13 -13 17 16 -8 -15 19 -19 21 -21 31 -23 -24 -14 -11 27 28 30 -30 -3 32 -12 34 -2 -36 44 42 40 -40 -39 -42 -38 -44 -1 -28 -45 -48 -49 50 51 52 54 -53 -35 60 59 58 -58 -57 -56 -51
right_child=33 26 3 5 -6 -7 15 8 -10 25 11 12 24 14 -16 -17 -18 18 -20 20 -22 22 23 -25 -26 -27 45 -29 29 -31 -32 -33 -34 49 35 -37 37 38 39 -41 41 -43 43 46 -46 -47 47 48 -50 61 -52 53 -54 -55 55 56 57 -59 -60 -61 -62 -63
leaf_value=0.023147285642474997 -18.914416746014364 7.9001715901254244 26.097741975200911 28.475625808752994 -12.969089888752785 1.746609802989217 -14.94611141927297 3.3266373246045084 34.274521913897537 -17.175458065099662 3.2068121575782338 30.390830818287732 12.135798575151913 -6.7297874947373932 -18.166181832155903 2.3412857082894223 12.398165327899168 -18.3606555692723 8.5892762903218891 4.2952123293405773 33.173619394381753 19.18354869151835 -0.88581262279059492 9.9965569768770628 -7.6174522849950907 0.76327562104830271 10.039993560097212 -7.5669084889046276 8.7192994053904478 -5.8331299516506263 23.924222579937009 -14.92861075343091 -12.381891442158336 14.055471137362188 -6.0185851426747092 6.7642410996956732 -20.094706318636433 0.19569926717907368 -18.556344979378878 3.5452198161945483 27.074223454149575 -0.91838119238378246 7.2336394135649513 -11.757968085534879 8.5953102091155653 3.1969215838539697 1.264153339949569 -1.4628692335526696 -17.870620438228695 1.0920265746326374 -18.716782212495591 -1.5058374246806068 -27.803579062018361 30.281364765759982 -13.984838163046616 20.945958807264521 -1.7400110366781172 -1.3277380075393732 -21.557606708021989 2.6166867141315286 -3.9477928277023944 -0.49421439389614535
leaf_weight=16452 51 100 40 41 77 50 81 88 40 60 121 53 51 66 91 77 44 55 53 44 42 48 179 161 40 44 195 173 50 145 40 45 41 63 188 74 42 333 55 50 41 44 50 139 109 583 136 51 49 3716 55 47 45 45 119 59 57 950 54 56 218 14978
leaf_count=16452 51 100 40 41 77 50 81 88 40 60 121 53 51 66 91 77 44 55 53 44 42 48 179 161 40 44 195 173 50 145 40 45 41 63 188 74 42 333 55 50 41 44 50 139 109 583 136 51 49 3716 55 47 45 45 119 59 57 950 54 56 218 14978
internal_value=-0.0538052 0.315414 0.136703 2.26495 1.62497 13.7984 2.34387 3.3405 13.0075 2.37182 3.43176 2.63114 13.3751 1.06778 -7.72143 -6.52313 0.923505 3.30721 -5.13733 4.64671 18.4098 2.65604 6.11548 4.26801 3.45358 -9.58923 2.99499 0.0579258 3.99608 -2.10043 12.4854 -3.82819 -0.741049 -0.419363 -5.09977 -2.40755 -0.0733261 -2.63128 0.558324 -8.03506 2.71766 12.5919 -6.20305 -4.82801 0.079593 4.91263 -6.437 -3.30119 -9.50763 -0.347756 -2.13312 -1.60013 -2.48877 14.0502 -1.76509 -2.42429 -0.971344 -2.38055 -11.3864 12.0255 -7.4936 -0.178899
internal_weight=41344 20569 19283 1732 1641 91 1564 1406 128 1278 1174 1134 144 990 201 158 110 789 108 681 86 595 388 340 91 104 1286 508 335 195 140 207 162 20775 313 262 17551 990 523 105 418 85 467 425 16561 778 375 236 100 20462 1768 1713 1621 92 1576 1513 1176 1061 111 115 337 18694
internal_count=41344 20569 19283 1732 1641 91 1564 1406 128 1278 1174 1134 144 990 201 158 110 789 108 681 86 595 388 340 91 104 1286 508 335 195 140 207 162 20775 313 262 17551 990 523 105 418 85 467 425 16561 778 375 236 100 20462 1768 1713 1621 92 1576 1513 1176 1061 111 115 337 18694
is_linear=0
shrinkage=0.1


Tree=112
num_leaves=63
num_cat=0
split_feature=30 23 10 22 9 11 25 16 7 9 35 18 30 16 24 30 4 33 25 22 7 9 20 23 25 33 22 25 10 24 33 35 24 33 35 4 25 19 32 30 30 23 23 33 32 26 25 19 30 26 29 30 24 33 20 32 32 21 24 25 26 33
split_gain=517855 1.05616e+06 1.90899e+06 1.68242e+06 1.30991e+06 970418 1.23134e+06 1.47385e+06 1.17381e+06 1.95766e+06 845098 710923 569595 2.815e+06 1.50382e+06 833652 1.39177e+06 561847 471332 815219 1.2389e+06 983792 860686 2.37947e+06 863009 655872 1.81481e+06 1.10781e+06 1.26133e+06 1.34017e+06 2.21513e+06 5.83689e+06 1.9253e+06 1.46153e+06 1.43303e+06 1.15599e+06 1.38934e+06 1.09272e+06 914319 839124 994623 791654 780793 1.35781e+06 985781 1.15619e+06 773104 665536 1.20243e+06 992230 871411 813972 748421 2.06664e+06 808391 667709 923570 637567 1.3115e+06 732255 1.39264e+06 1.169e+06
threshold=29655.000000000004 1406.6071428571429 182.07000000000002 -1579.6828571428571 -618.59999999999991 335.00000000000006 -266.74232142857142 976.73333333333346 1152.8550000000002 1095.0000000000002 29656.035000000003 2185.0000000000005 27265.000000000004 665.00000000000011 2024.9332142857145 26290.435000000001 6.5000000000000009 1629.5862500000001 80.359642857142873 215.00750000000005 -78.954999999999984 -749.89999999999986 613.1450000000001 793.03571428571433 -58.684464285714235 285.1785714285715 -440.00357142857138 75.763035714285721 2995.0000000000005 646.09839285714304 72.678571428571445 8649.4200000000001 738.64571428571446 151.49160714285716 10913.670000000002 29.500000000000004 -54.255535714285706 643.57142857142878 733.57142857142878 7565.0000000000009 7055.0000000000009 731.607142857143 875.89285714285722 155.71803571428575 177.74357142857147 2595.0000000000005 -367.92607142857133 1149.2857142857144 21725.000000000004 3055.0000000000005 16165.000000000002 17060.000000000004 1499.3994642857144 788.75000000000011 -734.47071428571417 207.85714285714289 353.15928571428577 942.50000000000011 1020.8858928571429 -135.58321428571421 9020.0000000000018 941.96428571428589
decision_type=2 2 2 2 2 2 2 2 2 2 2 2 2 2 2 2 2 2 2 2 2 2 2 2 2 2 2 2 2 2 2 2 2 2 2 2 2 2 2 2 2 2 2 2 2 2 2 2 2 2 2 2 2 2 2 2 2 2 2 2 2 2
left_child=12 3 -3 4 -2 -4 10 11 9 -9 17 -8 15 -14 -15 18 -17 -7 19 22 57 -22 25 24 -24 26 27 28 29 30 31 -1 33 34 -31 36 -34 -35 39 40 -28 -36 -38 -44 -45 -46 -32 48 51 50 -49 52 53 -27 -54 -51 -57 -21 -59 -60 61 -61
right_child=1 2 5 -5 -6 6 7 8 -10 -11 -12 -13 13 14 -16 16 -18 -19 -20 20 21 -23 23 -25 -26 47 38 -29 -30 32 46 -33 35 37 41 -37 42 -39 -40 -41 -42 -43 43 44 45 -47 -48 49 -50 55 -52 -53 54 -55 -56 56 -58 58 59 60 -62 -63
leaf_value=42.277897543723292 -12.997150119958395 14.549971847138636 10.927490311414489 -21.424093842019843 11.963281636459225 13.682350080998843 -29.232783526397977 2.1541584426207736 7.1648670213137677 -21.106077773186026 -7.4621907871827604 -10.480045272604123 28.874916820073697 -13.088927227214018 8.2720842282466904 0.95468073870493919 -23.646102417601782 -0.0076126945983942583 -0.52645277773039323 1.305523593815223 -3.2879587154570995 4.3927327896667903 -21.96812810073061 0.00087888648232829672 -6.9904702188778991 -1.5658117590166416 -0.075086391804004504 17.526369305088433 17.931783159963523 -17.536393937294317 -9.8685916586712477 0.62489909963009216 -1.9912873938187261 18.069877728570567 1.0692902065083438 16.81522149248309 2.1205893825945492 -2.9270343985949729 -11.594146632112341 7.7776058678890054 -13.328928933574065 -14.115605690172707 26.575004337610832 -0.41172797065026245 25.465627067388098 5.0347252460588274 4.5438468119870175 -0.019757104076194923 -14.415452806193494 -10.492912458572889 16.328010479370928 8.0191077094684378 -18.013895050727921 19.531386195688526 -3.3949268163949284 13.152588881511491 -0.11753883491295691 -7.3908760198575454 2.5100994347588901 -2.344908064934184 13.360853214313352 -19.415549568349064
leaf_weight=57 42 71 46 71 42 62 40 76 66 69 60 41 40 60 73 54 40 58 15545 2415 188 1474 78 409 76 3535 7524 53 54 112 44 82 413 40 127 59 294 65 69 135 57 47 40 106 45 72 240 61 72 61 70 90 55 47 121 53 4613 287 636 589 53 43
leaf_count=57 42 71 46 71 42 62 40 76 66 69 60 41 40 60 73 54 40 58 15545 2415 188 1474 78 409 76 3535 7524 53 54 112 44 82 413 40 127 59 294 65 69 135 57 47 40 106 45 72 240 61 72 61 70 90 55 47 121 53 4613 287 636 589 53 43
internal_value=-0.140232 -2.75454 -0.821417 -10.0977 -0.517182 -2.92952 -4.28101 -8.29067 -3.88676 -8.91793 2.22401 -19.753 -0.0922887 5.63263 -1.36572 -0.116811 -9.52069 7.06825 -0.0948677 0.176083 1.22715 3.52384 -0.137156 -3.98877 -14.5813 -0.0200136 0.545183 3.27324 2.87457 2.43291 7.37329 17.7147 0.961024 -5.012 -8.71609 3.2308 2.4037 5.07654 -0.13816 -0.0356404 -0.174827 -3.03523 5.66235 9.62041 6.57393 12.9003 2.30957 -0.64683 -1.61616 0.135343 8.71855 -1.37648 -1.6016 -1.28872 -7.9672 -0.102614 0.0333317 0.278292 -1.26446 0.0667874 -2.20176 -3.50781
internal_weight=41317 744 589 155 84 518 472 292 211 145 180 81 40573 173 133 40400 94 120 40306 24761 5685 1662 19076 563 154 18513 9735 1950 1897 1843 423 139 1420 391 286 1029 970 105 7785 7716 7581 174 557 263 223 117 284 8778 3920 4858 131 3848 3758 3582 176 4727 4666 4023 1608 1321 685 632
internal_count=41317 744 589 155 84 518 472 292 211 145 180 81 40573 173 133 40400 94 120 40306 24761 5685 1662 19076 563 154 18513 9735 1950 1897 1843 423 139 1420 391 286 1029 970 105 7785 7716 7581 174 557 263 223 117 284 8778 3920 4858 131 3848 3758 3582 176 4727 4666 4023 1608 1321 685 632
is_linear=0
shrinkage=0.1


Tree=113
num_leaves=63
num_cat=0
split_feature=9 33 1 33 32 21 23 22 0 22 34 33 18 24 32 29 8 26 29 21 23 14 18 6 12 22 8 6 32 29 0 28 29 0 28 29 17 24 10 5 22 16 24 17 23 22 9 31 16 22 33 33 19 26 33 28 18 34 26 35 28 33
split_gain=437220 1.05717e+06 713434 587040 1.38178e+06 497274 1.31836e+06 1.09186e+06 1.26333e+06 1.00854e+06 1.03181e+06 842832 1.04511e+06 966493 879248 726441 587511 586169 1.89522e+06 744693 1.13417e+06 547431 593223 791703 635006 532396 1.84989e+06 1.16618e+06 1.97815e+06 1.03935e+06 978679 932691 645248 613283 612345 693069 1.69981e+06 825249 498482 1.00257e+06 486541 1.40316e+06 2.26337e+06 956343 483030 706970 481477 459909 2.04168e+06 3.3475e+06 924469 1.17604e+06 1.72243e+06 1.60694e+06 855071 1.30457e+06 1.05029e+06 2.02804e+06 2.84378e+06 1.12147e+06 1.38924e+06 972551
threshold=-8902.9799999999977 1095.714285714286 2.5000000000000004 1295.0458928571431 1662.1428571428573 2304.6428571428573 1263.7500000000002 -503.48392857142852 12.500000000000002 -82.30642857142864 2.5000000000000004 1561.6071428571429 1873.5714285714287 2212.3214285714289 1662.1428571428573 11102.630000000003 1185.0000000000002 15500.000000000002 56575.000000000007 2367.5000000000005 1565.0000000000002 2775.0000000000005 1802.1428571428573 -1.0000000180025095e-35 783.95000000000016 -1579.6828571428571 -229.84499999999997 -655.0899999999998 1399.2857142857144 27425.000000000004 27.500000000000004 50515.000000000007 28410.630000000005 26.500000000000004 69245.000000000015 56575.000000000007 80.220000000000013 2614.5955357142861 1135.0000000000002 1135.0000000000002 -1432.0046428571427 1665.0000000000002 1280.8648214285715 -758.04833333333329 2346.9642857142862 654.3767857142858 -727.30999999999983 1.5000000000000002 74.27833333333335 -486.15107142857136 1379.2762500000001 1074.464285714286 2226.3407142857145 7345.0000000000009 281.96428571428578 52880.000000000007 4245.7142857142871 4.5000000000000009 2532.4050000000002 49630.665000000008 30855.000000000004 227.80357142857147
decision_type=2 2 2 2 2 2 2 2 2 2 2 2 2 2 2 2 2 2 2 2 2 2 2 2 2 2 2 2 2 2 2 2 2 2 2 2 2 2 2 2 2 2 2 2 2 2 2 2 2 2 2 2 2 2 2 2 2 2 2 2 2 2
left_child=1 2 -1 -3 -5 25 -7 15 9 16 -11 12 -10 14 -14 -8 -9 19 -19 -17 -21 22 23 24 -22 26 27 28 29 -2 32 33 -29 -31 35 37 -37 40 39 -24 41 42 -27 -44 -36 -46 -43 50 49 -49 51 54 53 -53 55 56 -42 58 -58 60 -59 -62
right_child=5 3 -4 4 -6 6 7 8 11 10 -12 -13 13 -15 -16 17 -18 18 -20 20 21 -23 38 -25 -26 34 -28 30 -30 31 -32 -33 -34 -35 44 36 -38 -39 -40 -41 47 46 43 -45 45 -47 -48 48 -50 -51 -52 52 -54 -55 -56 -57 57 59 -60 -61 61 -63
leaf_value=-11.307404752994646 13.291416589696926 19.076695450250543 4.0553215032900383 -4.0235061164374821 19.88064809315809 -14.884978661229022 -13.636776625744197 8.4717608403473701 -11.441464117986769 11.169817725366501 -6.8348328912888299 -12.712438497612498 -7.5412383510580669 17.963824201762751 10.812984423077202 -12.994645822466246 23.296051197681791 -22.589951152960317 4.0193759227900099 16.039249100319218 8.8883666658748819 -11.826660676378257 -12.119547452700422 -14.572277876959493 -7.8347027937225082 -12.084826300321369 22.110495418367179 -11.171821878186023 20.291630283442604 -2.0744851492116658 -17.355596172071824 8.8479398447838218 3.4474754505656358 -16.935314424289039 15.150585027774808 -18.005913230376066 6.1364840839098305 11.598124349361361 10.909160476864333 9.8626205424398492 0.039851012450351171 -21.137525330267266 20.010162033013266 1.6242811581091379 -6.4731745594746251 9.8976027383097609 -7.496122033082492 -28.975573733009767 0.49617494272304674 6.8674108489199135 -8.6059965956170767 6.3115705543406744 -7.9489879483175319 28.268542648524086 -1.1756665761062997 -15.242297731151808 -26.660373427383121 21.907469039414316 6.1512448464876162 22.326133987466882 -2.2288216164759378 13.930026871791771
leaf_weight=55 50 46 67 61 40 75 70 66 53 59 69 62 64 41 44 47 45 54 53 41 48 45 40 51 43 78 47 42 68 70 46 46 107 46 44 68 51 61 66 43 14264 45 52 62 47 60 61 60 15922 46 133 161 64 42 7735 55 42 47 71 57 125 53
leaf_count=55 50 46 67 61 40 75 70 66 53 59 69 62 64 41 44 47 45 54 53 41 48 45 40 51 43 78 47 42 68 70 46 46 107 46 44 68 51 61 66 43 14264 45 52 62 47 60 61 60 15922 46 133 161 64 42 7735 55 42 47 71 57 125 53
internal_value=-0.00953393 4.00856 -2.87225 9.71824 5.44859 -0.0357691 -2.05985 -1.18794 2.24951 7.51594 1.46527 -2.51871 0.612403 4.90245 -0.0620023 -4.06482 14.4894 -2.80181 -9.41386 -1.13228 0.348098 -1.56868 0.0193447 -4.60481 0.986239 0.0238514 3.19642 1.32278 5.45738 0.695539 -4.61394 -3.19495 -0.675732 -7.97237 -0.0180722 -0.0424631 -7.6609 -0.0193471 4.42635 -0.732054 -0.0374517 -4.06237 1.03668 10.016 6.33679 2.70699 -13.2946 -0.00659463 0.404066 -13.4251 -0.294663 -0.245982 6.35101 10.8603 -0.324458 0.123016 0.180718 5.26695 -6.05058 9.80227 6.62528 2.58505
internal_weight=41476 269 122 147 101 41207 1179 1104 503 239 128 264 202 149 108 601 111 531 107 424 377 336 291 142 91 40028 522 475 280 212 195 162 149 116 39506 39355 119 39236 149 83 39175 298 192 114 151 107 106 38877 16028 106 22849 22716 267 203 22449 14714 14659 395 113 282 225 178
internal_count=41476 269 122 147 101 41207 1179 1104 503 239 128 264 202 149 108 601 111 531 107 424 377 336 291 142 91 40028 522 475 280 212 195 162 149 116 39506 39355 119 39236 149 83 39175 298 192 114 151 107 106 38877 16028 106 22849 22716 267 203 22449 14714 14659 395 113 282 225 178
is_linear=0
shrinkage=0.1


Tree=114
num_leaves=63
num_cat=0
split_feature=21 30 21 24 16 35 33 25 28 21 29 33 33 32 35 32 30 30 24 32 9 33 20 12 29 33 24 35 24 25 30 19 35 29 12 25 9 32 29 21 24 4 34 28 28 33 10 30 32 8 35 34 8 24 6 33 19 28 28 17 28 22
split_gain=717907 3.26987e+06 5.25662e+06 1.61135e+06 1.60492e+06 977699 1.16359e+06 1.98762e+06 1.21372e+06 1.00083e+06 896053 954264 1.46097e+06 3.88103e+06 2.72661e+06 1.19545e+06 1.56624e+06 1.16466e+06 1.46822e+06 1.47498e+06 1.00614e+06 1.09195e+06 925119 838046 736089 695450 895032 682062 669263 1.67725e+06 666518 972996 626428 620650 616017 811811 744203 630979 611877 1.43513e+06 1.91303e+06 1.10595e+06 2.15344e+06 1.93953e+06 1.60539e+06 1.57704e+06 2.34736e+06 1.44858e+06 1.04711e+06 1.20797e+06 1.13643e+06 887705 854724 809307 807352 794046 1.0325e+06 779136 1.30397e+06 3.27262e+06 1.73973e+06 1.25127e+06
threshold=1168.6110714285717 27265.000000000004 583.61107142857156 1037.6785714285718 1.0000000180025095e-35 10831.660000000002 316.89750000000009 253.94375000000005 28335.000000000004 1268.0435714285716 631.5100000000001 336.27946428571437 518.63571428571447 1399.2857142857144 96433.185000000012 839.28571428571433 9165.0000000000018 12835.000000000002 1346.8005357142858 1095.0000000000002 721.81500000000017 375.53571428571433 -1185.5849999999998 735.00000000000011 43125.000000000007 476.96428571428578 1280.8648214285715 25795.070000000003 1222.1482142857146 228.56321428571431 725.00000000000011 1174.885 15824.175000000001 16165.000000000002 460.38500000000005 19.618392857142876 685.00000000000011 1054.4400000000003 22555.000000000004 702.15071428571434 762.29571428571444 2.5000000000000004 17.500000000000004 34790.000000000007 33475.000000000007 448.75000000000006 455.00000000000006 10890.000000000002 308.68714285714287 -699.62499999999989 7523.1200000000017 7.5000000000000009 -159.17999999999998 1094.7562500000001 -549.06999999999982 342.32142857142861 1165.8635714285717 22815.000000000004 41575.000000000007 -1278.843333333333 40860.000000000007 -550.99071428571426
decision_type=2 2 2 2 2 2 2 2 2 2 2 2 2 2 2 2 2 2 2 2 2 2 2 2 2 2 2 2 2 2 2 2 2 2 2 2 2 2 2 2 2 2 2 2 2 2 2 2 2 2 2 2 2 2 2 2 2 2 2 2 2 2
left_child=1 24 -3 5 -5 9 30 8 32 -2 23 15 13 14 17 16 -12 18 19 20 -13 -22 -19 -6 38 -24 -27 -21 29 34 -7 -32 -8 -33 35 37 -36 -14 57 40 -40 48 43 44 -43 46 -45 -47 49 -41 55 -49 -42 -54 -48 -50 -57 61 60 -60 -59 -1
right_child=3 2 -4 4 10 6 7 -9 -10 -11 11 12 28 -15 -16 -17 -18 22 -20 27 21 -23 25 -25 -26 26 -28 -29 -30 -31 31 33 -34 -35 36 -37 -38 -39 39 41 52 42 -44 45 -46 47 54 51 50 -51 -52 -53 53 -55 -56 56 -58 58 59 -61 -62 -63
leaf_value=3.0402218643614387 3.9837852688169861 -3.13072020179027 46.170678028482932 -14.481850516505723 -20.060564134622151 5.5690949176631213 -18.141361914186827 -0.0069948424118327001 -27.387019281558878 -6.2006802322889936 -4.2513914383639753 2.1426792801321377 -7.9608645864883094 25.247126670383402 -23.272801891187346 -20.68010237142537 16.013430296169567 -14.668516999875434 -3.2944159194730798 8.886483283554373 22.064510941752616 5.6506378506962838 -7.3393257531329228 -2.5108608799637535 -10.739669036634695 -3.7539470894351861 15.030645198599059 24.062584197873619 -0.33225589516943338 -23.114366413298114 -14.42080488586172 -7.9114163476271244 -4.030543344436758 7.3083098315465866 -9.0107081178706103 14.202923506006824 3.8616703795761875 7.0555865862417679 24.6459555545634 3.2696955740328715 0.59348094373275495 3.2837405486574278 21.78257531924082 24.210702674717041 20.989243466587748 -22.557472253431563 -13.91594380680047 -10.239911477330866 -14.891708592851035 -8.3500514491795279 4.6119911066474799 4.6974227649173548 5.5025262999164859 22.685822774289406 4.0287263546284491 11.472718389188527 -8.0667147214543728 -1.3050461526969288 27.191903904695188 1.0060441884357925 -21.263143166943664 0.086361440749462892
leaf_weight=1544 204 47 40 80 43 74 65 99 75 183 538 1034 69 72 43 40 41 63 294 75 53 172 85 74 62 55 47 49 7041 43 75 49 61 59 170 43 61 47 54 121 217 735 56 41 55 61 46 105 58 343 338 64 87 40 55 44 70 5148 54 408 44 20135
leaf_count=1544 204 47 40 80 43 74 65 99 75 183 538 1034 69 72 43 40 41 63 294 75 53 172 85 74 62 55 47 49 7041 43 75 49 61 59 170 43 61 47 54 121 217 735 56 41 55 61 46 105 58 343 338 64 87 40 55 44 70 5148 54 408 44 20135
internal_value=-0.0582469 0.196908 19.55 -0.738718 -0.377371 -4.69339 -7.37573 -11.6056 -17.3169 -0.832291 -0.267238 -0.166767 0.0807217 2.4512 1.61743 -3.97116 -2.81514 2.17343 3.12265 4.48687 3.46163 9.52108 -4.19327 -8.96661 0.140723 -0.661174 4.90477 14.8908 -0.566937 -4.38259 -2.43682 -5.67485 -11.3143 0.402552 -2.31458 2.47534 -5.61139 -1.87615 0.163285 1.63227 7.15615 0.629165 2.63777 1.71422 4.51766 -4.23911 4.04647 -9.35434 -1.88262 -5.31987 1.24481 -4.58342 4.40746 10.9214 -4.14689 -5.37148 -0.523412 0.0240846 -1.02136 4.06935 -1.47439 0.296745
internal_weight=41348 30072 87 11276 10332 944 557 300 201 387 10252 10135 9516 2042 1970 619 579 1927 1677 1383 1259 225 250 117 29985 187 102 124 7474 433 257 183 126 108 390 159 231 116 29923 2590 398 2192 1218 1162 790 372 142 230 974 464 510 169 344 127 101 172 114 27333 5654 462 5192 21679
internal_count=41348 30072 87 11276 10332 944 557 300 201 387 10252 10135 9516 2042 1970 619 579 1927 1677 1383 1259 225 250 117 29985 187 102 124 7474 433 257 183 126 108 390 159 231 116 29923 2590 398 2192 1218 1162 790 372 142 230 974 464 510 169 344 127 101 172 114 27333 5654 462 5192 21679
is_linear=0
shrinkage=0.1


Tree=115
num_leaves=63
num_cat=0
split_feature=22 33 30 30 24 23 23 33 23 23 30 22 16 32 30 30 35 8 28 1 28 4 28 4 31 32 23 31 32 24 23 28 23 35 35 5 6 28 32 33 0 5 29 7 16 21 28 22 16 35 29 33 32 23 24 18 30 29 21 29 29 32
split_gain=421795 1.57898e+06 1.06068e+06 1.00119e+06 979021 1.15609e+06 1.00141e+07 1.07536e+06 1.93769e+06 1.25427e+06 1.04679e+06 2.31431e+06 2.10621e+06 1.94455e+06 1.39581e+06 2.5562e+06 1.51061e+06 1.21226e+06 828292 787510 1.90643e+06 1.43382e+06 1.29542e+06 854959 948447 1.01454e+06 747015 3.05679e+06 1.88669e+06 1.5439e+06 1.56324e+06 1.1421e+06 1.59157e+06 1.17947e+06 1.06011e+06 1.6407e+06 884158 824090 750669 746111 712404 681697 645166 628402 555647 537158 530546 547305 790180 510529 495345 489047 879729 462740 1.77286e+06 663644 592458 1.02608e+06 2.89245e+06 1.38302e+06 1.95811e+06 681622
threshold=-1058.5242857142855 229.82142857142858 38544.735000000008 5405.0000000000009 924.82142857142867 1508.7500000000002 1470.8928571428576 596.69732142857163 1570.1785714285718 1545.5357142857144 16335.000000000002 -1315.8764285714285 637.33500000000015 491.17357142857151 14000.000000000002 12939.835000000001 4460.2900000000009 -758.68999999999994 36885.000000000007 4.5000000000000009 43870.000000000007 7.5000000000000009 47855.000000000007 2.5000000000000004 3.5000000000000004 1372.1428571428573 1364.464285714286 3.5000000000000004 608.65571428571445 1514.1071428571429 1339.8214285714287 29355.000000000004 1289.1071428571429 12663.930000000002 20272.260000000006 -549.06999999999982 -468.05499999999995 31425.000000000004 385.7171428571429 1489.8214285714287 25.500000000000004 -649.43999999999994 46340.000000000007 -629.15999999999997 1276.8300000000002 1311.6042857142859 69245.000000000015 -212.13750000000002 1016.8900000000001 38155.840000000004 20231.420000000002 897.32142857142867 1865.0000000000002 262.50000000000006 1193.9089285714288 939.28571428571433 9674.8650000000016 23490.960000000003 772.99678571428592 21055.000000000004 19451.420000000002 42.142857142857146
decision_type=2 2 2 2 2 2 2 2 2 2 2 2 2 2 2 2 2 2 2 2 2 2 2 2 2 2 2 2 2 2 2 2 2 2 2 2 2 2 2 2 2 2 2 2 2 2 2 2 2 2 2 2 2 2 2 2 2 2 2 2 2 2
left_child=1 3 46 44 50 6 10 8 9 -7 14 12 40 -13 15 16 -6 -14 -19 22 -21 -22 51 -24 42 -26 29 28 -28 30 31 38 33 36 37 43 41 -35 -18 -4 -12 -33 -25 -36 -1 -34 53 -48 -49 -10 -3 -9 -53 54 55 56 57 59 -59 60 61 -2
right_child=2 4 39 -5 5 7 -8 19 49 -11 11 13 17 -15 -16 -17 26 18 -20 20 21 -23 23 24 25 -27 27 -29 -30 -31 -32 32 45 34 35 -37 -38 -39 -40 -41 -42 -43 -44 -45 -46 -47 47 48 -50 -51 -52 52 -54 -55 -56 -57 -58 58 -60 -61 -62 -63
leaf_value=11.226000661456354 0.08730224613326136 -2.4001211487845091 -0.6651502607225992 22.928306377541887 -13.64306715119227 -7.6427002621335909 44.069975719741166 -2.4768043040300949 4.1046752344774822 -32.235576074443735 4.8879044890900047 -33.433388928199072 4.0047912114057729 -2.6307107701581369 16.742005518562149 -22.512447205678466 1.7121195746430062 -2.0404323670103994 -19.863541068107615 -7.8670940676392433 2.6500011103320791 25.090927773578727 -20.333116850115356 -20.590501744421687 12.001484269108058 -7.2481286813605159 12.152724737810667 30.089455590915964 -11.142203964840892 16.584817519632885 -16.794897348442444 -7.5514006503998052 5.3498805972228745 -2.7051789398774053 0.94315720490419164 -15.933239416312956 16.433610825559345 -17.355662592818874 17.573454618215731 -17.550887522225054 21.640466759775883 8.0548885769804368 -3.1357391989632943 16.915649693140228 -3.2515278531560785 20.595405188780035 -3.0662869821972571 2.1481738337617018 21.174998304102758 -8.5739433832196603 -18.136437590381181 15.625437517627951 -1.4710339716350684 0.023503404695718804 -22.193531694662262 -7.2566916751995638 -8.4193816688959426 29.526286194299576 -2.0459834718891639 -13.332011378365081 21.571199762865849 -4.3623224600212174
leaf_weight=69 1868 40 47 48 54 41 56 77 84 42 60 42 74 40 65 42 52 44 64 66 59 55 41 45 51 59 76 51 64 68 47 58 53 64 64 44 46 96 70 59 44 54 40 40 43 41 42 48 40 51 40 65 56 35534 40 160 94 43 89 85 40 422
leaf_count=69 1868 40 47 48 54 41 56 77 84 42 60 42 74 40 65 42 52 44 64 66 59 55 41 45 51 59 76 51 64 68 47 58 53 64 64 44 46 96 70 59 44 54 40 40 43 41 42 48 40 51 40 65 56 35534 40 160 94 43 89 85 40 422
internal_value=0.0031061 1.22475 -0.0805827 10.8521 0.604674 0.966776 2.56129 -2.04782 -8.08047 -20.0993 1.02759 -3.61374 0.633439 -18.4185 2.51421 1.66033 2.6357 -5.85326 -12.6066 0.094541 5.65463 13.4831 -2.21186 -7.21542 -4.45281 1.67804 3.52609 9.14223 1.5034 2.17969 0.834947 2.05106 0.140661 -2.254 -5.85702 0.243308 4.76922 -11.4982 10.8164 -10.0677 11.9826 -0.0266585 -12.3832 7.09165 5.66865 12.007 -0.0530761 6.32327 10.8039 -0.686389 -10.2748 3.75226 7.71564 -0.0746851 -1.30276 -1.00404 -0.625102 -0.337283 8.24617 -0.806604 -0.34939 -0.732747
internal_weight=41256 2645 38611 160 2485 2405 1573 832 218 83 1517 368 286 82 1149 1084 1042 182 108 614 180 114 434 236 195 110 988 191 140 797 729 682 560 466 308 148 158 160 122 106 104 112 85 104 112 94 38505 130 88 135 80 198 121 38375 2841 2801 2641 2547 132 2415 2330 2290
internal_count=41256 2645 38611 160 2485 2405 1573 832 218 83 1517 368 286 82 1149 1084 1042 182 108 614 180 114 434 236 195 110 988 191 140 797 729 682 560 466 308 148 158 160 122 106 104 112 85 104 112 94 38505 130 88 135 80 198 121 38375 2841 2801 2641 2547 132 2415 2330 2290
is_linear=0
shrinkage=0.1


Tree=116
num_leaves=63
num_cat=0
split_feature=25 34 1 13 25 24 25 15 21 21 34 17 2 29 35 25 18 9 24 25 24 19 33 33 20 14 15 17 15 9 12 18 25 25 29 24 25 8 33 29 35 20 32 21 33 23 29 35 34 33 31 29 17 17 24 33 18 13 4 33 19 10
split_gain=594755 2.59237e+06 3.05334e+06 510191 928183 1.28804e+06 806417 766418 966943 649752 1.3386e+06 868943 909101 851745 844928 841589 808436 768934 944998 749370 700772 696983 883281 2.00352e+06 4.09294e+06 1.51196e+06 1.19751e+06 726631 717060 698896 677650 650272 1.28437e+06 924170 873875 897681 1.09631e+06 1.01218e+06 763709 1.7867e+06 724948 1.87419e+06 1.31839e+06 1.4113e+06 1.08549e+06 1.0082e+06 1.52508e+06 2.48176e+06 933967 906086 1.54742e+06 1.34893e+06 1.22209e+06 3.25508e+06 1.64113e+06 1.23703e+06 1.06201e+06 829092 765806 818452 908033 777788
threshold=-1475.7339285714286 2.5000000000000004 3.5000000000000004 820.19000000000017 -1097.8932142857141 1447.6785714285718 2111.1917857142857 12221.666666666668 1153.9285714285718 1139.4225000000004 2.5000000000000004 1615.0000000000002 1.0000000180025095e-35 46340.000000000007 96433.185000000012 118.61714285714288 5794.2857142857147 444.99500000000006 1020.8858928571429 -1097.8932142857141 985.60964285714294 3959.9457142857145 572.65232142857155 506.60714285714295 -1155.2114285714285 1535.0000000000002 1911.6666666666667 -2440.9249999999997 1501.6666666666667 -1861.2549999999999 555.00000000000011 1395.0000000000002 -255.13982142857139 83.628392857142842 1685.0000000000002 678.28875000000005 -100.80660714285716 -589.52499999999986 975.38107142857154 39762.455000000009 14118.945000000002 -335.53214285714279 420.61142857142863 958.03107142857152 492.6785714285715 764.46428571428589 11809.840000000002 16527.400000000005 2.5000000000000004 216.60714285714286 3.5000000000000004 15443.135000000002 -1698.0599999999997 -1278.843333333333 914.71107142857147 460.89285714285717 1257.8571428571431 540.00500000000011 15.500000000000002 480.53571428571433 677.482142857143 725.00000000000011
decision_type=2 2 2 2 2 2 2 2 2 2 2 2 2 2 2 2 2 2 2 2 2 2 2 2 2 2 2 2 2 2 2 2 2 2 2 2 2 2 2 2 2 2 2 2 2 2 2 2 2 2 2 2 2 2 2 2 2 2 2 2 2 2
left_child=1 -1 -3 9 5 -5 7 -6 -9 13 17 19 16 14 31 -16 -13 18 20 -12 -11 22 23 26 -25 -24 27 -20 -27 -29 -30 33 -33 34 35 36 -2 -37 39 -36 41 42 43 -35 48 46 -42 -48 -43 50 -47 56 -53 -54 -55 57 58 -56 61 60 -60 -51
right_child=3 2 -4 4 6 -7 -8 8 -10 10 11 12 -14 -15 15 -17 -18 -19 21 -21 -22 -23 25 24 -26 28 -28 29 30 -31 -32 32 -34 40 38 37 -38 -39 -40 -41 45 44 -44 -45 -46 49 47 -49 -50 51 -52 52 53 54 55 -57 -58 -59 59 -61 -62 -63
leaf_value=-12.14609649844264 -8.7581234323579693 33.003872054344889 -0.44638340510893226 19.720646093822356 0.43471393111728462 -2.3330911735590245 -13.348937059857404 21.169248033730728 2.052178812912838 -1.4595109268685764 -10.835084467721348 -6.6203207686990995 -16.820762671745452 13.893185053077378 18.394935368571463 3.0676698918765921 7.5076810828852976 -1.7223007841544939 -8.6345678315673666 -1.5501155075631337 -15.956042656804351 14.988297778771537 -2.0677016019184222 42.317926234246471 4.8135242134019895 19.31982542575469 15.307529329082355 10.617809171131142 -5.6342683334433428 -0.30983675361923102 8.54133072864059 -12.431109744269147 1.8057673811022683 -7.7156543447302823 0.54236452963091197 -8.4217656207347673 -1.686919230156815 4.1594206632174267 13.10446521608192 -20.614244454392189 0.8531774746108165 -4.1576545473449285 2.6848808726796616 -25.615979144478434 -16.769982986796592 -1.9464864923215228 31.486241258666873 2.2191347411852194 -0.060211407453119398 -2.089797431133225 -20.180670957436305 -8.3943609802105357 27.669762123716545 11.362442070468747 -9.7418173632773932 10.633427366413731 -13.156181779129486 1.9127800824278491 -1.2865212441185965 -7.0147118976779641 7.2991695213072907 -15.246184570351932
leaf_weight=53 275 50 60 59 10179 48 42 40 78 148 89 258 73 44 44 192 48 889 76 3643 43 45 655 41 100 42 60 76 46 254 126 65 2449 433 12045 77 1081 376 48 40 358 714 108 49 44 1483 48 73 2518 199 48 65 62 167 130 72 72 115 240 95 253 58
leaf_count=53 275 50 60 59 10179 48 42 40 78 148 89 258 73 44 44 192 48 889 76 3643 43 45 655 41 100 42 60 76 46 254 126 65 2449 433 12045 77 1081 376 48 40 358 714 108 49 44 1483 48 73 2518 199 48 65 62 167 130 72 72 115 240 95 253 58
internal_value=-0.0131338 6.01458 14.7663 -0.0369321 0.56711 9.83087 0.47119 0.527625 8.53881 -0.241452 -1.11176 -2.23505 -6.79696 0.000534163 -0.0248628 5.92861 -4.40328 0.663662 1.90265 -1.77169 -4.72648 2.73524 2.36117 5.288 15.7302 0.316578 2.12708 0.177568 7.61306 2.20805 4.74962 -0.0837613 1.43743 -0.262921 0.216579 -1.83373 -3.12125 2.02019 0.522282 0.472253 -1.16583 -2.11243 -7.30044 -9.53788 -1.17798 -0.131464 4.13425 13.8375 -0.965453 -0.799478 -2.51881 0.923252 4.56303 6.10621 3.34135 -0.885379 -1.50205 -4.272 -0.508311 1.48196 3.11981 -5.06135
internal_weight=41461 163 110 41298 10446 107 10339 10297 118 30852 6712 4111 379 24140 24096 236 306 2601 1712 3732 191 1521 1476 607 141 869 466 406 214 330 172 23860 2514 21346 13942 1809 1356 453 12133 12085 7404 3866 590 482 3276 3538 479 121 3232 3059 1531 1528 611 546 484 317 917 245 845 588 493 257
internal_count=41461 163 110 41298 10446 107 10339 10297 118 30852 6712 4111 379 24140 24096 236 306 2601 1712 3732 191 1521 1476 607 141 869 466 406 214 330 172 23860 2514 21346 13942 1809 1356 453 12133 12085 7404 3866 590 482 3276 3538 479 121 3232 3059 1531 1528 611 546 484 317 917 245 845 588 493 257
is_linear=0
shrinkage=0.1


Tree=117
num_leaves=63
num_cat=0
split_feature=23 21 23 35 23 33 0 23 23 22 0 21 24 20 20 26 26 19 26 35 22 30 22 30 35 30 35 26 32 29 26 4 26 35 34 21 0 30 17 20 23 23 33 22 8 26 26 26 34 29 23 5 24 34 19 33 29 23 23 13 20 33
split_gain=419536 1.10948e+06 1.93122e+06 1.23644e+06 929497 3.26698e+06 4.0808e+06 898509 1.7437e+06 915341 808485 773881 1.03016e+06 667933 1.08317e+06 1.60399e+06 1.31804e+06 899518 775671 659141 1.06791e+06 639678 1.07415e+06 1.03125e+06 1.09532e+06 1.02025e+06 770259 726471 697610 1.64178e+06 1.2601e+06 2.13122e+06 1.92847e+06 1.30343e+06 1.18386e+06 1.13716e+06 1.3199e+06 1.30992e+06 922219 911853 856192 831487 1.02459e+06 1.01721e+06 816693 803475 2.3028e+06 763663 1.01393e+06 699075 601762 1.17545e+06 695623 1.91391e+06 2.32701e+06 1.75477e+06 3.08452e+06 715280 1.1808e+06 1.00106e+06 797551 1.18014e+06
threshold=1809.1071428571429 1041.6621428571432 2666.9642857142862 183683.19000000003 1770.8928571428576 666.607142857143 15.500000000000002 2116.6071428571436 1948.3928571428573 886.83464285714297 19.500000000000004 1127.4714285714288 1208.2196428571431 3094.4607142857149 1556.3692857142858 1235.0000000000002 1445.0000000000002 847.35857142857151 1755.0000000000002 161154.62500000003 2063.9042857142863 44715.000000000007 -550.99071428571426 23085.000000000004 27908.945000000003 14135.000000000002 24200.905000000002 2021.0350000000001 866.07500000000016 6110.1950000000006 8205.0000000000018 21.500000000000004 8715.0000000000018 18136.110000000004 2.5000000000000004 1551.0714285714287 3.5000000000000004 34640.000000000007 -436.66666666666657 -814.79642857142846 2214.1071428571436 2116.6071428571436 1210.5591071428573 37.075000000000109 444.99500000000006 5905.0000000000009 5285.0000000000009 3635.0000000000005 8.5000000000000018 28774.620000000003 1758.0357142857144 260.20000000000005 1776.839285714286 12.500000000000002 472.88642857142861 960.89285714285722 29135.000000000004 1728.3928571428576 1659.8214285714287 1582.5650000000003 895.71428571428567 674.32964285714297
decision_type=2 2 2 2 2 2 2 2 2 2 2 2 2 2 2 2 2 2 2 2 2 2 2 2 2 2 2 2 2 2 2 2 2 2 2 2 2 2 2 2 2 2 2 2 2 2 2 2 2 2 2 2 2 2 2 2 2 2 2 2 2 2
left_child=4 2 7 11 50 6 -6 8 9 -2 -7 -3 -13 14 15 -14 -16 -17 -19 20 -4 22 23 25 -25 -20 -27 -24 29 -29 31 33 34 -30 -32 -34 -37 39 44 40 -38 -41 -43 -44 -31 46 47 48 -40 -35 52 -52 57 54 -54 56 -56 58 -1 -59 -60 -62
right_child=1 3 19 -5 5 10 -8 -9 -10 -11 -12 12 13 -15 16 17 -18 18 21 -21 -22 -23 27 24 -26 26 -28 28 30 38 32 -33 35 49 -36 36 37 -39 45 41 -42 42 43 -45 -46 -47 -48 -49 -50 -51 51 -53 53 -55 55 -57 -58 59 60 -61 61 -63
leaf_value=0.046673879327571638 -27.85608822599178 9.3838104850935178 -3.1435692870134329 14.893738877784736 1.2614294756532889 2.7958538983176506 40.768143906044067 -21.057096498081467 3.0552253318661093 -8.322159479410919 -11.679769864703974 -13.407970235056371 -15.046008105342999 -11.237087615618513 21.950282317190954 12.758837470952258 0.11302669640355463 -12.389431324057099 -7.1815195265679366 -8.3711704861358758 15.958305616226369 11.701780214431533 13.774966832810286 -14.350084327089249 2.6817095357340417 14.498955271434202 -1.9356594623963528 -17.842109020053162 -12.839321735667845 0.5542511705801465 -1.1042611792084969 23.824256422261293 16.047570642404803 -0.84360858700546304 -22.932037496787331 14.216083386162445 10.276537067840403 10.581610073382341 13.311441909824694 4.2385070312250539 -3.6175674424320095 -16.133965168995072 -10.536703811219889 9.8887904261264978 -17.44764962083995 -10.516159208516394 23.695636936308293 -8.1339561011201607 -3.1204536649428998 17.416400681992531 -14.058115705906951 4.6851822876058229 -21.961049019650432 21.506761043148813 1.4489032798015229 0.60625747017646703 28.742179280352545 2.2406432744726361 -7.1929066296392268 20.291410048981287 9.3276477359816994 -10.905875978565112
leaf_weight=36234 42 74 58 52 56 97 49 70 82 56 64 65 77 58 47 51 67 55 111 40 59 43 41 154 50 57 57 63 42 48 46 65 53 40 54 65 79 84 66 55 101 112 60 41 53 44 49 79 87 44 83 56 40 51 111 782 66 132 371 40 80 45
leaf_count=36234 42 74 58 52 56 97 49 70 82 56 64 65 77 58 47 51 67 55 111 40 59 43 41 154 50 57 57 63 42 48 46 65 53 40 54 65 79 84 66 55 101 112 60 41 53 44 49 79 87 44 83 56 40 51 111 782 66 132 371 40 80 45
internal_value=0.0121392 -1.14844 -5.98844 -0.356903 0.0997661 5.98998 19.7086 -11.4464 -7.70411 -16.7038 -2.96024 -0.682618 -0.998053 -0.646747 -0.372286 -0.881582 9.12183 -0.348936 -0.683832 2.70346 6.49166 -0.352172 -0.625275 -5.02781 -10.176 -0.358906 6.28436 0.658797 0.282267 -2.78149 1.87445 9.12471 0.0275531 1.53512 -12.8969 2.01677 0.769911 -0.87412 -0.552367 -3.02302 2.48153 -6.7199 -9.54989 -2.24433 -8.8962 2.04159 4.00947 -0.15257 3.96982 8.72577 0.0586252 -6.50785 0.0826837 2.62067 1.65548 2.64163 11.6313 0.0104649 -0.019667 6.4432 -4.86556 2.04209
internal_weight=41253 2896 407 2489 38357 266 105 250 180 98 161 2437 2363 2298 2240 2126 114 2049 1998 157 117 1943 1900 429 204 225 114 1471 1430 489 941 191 750 126 100 650 597 532 426 448 180 268 213 101 101 325 281 232 153 84 38091 139 37952 1050 999 959 177 36902 36730 172 496 125
internal_count=41253 2896 407 2489 38357 266 105 250 180 98 161 2437 2363 2298 2240 2126 114 2049 1998 157 117 1943 1900 429 204 225 114 1471 1430 489 941 191 750 126 100 650 597 532 426 448 180 268 213 101 101 325 281 232 153 84 38091 139 37952 1050 999 959 177 36902 36730 172 496 125
is_linear=0
shrinkage=0.1


Tree=118
num_leaves=63
num_cat=0
split_feature=25 1 20 1 19 28 11 29 25 35 4 32 21 28 10 0 33 12 29 19 35 13 11 12 19 33 29 28 23 9 35 9 33 17 26 22 13 9 1 22 29 32 22 35 28 25 25 33 22 33 24 16 26 7 20 35 35 35 28 35 15 25
split_gain=763701 2.03247e+06 4.79776e+06 2.65978e+06 2.23072e+06 2.08361e+06 1.37945e+06 517144 846058 1.17886e+06 894027 692408 702043 595791 557230 496036 883615 601752 770651 775634 672121 884163 614440 794390 581840 409657 390050 1.68814e+06 1.44471e+06 2.00739e+06 1.82682e+06 1.7918e+06 1.09335e+06 1.02139e+06 5.2604e+06 923643 853277 1.25442e+06 1.40344e+06 726095 864040 753560 711270 1.3716e+06 1.82337e+06 1.20013e+06 1.65654e+06 1.47655e+06 1.14938e+06 904878 775847 676109 647200 636261 1.00405e+06 1.02077e+06 1.10753e+06 1.21834e+06 962098 1.87714e+06 1.13081e+06 1.10073e+06
threshold=-1249.4976785714282 3.5000000000000004 -628.57142857142878 2.5000000000000004 963.57142857142878 41575.000000000007 605.00000000000011 631.5100000000001 -15.357142857142838 11748.020000000002 27.500000000000004 170.71428571428575 1359.3864285714287 1095.0000000000002 360.38000000000005 1.5000000000000002 64.107142857142875 973.81000000000006 932.60500000000013 765.77214285714297 31756.850000000002 875.00000000000011 755.00000000000011 1725.0000000000002 1095.7985714285717 78.851607142857162 33690.630000000012 34790.000000000007 1189.8214285714287 -99.899999999999991 9961.6550000000007 -1169.8099999999997 842.32142857142867 -2206.7599999999998 6354.6200000000008 -806.03892857142853 153.71000000000001 -678.78999999999985 2.5000000000000004 116.47714285714288 41782.280000000006 2602.8571428571436 -1432.0046428571427 49630.665000000008 43870.000000000007 149.8721428571429 -228.52553571428572 543.39285714285722 -1366.3878571428568 423.00625000000008 1690.1785714285718 3901.2600000000007 16590.000000000004 -788.94999999999993 -1684.5757142857144 38155.840000000004 28573.085000000003 31756.850000000002 54560.000000000007 15962.340000000002 2225.0000000000005 184.08589285714285
decision_type=2 2 2 2 2 2 2 2 2 2 2 2 2 2 2 2 2 2 2 2 2 2 2 2 2 2 2 2 2 2 2 2 2 2 2 2 2 2 2 2 2 2 2 2 2 2 2 2 2 2 2 2 2 2 2 2 2 2 2 2 2 2
left_child=1 2 3 5 -3 -1 -6 8 11 -10 -11 13 -13 -2 -12 16 -9 18 19 -18 21 24 23 -19 -20 -15 42 28 32 31 -31 -30 35 34 -29 -28 37 -35 -39 40 -36 51 43 44 45 46 50 -48 49 -44 -17 -42 -50 -38 -55 56 58 -58 60 -60 -56 -62
right_child=7 4 -4 -5 6 -7 -8 15 9 10 14 12 -14 25 -16 26 17 22 20 -21 -22 -23 -24 -25 -26 -27 27 33 29 30 -32 -33 -34 36 39 -37 53 38 -40 -41 41 -43 48 -45 -46 -47 47 -49 52 -51 -52 -53 -54 54 55 -57 57 -59 59 -61 61 -63
leaf_value=-4.7843978377019578 -3.2331259000060402 -23.828624777014042 42.651422824931061 -18.37862376881003 18.494597077101805 25.437252614904871 -5.2382426535298583 13.985669136340579 -2.6003351287394594 18.627231124933505 10.088377392578879 2.6861483334728375 -11.87629255789642 -8.008830447555388 -1.6899113956122667 -18.510020724349598 -1.3726295451748509 -8.0663408436235056 1.8576467859436638 13.64961551009754 -11.546862541133683 -8.4127279486640667 -8.303041685819025 9.865630597399667 17.645038331968806 -17.983887453454134 16.187666289786986 38.749279651688312 10.525596972758407 -4.0599082578677121 16.242636651550701 39.1372922967035 -12.696677280242952 -21.707075027534167 -8.8804720286763548 -4.1886537081773332 -3.7426038061280957 11.156144473872891 -13.412401815011524 11.765000027510169 6.0821937159840012 8.9349719452204948 22.433802075332476 -20.899910696319868 13.966721518569745 -15.737294503151052 -4.0982275027996016 15.163627864556247 0.045587435312209192 2.8871931347120028 -1.9477260858818934 -8.0574229779263558 -12.367821493160145 -7.2111180328983524 1.7613004357652438 10.031697069069805 -19.792384460689213 1.0085958450064871 -7.1888073611569103 16.205622487044128 -1.6375715103026427 -20.543306645197671
leaf_weight=40 183 40 40 40 40 53 63 65 395 48 68 171 41 127 98 62 49 41 56 115 41 46 99 62 40 61 43 41 47 95 83 41 51 46 92 46 389 45 48 55 57 104 40 43 60 79 86 74 35797 58 52 83 42 144 942 129 53 60 50 109 93 46
leaf_count=40 183 40 40 40 40 53 63 65 395 48 68 171 41 127 98 62 49 41 56 115 41 46 99 62 40 61 43 41 47 95 83 41 51 46 92 46 389 45 48 55 57 104 40 43 60 79 86 74 35797 58 52 83 42 144 942 129 53 60 50 109 93 46
internal_value=0.121412 5.01834 12.3083 3.16992 -3.80216 12.4431 3.98285 0.083839 -1.96865 0.638025 6.61461 -4.69141 -0.132285 -7.29625 3.13648 0.145007 2.96531 1.65936 4.18515 9.16218 -0.2764 2.98063 -2.67942 2.72716 8.44154 -11.2494 0.101036 1.19857 7.19295 11.5199 5.40888 23.8708 -1.02945 0.257337 4.69479 5.65959 -0.632711 -8.20922 -1.52474 1.11934 -0.624724 2.48926 0.0108018 -3.91359 -2.14271 -4.88247 -1.75047 4.8123 0.0606034 10.8728 -10.9595 -2.30043 0.0310227 -0.109871 0.7593 1.53397 0.723426 -8.75201 1.58724 8.8489 0.518781 -7.89932
internal_weight=41507 316 173 133 143 93 103 41191 1192 609 214 583 212 371 166 39999 614 549 347 164 183 142 202 103 96 188 39385 2992 406 266 178 88 140 2586 432 89 2154 139 93 391 336 244 36393 456 413 353 274 160 35937 98 114 140 35839 2015 1626 1482 1353 113 1240 159 1081 139
internal_count=41507 316 173 133 143 93 103 41191 1192 609 214 583 212 371 166 39999 614 549 347 164 183 142 202 103 96 188 39385 2992 406 266 178 88 140 2586 432 89 2154 139 93 391 336 244 36393 456 413 353 274 160 35937 98 114 140 35839 2015 1626 1482 1353 113 1240 159 1081 139
is_linear=0
shrinkage=0.1


Tree=119
num_leaves=63
num_cat=0
split_feature=28 0 21 4 35 35 28 24 4 24 7 8 29 4 33 20 30 19 24 35 17 28 28 22 30 30 22 19 28 22 28 4 35 22 21 33 28 18 4 30 30 24 18 26 16 21 21 21 35 28 34 22 21 22 21 30 30 34 35 33 22 33
split_gain=391699 1.29176e+06 3.55695e+06 2.71871e+06 4.40689e+06 1.44422e+06 1.28854e+06 5.32239e+06 799354 1.23399e+06 1.11332e+06 711384 953099 1.28339e+06 681711 1.10377e+06 744485 668273 642971 1.04867e+06 789304 1.0891e+06 1.78045e+06 1.32896e+06 676808 820861 1.14122e+06 720430 639298 1.05305e+06 1.27241e+06 719099 730072 718506 577270 559281 2.00498e+06 1.50549e+06 1.99572e+06 990280 1.63759e+06 982590 1.98352e+06 3.16175e+06 1.21191e+06 5.30725e+06 7.55392e+06 1.07304e+06 1.09381e+06 993723 926253 1.249e+06 1.21941e+06 2.93481e+06 1.29715e+06 911443 2.11006e+06 9.49602e+06 1.73116e+06 1.62264e+06 1.43951e+06 1.3497e+06
threshold=8365.0000000000018 15.500000000000002 1054.4064285714287 13.500000000000002 6086.5150000000003 41614.105000000003 8125.0000000000009 270.72160714285718 5.5000000000000009 583.24750000000006 -618.59999999999991 135.00000000000003 13952.765000000001 17.500000000000004 1125.1785714285718 69.857857142857242 1265.0000000000002 532.92142857142869 534.34500000000014 0.20000000000000004 -146.41166666666663 8585.0000000000018 8695.0000000000018 -197.12928571428566 3255.0000000000005 4391.1650000000009 -192.06892857142853 297.17928571428581 9045.0000000000018 -147.84107142857138 10255.000000000002 10.500000000000002 4460.2900000000009 -424.7589285714285 1623.9285714285718 177.32142857142858 18205.000000000004 1.0000000180025095e-35 13.500000000000002 2975.0000000000005 3191.8200000000002 1075.8146428571433 4945.7142857142871 2700.0200000000004 270.48666666666674 640.29964285714289 931.4657142857144 1389.319642857143 76700.345000000016 39565.000000000007 18.500000000000004 266.44500000000011 796.06892857142873 -746.92821428571426 810.34857142857152 2285.0000000000005 1665.0000000000002 11.500000000000002 4705.795000000001 108.75000000000001 -1058.5242857142855 67.678571428571445
decision_type=2 2 2 2 2 2 2 2 2 2 2 2 2 2 2 2 2 2 2 2 2 2 2 2 2 2 2 2 2 2 2 2 2 2 2 2 2 2 2 2 2 2 2 2 2 2 2 2 2 2 2 2 2 2 2 2 2 2 2 2 2 2
left_child=1 3 5 4 -1 6 8 -8 10 -10 -3 12 -5 -14 16 -16 34 -12 19 -2 21 23 -23 -21 28 27 -27 -26 -24 30 31 32 -30 -32 -13 36 37 38 -20 -39 -41 42 47 -44 45 -43 -47 48 -37 -50 52 -52 53 -46 -54 56 59 61 -57 -38 -60 -58
right_child=18 2 -4 11 -6 -7 7 -9 9 -11 17 14 13 -15 15 -17 -18 -19 35 20 -22 22 24 -25 25 26 -28 -29 29 -31 33 -33 -34 -35 -36 41 55 39 -40 40 -42 44 43 -45 50 46 -48 -49 49 -51 51 -53 54 -55 -56 58 57 -59 60 -61 -62 -63
leaf_value=4.8067782670368384 8.9853024311425767 -13.700655959079644 32.1745527596063 -0.28114317730600114 -41.826900432648586 17.543199319989878 31.531496676666684 -4.1447167027395668 1.6633197300628275 14.549052748530821 -1.3555509764879101 0.48047028383079343 -20.33692926399204 -0.031327339787724867 1.2295845801908352 19.531550367321195 3.3887041643861524 10.796231182246155 25.695800048981148 -27.806235757987306 -0.23172869057523826 16.655812679887745 1.7001598595222984 -4.4312958069139681 13.689994807842652 -18.978121900848873 1.5748965058727857 -0.12244513682345215 -14.680514997832962 -3.3537082561577067 7.0598662449030698 -7.773555972444119 -32.963229644487321 -8.8607733076132202 -5.9743966640873722 -0.85721750615854653 -2.193210620289423 1.4040590601220007 0.92576109610628243 23.34858756222755 4.6158393999129466 -18.762909243168384 -36.750605293159637 -2.1070453273716256 31.285890890997308 52.763108155949936 4.8374822440111096 -9.1923269983735079 2.3613994401606866 20.739121954781673 -22.712111713999519 1.9614145246405841 -16.835280330967031 2.7171184226123035 0.16929084437629771 10.39429127076008 -10.759855925033225 44.335922654981239 13.649105987390048 3.6023187535739263 -3.9956902632417717 4.0946831108518555
leaf_weight=41 90 70 40 6504 40 59 69 106 1242 79 585 2159 56 70 87 53 953 49 71 40 1308 45 128 62 64 41 79 92 47 541 40 46 41 97 148 8904 1633 924 60 56 279 60 40 77 41 42 151 152 93 43 41 41 45 290 10638 99 73 59 48 686 1226 376
leaf_count=41 90 70 40 6504 40 59 69 106 1242 79 585 2159 56 70 87 53 953 49 71 40 1308 45 128 62 64 41 79 92 47 541 40 46 41 97 148 8904 1633 924 60 56 279 60 40 77 41 42 151 152 93 43 41 41 45 290 10638 99 73 59 48 686 1226 376
internal_value=0.0239573 0.494128 2.6337 0.00762886 -18.2337 2.10992 1.69564 9.92686 0.984069 2.43445 -1.73743 0.155033 -0.44806 -9.06057 1.33105 8.16272 1.03755 -0.41559 -0.177181 -1.62876 -1.98656 -3.67051 -2.86625 -13.6071 -3.58935 0.764397 -5.45232 5.54674 -4.86767 -5.90304 -10.9907 -17.9175 -23.2125 -4.2115 0.0662512 -0.0244886 0.862877 4.15486 14.3555 3.09294 7.75032 -0.264609 -1.02611 -13.9617 0.360008 7.20284 15.2779 -0.86138 -0.721252 8.17753 0.203953 -10.3816 0.28281 6.26005 0.0975836 -0.226646 0.79998 6.63682 -2.34042 -0.478751 -3.33038 1.67864
internal_weight=41419 12410 2299 10111 81 2259 2200 175 2025 1321 704 10030 6630 126 3400 140 3260 634 29009 2761 2671 1363 1261 102 1216 276 120 156 940 812 271 134 88 137 2307 26248 5590 1390 131 1259 335 20658 9309 117 11349 253 193 9192 9040 136 11096 82 11014 331 10683 4200 2827 508 1373 2319 1274 449
internal_count=41419 12410 2299 10111 81 2259 2200 175 2025 1321 704 10030 6630 126 3400 140 3260 634 29009 2761 2671 1363 1261 102 1216 276 120 156 940 812 271 134 88 137 2307 26248 5590 1390 131 1259 335 20658 9309 117 11349 253 193 9192 9040 136 11096 82 11014 331 10683 4200 2827 508 1373 2319 1274 449
is_linear=0
shrinkage=0.1


Tree=120
num_leaves=63
num_cat=0
split_feature=13 31 28 28 22 1 1 23 29 28 28 19 21 30 35 5 28 21 20 31 19 32 11 14 20 20 16 20 15 13 4 20 20 23 0 30 30 33 22 19 7 19 32 17 10 25 15 20 1 35 0 33 35 20 22 6 26 4 15 33 33 35
split_gain=364819 380901 1.91095e+06 1.81877e+06 1.68063e+06 1.35711e+06 1.4075e+06 1.18925e+06 430497 2.26168e+06 4.02511e+06 1.98999e+06 1.80852e+06 1.73981e+06 953083 870308 965696 891123 1.23397e+06 1.36261e+06 1.13926e+06 1.05397e+06 1.02562e+06 841060 839465 1.22802e+06 1.16677e+06 815291 985913 914377 737271 648707 1.09674e+06 1.07129e+06 810311 779928 1.83511e+06 1.37049e+06 961837 929412 818829 865179 1.11049e+06 753937 726801 710409 667966 1.00637e+06 697869 881548 628641 615376 591643 578462 545414 533610 487387 478413 1.54025e+06 1.53324e+06 9.70313e+06 1.61804e+06
threshold=14075.000000000002 4.5000000000000009 22525.000000000004 49540.000000000007 -56.416428571428561 2.5000000000000004 4.5000000000000009 1060.1785714285718 33690.630000000012 41980.000000000007 41575.000000000007 1.0000000180025095e-35 662.17500000000007 44715.000000000007 8466.5100000000002 1355.0000000000002 35975.000000000007 1623.9285714285718 -1628.5621428571428 3.5000000000000004 618.74642857142874 740.71428571428589 505.00000000000006 1795.0000000000002 -514.28571428571411 -1155.2114285714285 2031.6666666666667 -1104.3249999999996 465.00000000000006 962.49500000000012 5.5000000000000009 1245.7464285714289 766.48500000000013 2346.9642857142862 22.500000000000004 22345.000000000004 24050.000000000004 960.89285714285722 313.64607142857147 1805.7750000000003 -679.7149999999998 1982.1428571428573 845.00000000000011 1285.0000000000002 844.99500000000012 -54.255535714285706 2141.6666666666674 -514.28571428571411 4.5000000000000009 26690.895000000004 24.500000000000004 930.17857142857156 16097.900000000003 173.35357142857143 -1145.6764285714282 -177.77499999999998 5235.0000000000009 17.500000000000004 3428.3333333333335 378.03571428571433 375.53571428571433 161154.62500000003
decision_type=2 2 2 2 2 2 2 2 2 2 2 2 2 2 2 2 2 2 2 2 2 2 2 2 2 2 2 2 2 2 2 2 2 2 2 2 2 2 2 2 2 2 2 2 2 2 2 2 2 2 2 2 2 2 2 2 2 2 2 2 2 2
left_child=1 8 -3 4 5 7 -7 -4 57 10 11 -10 -11 14 24 17 -17 18 -13 27 -21 -19 -23 -24 25 26 -14 54 -29 30 -30 32 33 35 -35 37 45 40 46 -40 52 42 53 44 -34 -37 48 -48 49 -38 -33 -18 -16 -42 -20 -22 -57 58 59 60 61 -1
right_child=-2 2 3 -5 -6 6 -8 -9 9 12 -12 15 13 -15 31 16 51 21 19 20 55 22 23 -25 -26 -27 -28 28 29 -31 -32 50 43 34 -36 36 38 -39 39 -41 41 -43 -44 -45 -46 -47 47 -49 -50 -51 -52 -53 -54 -55 -56 56 -58 -59 -60 -61 -62 -63
leaf_value=-0.0026888360097836253 7.2378695216372897 12.06012456500471 -9.90412495915111 7.8349585680604221 8.793917438028501 5.7374317179398275 -15.885304829159857 -30.876784151353448 22.938015561973895 -21.738894388196588 31.837817051408344 -11.838611201854874 -23.387101069103917 13.831419256074662 -14.99412789788466 19.823541170374334 11.326889748125383 -10.171597735006292 -5.9413962972288772 -14.98245511351201 -3.3614452749474726 -10.508625678647247 7.5490460608694026 -5.6228777568612323 -19.9143179736406 10.15740025790592 0.61012729152256628 24.624210066388748 11.925150870705224 21.669213607397573 -5.8147635664490647 16.154351872253095 -12.237593697948611 -0.095650266853765931 -17.303663072113665 27.038584367940196 -1.9484300768944338 -18.086322108845405 -1.4319629400112808 18.673637249335222 10.833582143902095 13.408005389660048 -11.686367017469802 -17.938468599110504 3.4138891902261079 8.2980148004120657 -3.66972723209896 17.900129037730853 6.1747230445974743 -16.082609159237144 -0.94381055979326145 -5.994040352753486 -1.2477539866151524 -1.2558787211889664 10.272305842672246 9.0719083446038642 -2.1548776603649329 0.33371536642306865 16.480520686344569 -1.8326520166027795 35.74351874013076 -16.731570048664892
leaf_weight=14410 70 70 50 74 41 56 65 59 49 42 51 47 40 78 51 57 42 118 43 41 93 62 175 67 47 40 41 58 50 40 44 44 56 51 59 40 133 47 40 54 74 62 59 57 63 41 47 40 54 66 42 40 81 85 40 136 54 17771 54 5578 76 58
leaf_count=14410 70 70 50 74 41 56 65 59 49 42 51 47 40 78 51 57 42 118 43 41 93 62 175 67 47 40 41 58 50 40 44 44 56 51 59 40 133 47 40 54 74 62 59 57 63 41 47 40 54 66 42 40 81 85 40 136 54 17771 54 5578 76 58
internal_value=0.0273491 0.0151199 -2.99901 -6.05581 -9.84963 -13.1743 -5.87981 -21.2653 0.0457161 1.21125 4.31184 3.19292 -1.2689 -0.728195 -1.47873 2.39042 9.8322 1.42145 3.756 4.98051 0.586128 -2.15229 0.961606 3.90184 -8.5794 -4.17013 -11.2474 10.1568 13.736 9.01578 3.62263 -0.592175 -1.16583 0.0231048 -9.32912 1.07974 3.75105 -1.91755 1.17138 10.1218 -0.0710706 2.98981 0.0244178 -8.48657 -3.95352 17.5636 -1.30425 6.25198 -3.90338 -6.63904 7.80833 2.87909 -6.56256 4.37227 1.87386 2.84391 5.88138 -0.0446173 -0.377853 -0.423135 0.117455 -0.0698103
internal_weight=41373 41303 415 345 271 230 121 109 40888 2941 1307 1256 1634 1592 1514 1207 139 1068 646 599 324 422 304 242 168 121 81 275 192 134 94 1346 1260 1084 110 974 515 459 434 94 412 280 218 176 119 81 340 87 253 199 86 82 132 159 83 283 190 37947 20176 20122 14544 14468
internal_count=41373 41303 415 345 271 230 121 109 40888 2941 1307 1256 1634 1592 1514 1207 139 1068 646 599 324 422 304 242 168 121 81 275 192 134 94 1346 1260 1084 110 974 515 459 434 94 412 280 218 176 119 81 340 87 253 199 86 82 132 159 83 283 190 37947 20176 20122 14544 14468
is_linear=0
shrinkage=0.1


Tree=121
num_leaves=63
num_cat=0
split_feature=23 26 1 23 34 28 22 35 23 25 35 33 28 22 18 4 4 9 0 28 20 20 4 26 25 31 26 31 22 28 1 35 4 33 22 21 28 23 15 33 21 20 24 23 23 31 24 35 24 31 35 23 21 26 33 33 28 23 33 26 33 16
split_gain=456167 1.19889e+06 2.4179e+06 1.02847e+06 3.09526e+06 8.3246e+06 1.76436e+06 1.03534e+06 882739 2.06028e+06 2.41443e+06 1.89155e+06 846483 1.95615e+06 917662 835229 1.47893e+06 6.15364e+06 2.00076e+06 2.52835e+06 1.83507e+06 1.56419e+06 1.79982e+06 1.92035e+06 2.41012e+06 1.75342e+06 1.52074e+06 1.9394e+06 2.59618e+06 1.38307e+06 1.62607e+06 1.44184e+06 1.36202e+06 1.31707e+06 1.28993e+06 1.22804e+06 2.63894e+06 1.15408e+06 1.1298e+06 1.62335e+06 990565 1.52792e+06 1.14347e+06 3.05272e+06 2.61605e+06 3.07281e+06 3.95123e+06 1.73335e+06 1.61162e+06 1.17494e+06 1.5909e+06 1.20945e+06 1.14049e+06 1.6278e+06 1.13437e+06 7.87863e+06 2.39249e+06 3.6501e+06 2.00443e+06 1.73888e+06 1.53428e+06 1.62744e+06
threshold=734.46428571428589 315.00000000000006 2.5000000000000004 746.607142857143 11.500000000000002 20765.000000000004 -534.14607142857142 8198.2200000000012 608.39285714285722 -278.15678571428566 14118.945000000002 553.75000000000011 20465.000000000004 -610.09499999999991 467.85714285714295 17.500000000000004 13.500000000000002 20538.990000000002 15.500000000000002 18695.000000000004 1426.7614285714287 62.857142857142925 11.500000000000002 3721.2950000000005 363.71267857142846 2.5000000000000004 1175.0000000000002 2.5000000000000004 240.68464285714288 36885.000000000007 4.5000000000000009 26977.480000000003 8.5000000000000018 659.81625000000008 -86.968214285714296 528.67642857142869 17245.000000000004 1659.8214285714287 1938.3333333333337 369.46428571428578 517.987142857143 -534.18999999999983 830.72071428571439 1060.1785714285718 1201.2500000000002 3.5000000000000004 1002.3214285714287 12780.610000000002 1014.6891071428573 2.5000000000000004 26690.895000000004 803.39285714285722 763.14892857142866 1175.0000000000002 378.03571428571433 369.46428571428578 37455.000000000007 1406.6071428571429 257.46892857142865 3085.0000000000005 515.17857142857156 2150.8316666666674
decision_type=2 2 2 2 2 2 2 2 2 2 2 2 2 2 2 2 2 2 2 2 2 2 2 2 2 2 2 2 2 2 2 2 2 2 2 2 2 2 2 2 2 2 2 2 2 2 2 2 2 2 2 2 2 2 2 2 2 2 2 2 2 2
left_child=8 2 -2 4 6 -6 -3 -5 -1 11 12 -10 14 -14 -11 16 17 18 19 -9 29 22 40 24 25 -24 37 28 -28 35 34 -32 -30 -33 -31 36 -18 -23 39 -34 41 -20 49 -44 45 47 -47 48 -45 50 -42 -51 53 -52 55 56 58 -58 -46 -59 61 -56
right_child=1 3 -4 7 5 -7 -8 15 9 10 -12 -13 13 -15 -16 -17 20 -19 21 -21 -22 26 23 -25 -26 -27 27 -29 32 30 31 33 38 -35 -36 -37 -38 -39 -40 -41 42 -43 43 44 54 46 -48 -49 -50 51 52 -53 -54 -55 60 -57 57 59 -60 -61 -62 -63
leaf_value=0.028555904446596059 29.356775923829872 -18.790897702118524 -2.8894889843910505 1.491151921205752 -1.9950221476042462 52.668178401591391 2.7842713909934251 -33.799124997980741 -25.008423741076886 1.6708105763803944 2.8910116821675889 1.3741888663284356 -29.089444585983529 -3.2439911091781326 -3.3003478471609036 0.53928826717550815 -0.97101916115650533 31.611105862179325 24.22449047687363 -0.22718667227420941 15.442613682844723 0.0067156278570246163 3.6874661660146444 -0.35664293674109926 27.482502289483893 21.692352889311866 -0.64619885749672668 -1.9763274656819545 -3.4284729040870374 -19.948677358959337 -14.291274445262836 -0.90816114478025389 -14.75895346970367 21.045920367723106 -7.1415629043551299 -1.3429505582388428 -26.183647310166137 11.389893516566696 -8.8840041114742423 -37.751615269466527 -6.865088403541546 1.9474517835010294 6.2678332310672253 20.312840734328113 23.227208321414221 -44.868625870386012 -8.9557094592533524 -6.708662127746047 -1.1402827021336452 11.357067348512 -3.7742616281110823 -1.852727773928361 -6.099830064815416 20.520090765578708 -2.7426640865787792 39.683215981942645 -30.825746794965383 -8.6871678161016064 -0.34966490423114005 17.958202481597255 1.3186893602140015 -19.39913602493364
leaf_weight=10673 42 43 52 4624 73 45 317 40 71 449 994 44 40 109 2146 9604 118 61 42 51 56 700 348 367 63 64 176 1360 58 117 48 86 61 40 240 2573 64 102 53 62 705 115 782 53 57 42 113 319 103 102 49 216 74 63 390 58 52 63 98 40 1581 69
leaf_count=10673 42 43 52 4624 73 45 317 40 71 449 994 44 40 109 2146 9604 118 61 42 51 56 700 348 367 63 64 176 1360 58 117 48 86 61 40 240 2573 64 102 53 62 705 115 782 53 57 42 113 319 103 102 49 216 74 63 390 58 52 63 98 40 1581 69
internal_value=0.011728 0.255623 11.5263 0.216069 4.81281 18.8645 0.204972 0.132585 -0.439827 -1.73725 -1.33155 -14.918 -2.86118 -10.1898 -2.4402 -0.156938 -0.709821 -0.0264732 -0.248711 -14.9946 -2.49934 -0.0925919 0.788345 5.07653 9.27397 6.48665 -2.15722 -3.79398 -9.82228 -2.80534 -7.47818 0.448355 -16.7223 6.06693 -11.3411 -1.90457 -9.84178 1.45508 -21.101 -26.3594 0.0920719 7.91276 -0.152157 0.696155 -0.738107 -6.47486 -18.6983 -2.4846 6.15242 -2.83244 -4.69476 2.38548 3.5311 9.89433 0.762889 5.87272 -0.458482 -9.24205 8.3252 1.66419 -0.159002 -5.24843
internal_weight=41420 26894 94 26800 478 118 360 26322 14526 3853 3738 115 2744 149 2595 21698 12094 8752 8691 91 3342 8600 6028 842 475 412 2572 1770 410 3286 531 174 234 126 357 2755 182 802 176 123 5186 157 5029 3820 3038 630 155 475 156 1209 891 318 186 112 2408 368 310 155 155 103 2040 459
internal_count=41420 26894 94 26800 478 118 360 26322 14526 3853 3738 115 2744 149 2595 21698 12094 8752 8691 91 3342 8600 6028 842 475 412 2572 1770 410 3286 531 174 234 126 357 2755 182 802 176 123 5186 157 5029 3820 3038 630 155 475 156 1209 891 318 186 112 2408 368 310 155 155 103 2040 459
is_linear=0
shrinkage=0.1


end of trees

feature_importances:
mtd_inflow=641
balance_end_bdt=627
roll_28_net=546
roll_28_inflow=516
mtd_cash_out_bdt=466
roll_28_cash_out_bdt=451
roll_14_net=433
roll_28_outflow=367
roll_14_outflow=318
max_7_outflow=305
days_to_month_end=278
mtd_outflow=258
roll_7_cash_out_bdt=219
roll_7_net=211
roll_7_inflow=190
day_of_month=188
days_since_cash_out=181
roll_7_outflow=176
mtd_cash_out_count=142
roll_3_outflow=129
lag_14_net=125
roll_3_net=124
lag_7_outflow=88
lag_1_net=75
roll_3_inflow=72
lag_7_net=63
weekday=62
lag_2_net=60
lag_1_outflow=59
lag_3_net=52
lag_3_outflow=44
lag_1_inflow=38
lag_2_outflow=33
is_weekend=19
shortfall_last_7=7
is_month_end=1

parameters:
[boosting: gbdt]
[objective: regression]
[metric: l1]
[tree_learner: serial]
[device_type: cpu]
[data_sample_strategy: bagging]
[data: ]
[valid: ]
[num_iterations: 800]
[learning_rate: 0.1]
[num_leaves: 63]
[num_threads: 1]
[seed: 7]
[deterministic: 1]
[force_col_wise: 0]
[force_row_wise: 0]
[histogram_pool_size: -1]
[max_depth: -1]
[min_data_in_leaf: 40]
[min_sum_hessian_in_leaf: 0.001]
[bagging_fraction: 0.85]
[pos_bagging_fraction: 1]
[neg_bagging_fraction: 1]
[bagging_freq: 1]
[bagging_seed: 17422]
[bagging_by_query: 0]
[feature_fraction: 0.85]
[feature_fraction_bynode: 1]
[feature_fraction_seed: 7040]
[extra_trees: 0]
[extra_seed: 6516]
[early_stopping_round: 0]
[early_stopping_min_delta: 0]
[first_metric_only: 0]
[max_delta_step: 0]
[lambda_l1: 0.05]
[lambda_l2: 0.05]
[linear_lambda: 0]
[min_gain_to_split: 0]
[drop_rate: 0.1]
[max_drop: 50]
[skip_drop: 0.5]
[xgboost_dart_mode: 0]
[uniform_drop: 0]
[drop_seed: 15215]
[top_rate: 0.2]
[other_rate: 0.1]
[min_data_per_group: 100]
[max_cat_threshold: 32]
[cat_l2: 10]
[cat_smooth: 10]
[max_cat_to_onehot: 4]
[top_k: 20]
[monotone_constraints: ]
[monotone_constraints_method: basic]
[monotone_penalty: 0]
[feature_contri: ]
[forcedsplits_filename: ]
[refit_decay_rate: 0.9]
[cegb_tradeoff: 1]
[cegb_penalty_split: 0]
[cegb_penalty_feature_lazy: ]
[cegb_penalty_feature_coupled: ]
[path_smooth: 0]
[interaction_constraints: ]
[verbosity: -1]
[saved_feature_importance_type: 0]
[use_quantized_grad: 0]
[num_grad_quant_bins: 4]
[quant_train_renew_leaf: 0]
[stochastic_rounding: 1]
[linear_tree: 0]
[max_bin: 255]
[max_bin_by_feature: ]
[min_data_in_bin: 3]
[bin_construct_sample_cnt: 200000]
[data_random_seed: 61]
[is_enable_sparse: 1]
[enable_bundle: 1]
[use_missing: 1]
[zero_as_missing: 0]
[feature_pre_filter: 1]
[pre_partition: 0]
[two_round: 0]
[header: 0]
[label_column: ]
[weight_column: ]
[group_column: ]
[ignore_column: ]
[categorical_feature: ]
[forcedbins_filename: ]
[precise_float_parser: 0]
[parser_config_file: ]
[objective_seed: 15521]
[num_class: 1]
[is_unbalance: 0]
[scale_pos_weight: 1]
[sigmoid: 1]
[boost_from_average: 1]
[reg_sqrt: 0]
[alpha: 0.9]
[fair_c: 1]
[poisson_max_delta_step: 0.7]
[tweedie_variance_power: 1.5]
[lambdarank_truncation_level: 30]
[lambdarank_norm: 1]
[label_gain: ]
[lambdarank_position_bias_regularization: 0]
[eval_at: ]
[multi_error_top_k: 1]
[auc_mu_weights: ]
[num_machines: 1]
[local_listen_port: 12400]
[time_out: 120]
[machine_list_filename: ]
[machines: ]
[gpu_platform_id: -1]
[gpu_device_id: -1]
[gpu_device_id_list: ]
[gpu_use_dp: 0]
[num_gpu: 1]

end of parameters

pandas_categorical:[]
