tree
version=v4
num_class=1
num_tree_per_iteration=1
label_index=0
max_feature_idx=35
objective=regression
feature_names=day_of_month weekday is_weekend is_month_end days_to_month_end lag_1_net lag_2_net lag_3_net lag_7_net lag_14_net lag_1_outflow lag_2_outflow lag_3_outflow lag_7_outflow lag_1_inflow roll_3_inflow roll_3_outflow roll_3_net roll_7_inflow roll_7_outflow roll_7_net roll_14_outflow roll_14_net roll_28_inflow roll_28_outflow roll_28_net max_7_outflow shortfall_last_7 mtd_inflow mtd_outflow mtd_cash_out_bdt mtd_cash_out_count roll_7_cash_out_bdt roll_28_cash_out_bdt days_since_cash_out balance_end_bdt
feature_infos=[1:31] [0:6] [0:1] [0:1] [0:30] [-35624.599999999999:194800] [-35624.599999999999:194800] [-35624.599999999999:194800] [-35624.599999999999:194800] [-33358.660000000003:194800] [0:35040] [0:35040] [0:35040] [0:35040] [0:195400] [0:65133.333333333336] [0:16550] [-16842.856666666667:64933.333333333336] [0:27914.285714285714] [0:9166.3942857142865] [-9322.3885714285734:27828.571428571428] [0:5658.6300000000001] [-5615.1571428571433:13698.571428571429] [0:6978.5714285714284] [0:4304.6721428571427] [-4002.8653571428572:6430.7142857142853] [0:35040] [0:4] [0:228820] [0:111584.75999999999] [0:89484.75] [0:7] [0:8432.1071428571431] [0:3460.7432142857142] [0:28] [0:236740]
tree_sizes=5655 5651 5642 5645 5634 5647 5643 5654 5644 5649 5648 5648 5630 5635 5632 5654 5653 5610 5622 5668 5625 5651 5623 5613 5647 5600 5617 5601 5638 5623 5644 5613 5593 5652 5613 5648 5639 5634 5636 5615 5604 5620 5625 5609 5637 5612 5575 5591 5615 5630 5621 5560 5559 5508

Tree=0
num_leaves=63
num_cat=0
split_feature=22 22 4 25 25 25 22 15 4 22 25 28 28 20 21 20 28 22 22 21 0 21 25 34 14 24 24 24 4 9 24 24 28 25 24 15 28 28 30 30 16 4 28 33 28 25 25 28 25 29 30 33 20 28 33 28 30 35 0 4 33 21
split_gain=8.71336e+09 4.02427e+09 2.76072e+09 1.22417e+09 9.79061e+08 6.10723e+08 5.93326e+08 3.89709e+08 3.28055e+08 2.83829e+08 2.75861e+08 2.39326e+08 1.98634e+08 1.5953e+08 1.28242e+08 1.24787e+08 1.10243e+08 1.06053e+08 9.90388e+07 1.25391e+08 9.58846e+07 8.90718e+07 7.64836e+07 6.58443e+07 6.4641e+07 6.30596e+07 5.9772e+07 5.89193e+07 5.88422e+07 5.56686e+07 5.40897e+07 5.37533e+07 5.03975e+07 1.03725e+08 4.87169e+07 4.64379e+07 4.49969e+07 4.37386e+07 4.07948e+07 4.07552e+07 5.35606e+07 3.95815e+07 3.81413e+07 3.80591e+07 3.14403e+07 2.90758e+07 2.55745e+07 2.40519e+07 2.29571e+07 2.20054e+07 2.33991e+07 5.29725e+07 2.12124e+07 2.04096e+07 1.98987e+07 2.37071e+07 2.53697e+07 2.18517e+07 1.93733e+07 3.80835e+07 2.91462e+07 1.91028e+07
threshold=654.3767857142858 -567.17928571428558 13.500000000000002 2111.1917857142857 2111.1917857142857 -754.76267857142841 1443.4375000000002 128.33333333333337 13.500000000000002 184.35178571428568 -67.861428571428561 32345.000000000004 27425.000000000004 1730.0000000000002 3102.5000000000005 -734.47071428571417 18695.000000000004 2421.9107142857151 -440.00357142857138 890.357142857143 17.500000000000004 318.50964285714292 -576.76535714285694 27.500000000000004 185.00000000000003 893.73446428571435 634.01410714285726 816.96428571428589 13.500000000000002 11080.000000000002 416.11178571428576 504.68857142857149 65425.000000000007 -1249.4976785714282 459.06410714285721 5498.3333333333339 41575.000000000007 36245.000000000007 2045.0000000000002 4391.1650000000009 988.33333333333337 12.500000000000002 35735.000000000007 771.8687500000002 33475.000000000007 288.08267857142857 -325.1832142857142 24475.000000000004 -810.40696428571437 21453.075000000004 1665.0000000000002 70.535714285714292 -2085.6414285714277 56880.000000000007 1074.464285714286 48325.000000000007 15627.010000000002 38155.840000000004 14.500000000000002 14.500000000000002 869.107142857143 207.50000000000003
decision_type=2 2 2 2 2 2 2 2 2 2 2 2 2 2 2 2 2 2 2 2 2 2 2 2 2 2 2 2 2 2 2 2 2 2 2 2 2 2 2 2 2 2 2 2 2 2 2 2 2 2 2 2 2 2 2 2 2 2 2 2 2 2
left_child=1 2 4 6 5 32 8 11 29 14 23 22 24 15 18 52 -12 28 19 20 -3 26 -7 58 61 -13 41 -5 -8 -2 -17 -24 33 -1 -22 -26 -30 -14 49 40 -27 -20 -18 44 -35 48 -36 -40 -23 50 -33 -52 -11 -19 55 -41 -57 -58 -4 60 -60 -10
right_child=3 9 10 27 -6 7 17 -9 12 13 16 25 37 -15 -16 30 42 53 21 -21 34 45 31 -25 35 39 -28 -29 36 -31 -32 38 -34 43 46 -37 -38 -39 47 54 -42 -43 -44 -45 -46 -47 -48 -49 -50 -51 51 -53 -54 -55 -56 56 57 -59 59 -61 -62 -63
leaf_value=265.8211977818051 -52.088386185603412 -65.880551053399387 -37.249414134810962 -423.78349132339025 -281.30588480472437 136.40734988068004 -59.539047260353513 -35.839669425555925 -77.340881373251776 -174.02528751427144 -40.68638375427193 19.540413318261244 -143.2524886179516 -124.03604807442233 -192.25524919811465 -62.630079837235485 -126.88111198263772 -218.91175813539394 -7.6268403152423829 -34.054802089237938 0.66075463429480408 -107.04301884424873 2.541799159784965 56.574334088593027 -50.423350428960539 111.53699009143207 106.89175887317501 -589.26478484929441 -163.57357539028408 57.422814509293879 -42.592944157627812 69.695073374098143 81.920051301667797 163.36372220563865 131.91303647584539 -118.55602619241276 -200.17029084961675 -178.28699092416832 41.008866293038857 108.92147340740874 265.71109103883953 -35.672308422864624 -189.8269705255079 103.14865304751621 239.8398573796697 -57.332669365186533 54.285739383022111 64.091186874961068 -33.915903541403566 144.32766276222046 210.50806619863903 68.010309044598728 -103.43602107472535 -275.65734362996858 75.40173267350383 200.40245113976334 167.33322672629703 80.4242952783394 -81.704699464414261 -127.71441728797913 29.765174600272822 -118.88361346983334
leaf_weight=138 429 93 787 41 74 136 45 306 117 53 128 74 1313 309 49 1846 325 303 1625 667 176 43 156 70 282 52 40 47 1026 52 4986 540 46 239 49 155 501 490 724 1254 40 729 137 80 70 559 320 1205 15446 55 41 72 217 81 150 61 54 63 53 75 42 2096
leaf_count=138 429 93 787 41 74 136 45 306 117 53 128 74 1313 309 49 1846 325 303 1625 667 176 43 156 70 282 52 40 47 1026 52 4986 540 46 239 49 155 501 490 724 1254 40 729 137 80 70 559 320 1205 15446 55 41 72 217 81 150 61 54 63 53 75 42 2096
internal_value=-40.0097 -19.3715 46.8476 -141.91 79.9248 84.7382 -137.175 73.4932 -118.697 -37.0101 -68.3196 80.6464 -127.171 -53.7032 -30.7607 -50.6425 -122.811 -183.782 -30.3596 -3.73745 27.955 -32.2435 63.1673 -37.0126 -109.748 109.931 -14.2503 -512.427 -172.264 -40.2404 -48.0071 59.5979 182.509 191.277 43.9682 -74.5956 -175.586 -152.777 62.9723 113.925 178.699 -16.3118 -145.561 164.796 180.731 -34.9278 64.6159 55.4302 -34.1191 83.5133 78.3774 119.801 -117.315 -230.911 110.151 113.787 148.013 120.608 -43.8628 -74.4707 -32.4124 -116.688
internal_weight=41432 34454 7247 6978 5630 5556 6890 4983 4934 27207 1617 4677 4453 7411 19796 7102 590 1956 19747 1305 638 18442 2929 1027 2650 1748 2394 88 1572 481 6832 2793 573 527 545 437 1527 1803 2637 1674 92 2354 462 389 309 16048 369 1929 15489 708 653 113 270 384 1582 1432 178 117 957 170 95 2213
internal_count=41432 34454 7247 6978 5630 5556 6890 4983 4934 27207 1617 4677 4453 7411 19796 7102 590 1956 19747 1305 638 18442 2929 1027 2650 1748 2394 88 1572 481 6832 2793 573 527 545 437 1527 1803 2637 1674 92 2354 462 389 309 16048 369 1929 15489 708 653 113 270 384 1582 1432 178 117 957 170 95 2213
is_linear=0
shrinkage=1


Tree=1
num_leaves=63
num_cat=0
split_feature=22 22 4 23 25 22 25 18 4 18 25 23 22 18 4 24 23 21 22 18 23 33 23 18 18 24 25 22 29 4 33 25 33 23 23 23 20 33 25 2 24 23 23 23 33 23 21 30 35 18 21 33 23 23 31 35 24 23 19 15 23 4
split_gain=7.05756e+09 3.1867e+09 2.23841e+09 1.00836e+09 6.6983e+08 5.47559e+08 4.63745e+08 3.46057e+08 3.0489e+08 2.3451e+08 2.26355e+08 1.92674e+08 1.74239e+08 1.57947e+08 2.04578e+08 1.47027e+08 1.09939e+08 1.53189e+08 1.03384e+08 1.03134e+08 8.13644e+07 7.14389e+07 6.83551e+07 6.07761e+07 6.01532e+07 5.96138e+07 5.81824e+07 5.41758e+07 4.85162e+07 4.7731e+07 4.5336e+07 5.17102e+07 4.27065e+07 3.89061e+07 3.87558e+07 3.67061e+07 3.43565e+07 3.09363e+07 3.00762e+07 2.88823e+07 2.5981e+07 2.52541e+07 2.46332e+07 2.45234e+07 2.33218e+07 4.41058e+07 2.31128e+07 2.15192e+07 2.32281e+07 2.01948e+07 2.013e+07 1.95052e+07 3.13639e+07 1.42711e+08 2.38057e+07 1.95349e+07 1.92816e+07 1.82259e+07 1.50901e+07 1.45854e+07 3.72952e+07 2.70721e+07
threshold=635.87392857142868 -550.99071428571426 13.500000000000002 3657.8571428571436 2111.1917857142857 1496.4060714285717 -754.76267857142841 132.85714285714286 13.500000000000002 3070.7142857142862 -60.9460714285714 1195.1785714285718 163.24500000000003 1.0000000180025095e-35 13.500000000000002 534.34500000000014 1770.8928571428576 1153.9285714285718 2723.2767857142862 132.85714285714286 624.46428571428589 856.07142857142867 624.46428571428589 293.57142857142861 603.57142857142878 534.34500000000014 -392.85696428571424 927.88785714285734 13011.690000000001 13.500000000000002 1250.5337500000003 -1249.4976785714282 15.178571428571431 1406.6071428571429 2188.3928571428573 1101.2500000000002 932.14285714285734 1877.3214285714287 130.36678571428567 1.0000000180025095e-35 1007.925535714286 823.75000000000011 870.89285714285722 2477.1428571428573 61.250000000000007 742.32142857142867 1926.7857142857144 2535.0000000000005 9878.3650000000034 4482.857142857144 457.42357142857151 810.08785714285727 1497.6785714285718 1514.8214285714287 3.5000000000000004 38155.840000000004 1461.1592857142859 1325.1785714285718 257.85714285714295 241.66666666666671 668.03571428571433 14.500000000000002
decision_type=2 2 2 2 2 2 2 2 2 2 2 2 2 2 2 2 2 2 2 2 2 2 2 2 2 2 2 2 2 2 2 2 2 2 2 2 2 2 2 2 2 2 2 2 2 2 2 2 2 2 2 2 2 2 2 2 2 2 2 2 2 2
left_child=1 2 4 5 6 8 30 11 24 12 32 25 13 14 15 -3 17 27 29 22 -16 58 -14 40 -2 -8 -27 35 -13 -7 31 39 -4 -31 51 50 -21 -32 -15 -1 -12 -38 44 -20 45 -28 -35 48 -44 -11 -10 52 55 -54 -55 -30 -56 -19 -17 60 -34 -62
right_child=3 9 10 -5 -6 18 7 -9 16 49 23 28 19 38 20 21 -18 57 43 36 -22 -23 -24 -25 -26 26 42 -29 34 33 37 -33 59 46 -36 -37 41 -39 -40 -41 -42 -43 47 -45 -46 -47 -48 -49 -50 -51 -52 -53 53 54 56 -57 -58 -59 -60 -61 61 -63
leaf_value=310.03024225567896 97.592266051878099 32.278502145269265 77.562581032384543 -491.49303705429094 -206.91055175417137 -18.79210288901675 33.159788609437165 3.7007433747983516 -32.40253780918372 -70.958640440581291 -72.422162284301905 38.380298693006218 -23.809275388653475 6.7751588919586858 -4.6194573613766643 39.22876130572206 -13.298055500752938 -102.37500600724567 -177.71439485669109 -0.81250483204414847 -103.17079307026175 219.97082373146119 -83.418479768480239 -5.1246119312687828 -10.243502533007968 150.74574578481796 84.707404502435196 -83.232461554263338 128.53207081523553 -108.31503650795044 105.11067464931421 192.90639819196045 4.3681952341767483 -136.78477010501277 69.996765044065768 -4.2358261102491443 -34.441596396078076 204.50908880948361 -6.0838780104740486 205.335934332123 -121.02846714348105 -0.61424466250507359 188.5599781444142 -257.42296319141849 74.25136727763703 189.17781114040099 -212.87572034547784 95.70764944451318 112.62004684815093 -129.48461736711508 -66.98434532490316 114.07922468953851 316.48522201116128 133.95482976622918 147.20538742977709 174.18335262017911 228.80112108678077 -128.93793082874046 92.928443473249928 10.253012576434447 -5.5556324106956652 -85.482155260692906
leaf_weight=73 58 1853 71 62 67 42 156 337 194 151 316 50 1003 14020 515 63 247 523 204 5574 100 43 238 104 475 186 161 1880 733 657 75 301 362 860 79 117 578 54 2090 42 169 357 50 48 887 54 42 1300 210 97 1279 219 56 341 61 108 56 514 312 467 73 101
leaf_count=73 58 1853 71 62 67 42 156 337 194 151 316 50 1003 14020 515 63 247 523 204 5574 100 43 238 104 475 186 161 1880 733 657 75 301 362 860 79 117 578 54 2090 42 169 357 50 48 887 54 42 1300 210 97 1279 219 56 341 61 108 56 514 312 467 73 101
internal_value=-0.107746 18.7819 77.3076 -90.1043 107.295 -86.6155 111.063 101.593 -70.2197 2.9134 -24.6805 108.601 3.811 8.9664 30.5101 44.365 -78.2605 -81.8204 -133.393 -8.82535 -20.6512 97.9343 -35.2441 -74.4964 1.49902 93.3642 96.6613 -71.7399 135.474 -124.013 198.695 214.774 2.64158 -126.847 138.41 -58.149 -3.78815 146.782 5.1069 271.9 -89.3699 -21.5264 92.8795 -192.945 81.4227 110.984 -140.339 100.97 127.257 -93.8714 -62.431 141.841 146.324 165.812 147.356 134.405 186.341 -115.547 83.9133 -2.6655 -13.9209 -51.961
internal_weight=41515 34313 7319 7202 5656 7140 5589 5044 5287 26994 1663 4707 26746 18996 2886 2271 4754 4507 1853 7750 615 418 1241 589 533 3004 2848 3470 1703 1601 545 416 1074 1559 1653 1590 6509 129 16110 115 485 935 2662 252 1102 215 902 1560 260 248 1473 1574 1355 514 458 841 117 1037 375 1003 536 174
internal_count=41515 34313 7319 7202 5656 7140 5589 5044 5287 26994 1663 4707 26746 18996 2886 2271 4754 4507 1853 7750 615 418 1241 589 533 3004 2848 3470 1703 1601 545 416 1074 1559 1653 1590 6509 129 16110 115 485 935 2662 252 1102 215 902 1560 260 248 1473 1574 1355 514 458 841 117 1037 375 1003 536 174
is_linear=0
shrinkage=0.1


Tree=2
num_leaves=63
num_cat=0
split_feature=22 22 4 25 25 22 25 18 9 18 25 23 35 22 18 4 24 22 18 28 28 23 21 25 35 23 4 0 28 28 24 28 23 28 4 18 24 20 23 33 28 30 30 28 18 25 25 34 23 33 30 0 1 30 35 30 16 18 23 24 23 23
split_gain=5.74283e+09 2.5474e+09 1.81118e+09 8.43918e+08 6.34137e+08 4.15923e+08 3.81202e+08 2.56654e+08 2.13634e+08 1.99608e+08 1.8619e+08 1.76171e+08 1.49678e+08 1.38979e+08 1.20479e+08 1.67378e+08 1.11132e+08 9.2984e+07 8.01783e+07 7.64932e+07 6.70092e+07 6.35247e+07 5.13554e+07 5.13075e+07 9.6212e+07 5.01713e+07 4.62079e+07 4.36346e+07 4.32385e+07 8.0551e+07 4.29678e+07 4.16461e+07 4.0095e+07 3.79445e+07 3.77675e+07 5.4054e+07 3.12593e+07 2.99459e+07 3.21469e+07 2.92364e+07 2.83278e+07 2.69136e+07 3.40598e+07 2.63672e+07 2.53397e+07 2.43661e+07 2.28117e+07 2.1832e+07 1.87951e+07 1.9162e+07 2.57515e+07 1.82338e+07 3.43669e+07 1.80804e+07 2.04794e+07 1.79129e+07 3.27282e+07 1.70167e+07 1.52547e+07 1.42403e+07 1.39501e+07 1.38617e+07
threshold=635.87392857142868 -550.99071428571426 13.500000000000002 2111.1917857142857 2111.1917857142857 1316.8892857142857 -576.76535714285694 132.85714285714286 1.0000000180025095e-35 3070.7142857142862 -60.9460714285714 1195.1785714285718 110465.84000000001 163.24500000000003 1.0000000180025095e-35 13.500000000000002 534.34500000000014 2226.7857142857151 132.85714285714286 26975.000000000004 19075.000000000004 768.39285714285722 640.29964285714289 -325.1832142857142 6850.1550000000016 761.25000000000011 13.500000000000002 15.500000000000002 56880.000000000007 33295.000000000007 539.7239285714287 37455.000000000007 1833.7500000000002 1.0000000180025095e-35 14.500000000000002 797.857142857143 893.73446428571435 1426.7614285714287 420.53571428571433 1877.3214285714287 32885.000000000007 14455.000000000002 13883.835000000001 34015.000000000007 680.71428571428589 130.36678571428567 318.49571428571431 22.500000000000004 884.82142857142867 81.607142857142875 1665.0000000000002 15.500000000000002 4.5000000000000009 4905.0000000000009 10523.220000000003 4391.1650000000009 1026.6733333333336 4365.0000000000009 1873.3928571428576 1461.1592857142859 1048.3928571428576 806.25000000000011
decision_type=2 2 2 2 2 2 2 2 2 2 2 2 2 2 2 2 2 2 2 2 2 2 2 2 2 2 2 2 2 2 2 2 2 2 2 2 2 2 2 2 2 2 2 2 2 2 2 2 2 2 2 2 2 2 2 2 2 2 2 2 2 2
left_child=1 2 4 5 6 8 25 11 19 13 33 30 -5 14 15 16 -3 26 22 46 -12 -17 -15 24 -18 28 -7 43 29 -1 -8 58 -19 -4 44 -36 47 38 -20 -27 -22 42 55 -21 -10 -16 61 -13 49 50 -32 -35 -53 54 -50 56 -38 -11 -28 -31 -24 -2
right_child=3 9 10 12 -6 17 7 -9 34 57 20 36 -14 18 45 21 23 32 37 27 40 -23 60 -25 -26 39 31 -29 -30 59 48 -33 -34 51 35 -37 41 -39 -40 -41 -42 -43 -44 -45 -46 -47 -48 -49 53 -51 -52 52 -54 -55 -56 -57 -58 -59 -60 -61 -62 -63
leaf_value=159.60320787178105 -53.277201748517854 28.763462920661325 70.359216627613804 -267.1809771149895 -200.80196199034575 -16.125180230378916 32.143793198201706 3.4541380476497716 67.188502431563606 -63.083289398872154 -6.8376341337267768 22.815244934536068 -526.62340324299646 -21.168866269897066 6.2416825907302336 -7.3270262250309193 262.09104134540354 -121.85321792786756 -19.732101869780692 -82.901746697007809 -67.564950003915413 -103.68170685644471 -58.11853605807417 68.558619561418737 45.381382069962754 89.141601621200522 -91.78522231478226 -23.229986927989586 80.754642582288184 223.09533227162899 80.978571282352405 -119.27097468633454 -176.1073781967537 2.8337297221264897 -73.685031869620886 -5.8200499565462227 122.45244575914488 -39.122563094647546 0.74901691170548457 179.69441389364195 -119.7341095337931 107.30296943422576 212.96368456760234 -112.17797220493009 -4.3722808819364536 -5.4634455109304323 -22.588607723917956 102.96531941004275 151.00813643026612 66.817335111939059 151.64198741165151 -75.882406025710708 20.204559078700356 82.323764235366298 97.320310773888508 126.44646206882931 238.56151774765905 -115.18610891812601 -30.144560903941557 284.99120872849909 -112.32184994790667 -69.563352187746588
leaf_weight=358 1017 1798 76 49 71 63 172 323 57 150 139 47 41 963 13914 509 42 294 893 929 292 79 177 349 40 114 942 97 41 133 251 863 255 840 210 266 58 227 5402 52 162 506 54 461 373 2039 161 123 83 882 65 87 65 896 501 841 42 108 42 53 65 1078
leaf_count=358 1017 1798 76 49 71 63 172 323 57 150 139 47 41 963 13914 509 42 294 893 929 292 79 177 349 40 114 942 97 41 133 251 863 255 840 210 266 58 227 5402 52 162 506 54 461 373 2039 161 123 83 882 65 87 65 896 501 841 42 108 42 53 65 1078
internal_value=-0.220904 16.9201 69.1626 -81.382 96.0817 -77.5274 99.8509 89.5715 -59.9336 2.61315 -22.664 95.7239 -385.598 3.46554 8.11228 27.1778 39.6972 -110.789 -7.82206 -70.48 -67.593 -20.2804 -31.5199 85.3007 156.471 166.144 -100.357 -88.0898 179.921 187.386 80.6057 -103.23 -147.067 2.28458 -16.3611 -35.7651 121.506 -3.44344 -2.15654 117.553 -86.1915 126.111 135.67 -92.615 5.12038 4.7456 -58.8711 80.8194 83.7176 74.3961 95.5355 -2.9341 -34.7994 91.2603 104.963 131.223 171.313 -84.9119 -89.1559 240.804 -72.6975 -61.6588
internal_weight=41280 34082 7327 7198 5666 7108 5595 4844 4649 26755 1661 4521 90 26497 18770 2817 2229 2459 7727 3743 593 588 1205 431 82 751 1910 1487 585 544 2850 1847 549 1068 906 476 1671 6522 6295 166 454 1501 995 1390 430 15953 2256 170 2678 1198 316 992 152 1480 584 941 100 258 984 186 242 2095
internal_count=41280 34082 7327 7198 5666 7108 5595 4844 4649 26755 1661 4521 90 26497 18770 2817 2229 2459 7727 3743 593 588 1205 431 82 751 1910 1487 585 544 2850 1847 549 1068 906 476 1671 6522 6295 166 454 1501 995 1390 430 15953 2256 170 2678 1198 316 992 152 1480 584 941 100 258 984 186 242 2095
is_linear=0
shrinkage=0.1


Tree=3
num_leaves=63
num_cat=0
split_feature=22 22 4 23 25 22 25 18 4 18 25 24 22 18 0 24 23 21 18 23 23 24 9 23 18 18 25 33 34 25 30 23 16 22 24 23 23 18 23 1 23 23 25 33 35 23 23 26 19 23 23 23 4 21 23 31 30 0 0 15 23 25
split_gain=4.65744e+09 2.16418e+09 1.46602e+09 6.94772e+08 4.96266e+08 3.50677e+08 3.22553e+08 1.99716e+08 1.80423e+08 1.63667e+08 1.41244e+08 1.32276e+08 1.15174e+08 1.11974e+08 1.41836e+08 9.79594e+07 7.88531e+07 1.0039e+08 7.48977e+07 7.02311e+07 6.12341e+07 4.92302e+07 4.71328e+07 4.66169e+07 4.383e+07 4.09665e+07 4.04354e+07 4.02698e+07 3.97315e+07 3.70863e+07 3.61154e+07 4.27493e+07 4.23242e+07 3.60406e+07 3.38334e+07 3.04054e+07 2.95791e+07 2.52296e+07 2.4565e+07 2.22588e+07 2.07747e+07 3.04418e+07 1.97415e+07 1.87969e+07 1.82269e+07 1.75919e+07 1.62392e+07 1.48377e+07 3.24655e+07 6.69602e+07 1.82425e+07 2.28756e+07 1.42235e+07 1.41699e+07 1.38968e+07 1.24609e+07 2.45205e+07 1.2333e+07 2.75075e+07 1.16781e+07 1.16713e+07 1.13843e+07
threshold=654.3767857142858 -567.17928571428558 13.500000000000002 3657.8571428571436 2111.1917857142857 1496.4060714285717 -754.76267857142841 132.85714285714286 13.500000000000002 2796.428571428572 -70.080357142857139 1026.1398214285716 163.24500000000003 1.0000000180025095e-35 16.500000000000004 1461.1592857142859 1770.8928571428576 1227.4882142857143 132.85714285714286 1706.2500000000002 927.67857142857156 504.68857142857149 1.0000000180025095e-35 842.67857142857156 603.57142857142878 543.57142857142878 -576.76535714285694 1295.0458928571431 27.500000000000004 -1249.4976785714282 4391.1650000000009 1169.1071428571429 1291.6666666666667 1042.3467857142859 534.34500000000014 1141.964285714286 2309.8214285714289 4625.0000000000009 420.53571428571433 3.5000000000000004 1873.3928571428576 1195.1785714285718 281.18107142857156 229.82142857142858 2747.7900000000004 1319.1071428571429 1024.1071428571431 6275.0000000000009 1607.319285714286 1497.6785714285718 1728.3928571428576 1793.7500000000002 29.500000000000004 383.12821428571436 1470.8928571428576 3.5000000000000004 4485.0000000000009 14.500000000000002 16.500000000000004 3816.6666666666674 1423.3928571428576 -898.20660714285702
decision_type=2 2 2 2 2 2 2 2 2 2 2 2 2 2 2 2 2 2 2 2 2 2 2 2 2 2 2 2 2 2 2 2 2 2 2 2 2 2 2 2 2 2 2 2 2 2 2 2 2 2 2 2 2 2 2 2 2 2 2 2 2 2
left_child=1 2 4 5 6 8 27 11 24 12 28 26 13 14 20 21 17 33 23 45 52 -16 36 -14 -2 46 -8 29 57 39 32 -32 -13 35 -28 53 -21 54 -20 -1 41 55 -15 -43 -29 -7 -12 48 50 -50 -33 -52 -3 -10 -11 -36 -57 -4 -59 -40 -19 -31
right_child=3 9 10 -5 -6 19 7 -9 16 37 25 30 18 42 15 -17 -18 60 38 22 -22 -23 -24 -25 -26 -27 34 44 -30 61 31 47 -34 -35 40 -37 -38 -39 59 -41 -42 43 -44 -45 -46 -47 -48 -49 49 -51 51 -53 -54 -55 -56 56 -58 58 -60 -61 -62 -63
leaf_value=263.9881767067701 83.791607007206181 -12.327164393111318 2.2485685983313175 -407.19091726052585 -178.31721723530279 -78.560120987889249 131.30742941843866 4.1310351362388902 -25.824412054464752 -62.153178257977721 -51.815075780163937 120.92495267967291 -22.882306705520037 4.909114468122028 26.408016853148339 191.78489245773108 -7.3578073380534308 -88.853663736091477 -17.714216409140217 -137.94437517623416 -107.26978609112108 62.174408152200684 -62.054621851771429 -87.90037411225228 -10.288059903650954 -1.081789808404622 31.919958007457822 160.94078965959932 78.141604576438411 174.98187561904604 73.6603215877563 105.91237019647836 241.21005206204484 -71.838222873416868 70.302152453966613 -1.3903385432461943 -202.99284333549201 -109.72221744115403 0.41061597858430593 175.75145760865081 3.2722028982326785 143.10565905423798 -14.628445268361862 83.158927570786091 83.391336510376505 -103.72605090860083 -88.751057930333474 97.07119836380987 117.1391869054566 269.34598004027015 202.4623341802583 112.59831632657816 35.024522157599876 -56.488050382744326 -12.417093547515327 150.43530509102456 67.789784465336012 -54.627282390730663 28.858281424164677 -43.566910069970987 -113.39590088255559 137.16481065263096
leaf_weight=65 56 482 770 62 69 410 118 300 164 208 218 97 1144 15485 1807 40 236 550 919 401 67 489 71 122 425 98 200 49 64 193 362 740 42 1392 1999 116 85 89 5520 52 40 102 535 108 80 868 263 453 93 42 47 72 73 1876 77 59 92 119 59 61 301 138
leaf_count=65 56 482 770 62 69 410 118 300 164 208 218 97 1144 15485 1807 40 236 550 919 401 67 489 71 122 425 98 200 49 64 193 362 740 42 1392 1999 116 85 89 5520 52 40 102 535 108 80 868 263 453 93 42 47 72 73 1876 77 59 92 119 59 61 301 138
internal_value=0.208698 15.3824 64.1058 -74.0498 88.1265 -71.0754 91.4448 83.2205 -57.6225 2.44059 -20.6236 88.3055 3.35935 7.55729 25.4329 36.7321 -63.6721 -66.6931 -6.89928 -108.58 -17.0022 34.0267 -138.221 -29.1511 0.672643 -60.0126 74.0485 162.214 1.91412 176.4 108.196 104.415 157.344 -59.293 71.4474 -51.1919 -149.341 -63.2495 -2.56512 224.864 74.7406 75.9518 4.2566 112.303 112.899 -95.6559 -72.018 112.106 118.953 164.575 111.773 148.161 -6.09632 -54.0236 -48.7203 72.3987 100.121 -3.23588 -26.9547 -0.0704409 -97.5404 159.238
internal_weight=41334 34321 7203 7013 5612 6951 5543 4966 5116 27118 1591 4666 26744 18978 2958 2336 4635 4399 7766 1835 622 2296 557 1266 481 579 2718 577 1012 448 1948 1809 139 3548 2600 2156 486 374 6500 117 2400 2360 16020 210 129 1278 481 1447 994 135 859 119 555 2040 285 2150 151 948 178 5581 851 331
internal_count=41334 34321 7203 7013 5612 6951 5543 4966 5116 27118 1591 4666 26744 18978 2958 2336 4635 4399 7766 1835 622 2296 557 1266 481 579 2718 577 1012 448 1948 1809 139 3548 2600 2156 486 374 6500 117 2400 2360 16020 210 129 1278 481 1447 994 135 859 119 555 2040 285 2150 151 948 178 5581 851 331
is_linear=0
shrinkage=0.1


Tree=4
num_leaves=63
num_cat=0
split_feature=22 22 4 25 25 25 22 18 18 23 9 25 22 22 18 4 24 23 20 9 24 23 34 25 21 21 23 18 21 30 35 24 4 20 23 21 25 23 24 4 18 21 23 23 18 30 24 23 18 35 19 0 4 25 30 26 0 35 23 23 23 14
split_gain=3.7424e+09 1.75338e+09 1.17317e+09 5.27533e+08 3.99025e+08 2.67682e+08 2.61555e+08 1.72611e+08 1.3687e+08 1.21547e+08 1.1298e+08 1.08969e+08 9.74637e+07 8.63924e+07 6.90765e+07 1.7278e+08 8.87739e+07 5.73796e+07 5.00595e+07 4.95358e+07 4.55308e+07 4.4274e+07 4.06458e+07 3.88548e+07 3.67819e+07 3.13645e+07 3.12416e+07 3.10179e+07 2.91774e+07 2.72927e+07 3.33742e+07 2.6891e+07 2.6072e+07 3.29774e+07 2.29842e+07 2.29135e+07 2.22573e+07 2.19195e+07 2.06835e+07 1.86974e+07 2.56156e+07 1.45572e+07 1.43858e+07 9.02121e+07 1.38691e+07 1.3661e+07 2.70524e+07 1.43663e+07 1.35565e+07 1.33222e+07 1.33105e+07 1.64187e+07 1.32115e+07 1.30081e+07 1.22675e+07 1.18986e+07 1.18045e+07 1.4605e+07 1.17647e+07 2.54269e+07 1.11702e+07 1.0876e+07
threshold=654.3767857142858 -567.17928571428558 13.500000000000002 2111.1917857142857 2111.1917857142857 -576.76535714285694 1156.7778571428573 132.85714285714286 3070.7142857142862 1154.464285714286 1.0000000180025095e-35 -60.9460714285714 280.73500000000007 1769.3750000000005 1.0000000180025095e-35 13.500000000000002 504.68857142857149 613.39285714285722 -734.47071428571417 1.0000000180025095e-35 1447.6785714285718 1740.5357142857144 27.500000000000004 -898.20660714285702 1607.5000000000002 743.13535714285729 764.46428571428589 543.57142857142878 980.3882142857143 25350.000000000004 1480.0050000000003 534.34500000000014 13.500000000000002 677.04071428571444 1497.6785714285718 824.419642857143 327.12232142857141 2188.3928571428573 573.94375000000014 14.500000000000002 797.857142857143 628.44071428571442 1497.6785714285718 1514.8214285714287 5257.1428571428578 2535.0000000000005 1002.3214285714287 905.89285714285722 680.71428571428589 13367.145000000002 257.85714285714295 28.500000000000004 29.500000000000004 -1249.4976785714282 29655.000000000004 6275.0000000000009 14.500000000000002 5788.9600000000009 1770.8928571428576 1809.1071428571429 1094.464285714286 1.0000000180025095e-35
decision_type=2 2 2 2 2 2 2 2 2 2 2 2 2 2 2 2 2 2 2 2 2 2 2 2 2 2 2 2 2 2 2 2 2 2 2 2 2 2 2 2 2 2 2 2 2 2 2 2 2 2 2 2 2 2 2 2 2 2 2 2 2 2
left_child=1 2 4 6 5 23 10 9 12 31 24 22 14 19 15 16 -3 52 -14 28 50 -15 54 29 34 -5 41 49 -8 53 -31 -7 -21 -34 35 -2 -16 38 -11 48 -41 -20 -40 -44 -10 46 -33 -47 -12 -13 -18 -52 -17 -1 56 -51 -4 -58 -45 -60 -49 -38
right_child=3 8 11 25 -6 7 13 -9 44 37 39 27 18 21 36 17 20 -19 26 32 -22 -23 -24 -25 -26 -27 -28 -29 -30 30 -32 45 33 -35 -36 -37 61 -39 42 40 -42 -43 43 58 -46 47 -48 60 -50 55 51 -53 -54 -55 -56 -57 57 -59 59 -61 -62 -63
leaf_value=205.5598628081575 -43.704922515688011 23.079635104441227 3.9228426393150273 -255.61507211823937 -153.12821784362166 22.386923702389613 -65.969100676248743 1.0014391194591852 -56.286656916217765 48.899288918860719 54.79652630944986 -10.470710788066656 -58.440731344941582 -91.966401829691378 3.8902479960222394 -11.037570901834314 27.3452397003255 -76.961408181035665 -14.903164341301014 27.689076508397502 170.86298598313886 -133.19455895797364 81.878314302010025 113.53296344222991 -90.454489161471159 -377.55881423854953 -1.0516546391304735 -1.0215221654860867 -91.481112641948528 189.76442335493925 78.365241458398515 73.627144788772156 -76.630439037467326 3.4391536857990981 5.652112610754541 -62.679282805852417 -43.133147888875115 45.134921096109544 95.314117615901935 -53.988739433822481 -2.2451560473052337 -44.233039007615417 223.99010749606393 91.743016400946502 -110.45177240895015 51.61857599191417 156.34307415720684 76.458822432132933 -1.732415956222713 -63.409263977508878 61.344506451846954 122.18553429733412 33.297909275186299 160.1114665495829 -57.096468285898645 -119.43262054225636 20.726300433611382 -46.536769119538071 186.79281641725095 99.553391516048805 52.560581454404826 -9.0679457528153602
leaf_weight=98 1454 1803 757 46 73 144 966 308 211 76 49 43 205 787 18326 728 94 137 1692 57 41 390 59 356 252 40 2703 95 838 42 75 675 144 80 71 1133 122 76 1096 175 211 188 67 394 61 750 42 722 314 393 342 51 74 182 41 42 46 108 46 123 269 404
leaf_count=98 1454 1803 757 46 73 144 966 308 211 76 49 43 205 787 18326 728 94 137 1692 57 41 390 59 356 252 40 2703 95 838 42 75 675 144 80 71 1133 122 76 1096 175 211 188 67 394 61 750 42 722 314 393 342 51 74 182 41 42 46 108 46 123 269 404
internal_value=0.167779 13.7433 57.6285 -66.4405 79.0728 82.1333 -63.3805 73.4154 2.12212 78.3938 -45.0243 -18.3744 2.83559 -83.9698 5.63541 19.0524 33.6415 -17.1639 -10.1003 -71.7387 69.7022 -105.632 1.37188 137.558 -53.9391 -312.52 -7.93742 -53.2118 -77.8222 159.084 118.419 64.3977 -32.6762 -48.0397 -50.4755 -52.016 3.30811 97.7834 100.003 -10.3877 -25.708 -17.8373 102.251 114.311 -68.4521 66.8584 78.483 62.0689 5.90469 -63.5832 61.1689 69.2545 -6.94494 176.052 -3.62152 -68.8315 -1.21185 -26.445 101.24 123.347 69.9748 -16.9724
internal_weight=41387 34380 7198 7007 5614 5541 6921 4788 27182 4480 3659 1584 26910 3262 22122 3270 2331 939 4788 2085 528 1177 1011 753 2910 86 4583 573 1804 397 117 2602 281 224 2658 2587 18852 1878 1802 749 386 1880 1726 630 272 2458 717 1741 363 478 487 393 802 280 952 435 911 154 563 169 991 526
internal_count=41387 34380 7198 7007 5614 5541 6921 4788 27182 4480 3659 1584 26910 3262 22122 3270 2331 939 4788 2085 528 1177 1011 753 2910 86 4583 573 1804 397 117 2602 281 224 2658 2587 18852 1878 1802 749 386 1880 1726 630 272 2458 717 1741 363 478 487 393 802 280 952 435 911 154 563 169 991 526
is_linear=0
shrinkage=0.1


Tree=5
num_leaves=63
num_cat=0
split_feature=22 22 4 23 25 22 25 18 9 18 25 28 22 28 18 18 4 24 23 28 23 28 4 9 24 23 0 28 25 33 24 23 24 24 30 25 9 4 23 17 33 28 28 21 23 25 28 28 23 25 28 0 1 22 21 18 33 34 23 23 0 8
split_gain=3.06478e+09 1.39477e+09 9.82244e+08 4.54868e+08 3.30468e+08 2.31439e+08 2.0411e+08 1.46179e+08 1.39647e+08 1.12406e+08 9.77502e+07 9.32843e+07 7.75528e+07 7.31768e+07 6.67352e+07 6.36403e+07 7.33162e+07 6.26752e+07 4.55029e+07 4.2371e+07 4.02007e+07 3.77036e+07 3.27379e+07 4.65446e+07 2.69736e+07 2.69725e+07 2.68282e+07 2.65452e+07 4.11448e+07 2.3829e+07 2.86952e+07 3.01233e+07 2.78748e+07 2.37616e+07 2.95406e+07 3.41654e+07 2.04552e+07 1.85904e+07 1.87807e+07 1.72443e+07 1.64921e+07 1.6254e+07 1.59686e+07 1.42026e+07 1.48708e+07 1.41555e+07 1.35311e+07 1.27499e+07 1.24492e+07 1.20488e+07 1.20445e+07 1.18587e+07 2.9065e+07 1.22465e+07 1.16028e+07 1.12102e+07 1.12006e+07 3.56333e+07 1.08409e+07 1.49614e+07 1.14654e+07 1.04448e+07
threshold=654.3767857142858 -550.99071428571426 13.500000000000002 3657.8571428571436 2111.1917857142857 1690.0489285714286 -754.76267857142841 132.85714285714286 1.0000000180025095e-35 3070.7142857142862 -67.861428571428561 32345.000000000004 14.911785714285747 29545.000000000004 1.0000000180025095e-35 1.0000000180025095e-35 13.500000000000002 534.34500000000014 1728.3928571428576 21305.000000000004 842.67857142857156 685.00000000000011 14.500000000000002 5925.0000000000009 1447.6785714285718 624.46428571428589 15.500000000000002 65425.000000000007 -1249.4976785714282 98.392857142857153 816.96428571428589 584.82142857142867 605.86339285714291 914.71107142857147 4391.1650000000009 228.56321428571431 20538.990000000002 12.500000000000002 1570.1785714285718 2455.0000000000005 771.8687500000002 40860.000000000007 60820.000000000007 1563.9285714285718 1295.1785714285718 137.85714285714292 33475.000000000007 41110.000000000007 768.39285714285722 500.7098214285715 40860.000000000007 15.500000000000002 4.5000000000000009 -1224.1189285714283 242.50000000000003 5404.2857142857147 54.107142857142868 13.500000000000002 933.03571428571433 1094.464285714286 29.500000000000004 -99.899999999999991
decision_type=2 2 2 2 2 2 2 2 2 2 2 2 2 2 2 2 2 2 2 2 2 2 2 2 2 2 2 2 2 2 2 2 2 2 2 2 2 2 2 2 2 2 2 2 2 2 2 2 2 2 2 2 2 2 2 2 2 2 2 2 2 2
left_child=1 2 4 5 6 8 27 11 13 12 21 29 15 43 20 16 17 -3 -7 -12 -14 -4 36 -24 -19 -18 41 28 -1 30 31 -8 -31 -13 35 -35 -10 38 56 49 46 -15 -20 44 48 -17 -30 -21 -2 54 -42 -23 53 -53 -16 -11 -33 -58 60 -60 -34 -36
right_child=3 9 10 -5 -6 18 7 -9 22 55 19 33 14 26 39 45 25 24 42 47 -22 51 23 -25 -26 -27 -28 -29 40 32 -32 37 58 34 61 -37 -38 -39 -40 -41 50 -43 -44 -45 -46 -47 -48 -49 -50 -51 -52 52 -54 -55 -56 -57 57 -59 59 -61 -62 -63
leaf_value=184.14253167862455 -34.496671620051487 21.019846754417422 70.691486035642555 -331.84235341964836 -148.31717309552377 -81.654341892170734 135.18658891488687 2.6622020272048492 -2.9633932554907356 -52.012694978040344 -9.9418259474718411 39.935874302687743 -18.242698123877044 -70.631544498787221 -12.307654956661768 5.5779244536639183 -2.3295072093379345 55.261674984812878 -108.85822864130954 -58.411394102032162 -75.483630054895556 1.4520530692988405 -1.3570734939027935 -57.838508262437223 141.41009305080078 -63.153048889749371 -23.71309612853171 55.601042391791111 119.18060055836254 16.900785612425793 154.7066806684964 50.094610927844329 48.78989313992372 88.109039676770593 87.807550273229836 217.38172137085422 59.165747267041446 -1.3191504012928179 118.97835967357616 -23.177223727359781 40.564333081572848 -96.777016777008114 -150.88055096198829 -95.077115178334111 9.5115506995587058 -7.097839882850562 169.5945884754311 -104.73708543532594 -50.01960638851719 -23.723921784618902 118.2207669871279 -98.94034904932505 24.550978976733067 -26.713398670813685 1.3196079694231317 -104.71382423268668 56.530899953970611 148.71595297821074 73.572980445748854 47.115550392532292 90.713631742533238 126.1190866673652
leaf_weight=135 694 1843 74 61 68 907 67 330 363 230 195 90 1172 1376 662 9314 424 396 332 342 137 833 284 300 40 88 108 44 239 171 44 300 965 42 1483 40 62 40 67 326 40 288 125 58 49 973 69 72 2028 208 40 48 62 46 11106 49 167 56 753 299 70 75
leaf_count=135 694 1843 74 61 68 907 67 330 363 230 195 90 1172 1376 662 9314 424 396 332 342 137 833 284 300 40 88 108 44 239 171 44 300 965 42 1483 40 62 40 67 326 40 288 125 58 49 973 69 72 2028 208 40 48 62 46 11106 49 167 56 753 299 70 75
internal_value=0.0662176 12.3868 50.952 -60.0637 70.7399 -57.6841 73.3889 67.011 -48.7007 1.85312 -16.4359 71.5013 2.51327 -56.0891 -2.77067 8.01255 21.4049 29.0869 -94.6289 -48.3788 -24.2362 1.86585 -15.0087 -30.374 63.1805 -12.7887 -72.0247 130.284 136.561 60.8319 76.3966 71.4423 55.7225 89.9949 92.7407 151.263 6.10603 64.6529 69.1254 -0.486533 119.985 -75.1595 -120.368 -46.1064 -45.0797 4.37895 130.5 -66.4797 -46.0626 0.131227 79.4422 -3.2872 -28.586 -63.6283 0.552967 -61.2856 62.7281 79.7087 58.9029 66.0558 51.6296 89.6558
internal_weight=41369 34334 7366 7035 5694 6974 5626 5059 5610 26968 1672 4729 26689 4601 13611 13078 2791 2279 1364 609 1309 1063 1009 584 436 512 1772 567 523 2999 741 697 2258 1730 1640 82 425 630 590 12302 388 1664 457 2829 2771 10287 308 414 2722 11976 80 989 156 94 11768 279 523 223 2087 1052 1035 1558
internal_count=41369 34334 7366 7035 5694 6974 5626 5059 5610 26968 1672 4729 26689 4601 13611 13078 2791 2279 1364 609 1309 1063 1009 584 436 512 1772 567 523 2999 741 697 2258 1730 1640 82 425 630 590 12302 388 1664 457 2829 2771 10287 308 414 2722 11976 80 989 156 94 11768 279 523 223 2087 1052 1035 1558
is_linear=0
shrinkage=0.1


Tree=6
num_leaves=63
num_cat=0
split_feature=22 22 4 25 25 22 25 18 35 14 28 20 24 22 20 25 4 22 18 29 35 21 28 0 24 4 28 15 25 0 18 30 25 30 17 4 28 4 28 28 31 28 17 30 30 28 33 28 30 35 0 30 30 33 28 24 21 21 28 29 29 24
split_gain=2.49547e+09 1.09036e+09 7.98687e+08 3.77881e+08 2.51205e+08 2.19926e+08 1.86241e+08 1.26134e+08 9.98635e+07 8.78302e+07 8.27151e+07 6.72269e+07 6.42063e+07 5.83297e+07 5.78048e+07 5.52977e+07 5.35238e+07 4.76807e+07 6.36653e+07 6.46693e+07 7.67418e+07 3.72556e+07 3.53347e+07 3.63158e+07 3.80188e+07 3.46251e+07 3.48959e+07 3.32143e+07 3.22731e+07 3.05281e+07 3.02138e+07 2.60334e+07 2.57174e+07 2.54102e+07 3.29247e+07 2.45838e+07 4.11e+07 2.37432e+07 2.24508e+07 1.98767e+07 1.91598e+07 1.599e+07 1.57458e+07 1.55861e+07 1.42264e+07 1.42035e+07 1.35623e+07 1.8751e+07 2.49445e+07 1.36331e+07 1.34054e+07 1.57675e+07 1.70143e+07 3.21346e+07 1.34288e+07 1.33343e+07 1.26976e+07 1.17077e+07 1.16914e+07 1.69158e+07 1.12859e+07 1.06434e+07
threshold=582.19035714285735 -550.99071428571426 13.500000000000002 2111.1917857142857 2111.1917857142857 1118.5357142857144 -810.40696428571437 132.85714285714286 110465.84000000001 1.0000000180025095e-35 20465.000000000004 1556.3692857142858 1057.3214285714287 2063.9042857142863 -2085.6414285714277 -367.92607142857133 29.500000000000004 1.0000000180025095e-35 1.0000000180025095e-35 17392.745000000006 340.00500000000005 1034.4882142857143 65425.000000000007 29.500000000000004 1404.3982142857146 13.500000000000002 35735.000000000007 5498.3333333333339 -576.76535714285694 17.500000000000004 1.0000000180025095e-35 12135.000000000002 373.61000000000007 4845.0000000000009 -1278.843333333333 14.500000000000002 685.00000000000011 13.500000000000002 32210.000000000004 32695.000000000004 3.5000000000000004 56880.000000000007 -189.90499999999994 3495.0000000000005 13255.000000000002 38125.000000000007 1074.464285714286 48325.000000000007 15627.010000000002 38155.840000000004 16.500000000000004 2045.0000000000002 1665.0000000000002 86.964285714285737 16345.000000000002 504.68857142857149 592.91535714285726 1862.5000000000002 41980.000000000007 39762.455000000009 6110.1950000000006 893.73446428571435
decision_type=2 2 2 2 2 2 2 2 2 2 2 2 2 2 2 2 2 2 2 2 2 2 2 2 2 2 2 2 2 2 2 2 2 2 2 2 2 2 2 2 2 2 2 2 2 2 2 2 2 2 2 2 2 2 2 2 2 2 2 2 2 2
left_child=1 2 4 5 6 9 22 12 -5 21 16 14 28 25 -3 -12 35 18 19 29 -21 37 23 45 -25 32 -27 -11 -8 60 56 -22 -7 34 -14 -4 -37 -2 44 -35 42 -15 50 -42 -17 -1 47 58 -49 -50 -30 52 54 -54 -52 -31 -19 -23 59 -41 -16 -53
right_child=3 11 10 8 -6 13 7 -9 -10 27 15 -13 33 41 17 38 -18 30 -20 20 31 57 -24 24 -26 26 -28 -29 40 55 -32 -33 -34 39 -36 36 -38 -39 -40 46 43 -43 -44 -45 -46 -47 -48 48 49 -51 51 61 53 -55 -56 -57 -58 -59 -60 -61 -62 -63
leaf_value=32.028710085979569 21.323339092756648 -70.568315378765476 58.585463441771154 -160.13768906588462 -130.31152055438588 57.515013438514046 94.746427700391834 0.93098985770267795 -373.31136140859093 -1.2162744401452903 -6.5386524736843548 -43.348167277507315 197.40905210040185 -87.046219632901341 6.6520953381065668 -48.331200552715757 107.73532835083668 -12.42539657889413 3.720081564324476 200.66360718230632 70.502799853242863 -55.136852228533236 40.559213355061225 130.15682614125123 208.63907116157873 -53.441037768452887 -76.706944737649238 -45.870072457674112 8.4360622083676571 19.687253790135848 0.37691827477845768 -24.394966237881363 -45.538801552096636 52.789129077261229 88.114898513716838 -81.793137161698525 4.73003070919615 -37.422648317759815 -82.367662793164016 82.079720452798227 128.29015072126504 -129.58457573849901 17.965426523691331 65.537619616800569 10.951467656329132 112.74873766705596 53.702334638581874 181.64826648814062 127.65253603439925 60.124717330010448 79.702320601694396 42.463474693763068 160.33526943143272 51.911258111577439 48.096943985629125 43.457838440331471 -42.917135941506331 -87.365725584852839 64.053088489351723 135.58400635891562 -22.348216848906645 59.16507890980678
leaf_weight=40 71 107 70 49 66 41 195 335 40 907 395 320 40 597 435 291 52 967 9695 40 104 688 45 273 80 1534 1113 204 68 1664 12370 40 59 303 89 61 545 2190 200 661 54 104 142 149 47 48 160 43 58 62 209 1104 51 59 378 275 159 135 326 65 194 584
leaf_count=40 71 107 70 49 66 41 195 335 40 907 395 320 40 597 435 291 52 967 9695 40 104 688 45 273 80 1534 1113 204 68 1664 12370 40 59 303 89 61 545 2190 200 661 54 104 142 149 47 48 160 43 58 62 209 1104 51 59 378 275 159 135 326 65 194 584
internal_value=-0.0529712 11.6968 45.7629 -51.2916 63.5803 -48.905 65.858 60.257 -256.102 -33.5255 -15.241 2.20422 64.3975 -67.6157 2.76387 -34.9523 10.0215 3.06646 7.53052 20.954 78.2145 -42.2101 125.025 133.638 147.97 -61.0429 -63.2251 -9.41723 55.4088 16.8497 -1.05064 44.143 -3.27906 79.2837 122.068 2.49766 -3.98542 -35.5775 -55.8111 75.9911 52.6656 -93.366 50.3491 82.2579 -40.0873 76.0969 81.1018 84.7076 116.289 92.8028 52.2234 53.4716 66.1291 102.231 59.3558 23.0596 -16.7328 -60.4285 79.809 86.8791 -2.29341 48.2433
internal_weight=41450 33718 7348 7732 5687 7643 5621 5135 89 4195 1661 26370 4800 3448 26050 933 728 25943 12447 2752 184 3084 486 441 353 2747 2647 1111 2993 2568 13496 144 100 1807 129 676 606 2261 538 1678 2798 701 2595 203 338 88 1375 1215 163 120 2453 2385 697 110 587 1939 1126 823 1052 726 629 1688
internal_count=41450 33718 7348 7732 5687 7643 5621 5135 89 4195 1661 26370 4800 3448 26050 933 728 25943 12447 2752 184 3084 486 441 353 2747 2647 1111 2993 2568 13496 144 100 1807 129 676 606 2261 538 1678 2798 701 2595 203 338 88 1375 1215 163 120 2453 2385 697 110 587 1939 1126 823 1052 726 629 1688
is_linear=0
shrinkage=0.1


Tree=7
num_leaves=63
num_cat=0
split_feature=22 22 4 23 23 22 23 18 9 28 23 28 18 22 25 4 18 20 28 35 25 19 4 28 28 9 23 28 22 0 21 4 18 23 28 23 32 4 28 23 30 29 19 20 34 25 25 33 28 35 30 4 30 28 25 23 14 23 30 23 23 33
split_gain=1.99742e+09 8.91782e+08 5.85261e+08 2.91843e+08 2.21242e+08 1.98963e+08 1.58545e+08 8.83639e+07 8.63939e+07 6.99056e+07 7.20235e+07 6.70694e+07 5.64619e+07 5.41996e+07 4.94395e+07 4.71761e+07 8.95825e+07 4.55605e+07 3.86935e+07 4.18226e+07 3.84834e+07 3.845e+07 3.72467e+07 3.19823e+07 3.15173e+07 2.89916e+07 3.16494e+07 2.58337e+07 2.45504e+07 2.40691e+07 2.3558e+07 2.23419e+07 3.2733e+07 2.07066e+07 1.84464e+07 1.73875e+07 1.73488e+07 1.69999e+07 1.58503e+07 1.45718e+07 1.33081e+07 3.27008e+07 1.71681e+07 1.32808e+07 1.27678e+07 1.26198e+07 1.25409e+07 1.24179e+07 1.19513e+07 1.13767e+07 1.1269e+07 1.0949e+07 2.5901e+07 1.84175e+07 1.6703e+07 1.00958e+07 9.87137e+06 9.50143e+06 1.09697e+07 8.38876e+06 7.6794e+06 7.66197e+06
threshold=549.45821428571446 -582.22821428571422 13.500000000000002 3657.8571428571436 3657.8571428571436 1118.5357142857144 188.21428571428575 132.85714285714286 -99.899999999999991 18695.000000000004 243.75000000000003 35735.000000000007 3206.428571428572 2421.9107142857151 -236.27392857142854 13.500000000000002 1.0000000180025095e-35 -2085.6414285714277 14995.000000000002 340.00500000000005 745.4953571428573 273.36214285714289 14.500000000000002 25965.000000000004 56880.000000000007 1.0000000180025095e-35 1226.964285714286 1.0000000180025095e-35 288.04285714285714 15.500000000000002 1658.214285714286 13.500000000000002 720.71428571428589 1301.6071428571429 33295.000000000007 2037.5000000000002 256.4285714285715 14.500000000000002 32210.000000000004 540.89285714285722 14455.000000000002 35421.950000000004 527.20714285714291 -364.46214285714279 14.500000000000002 587.27803571428592 57.6121428571428 72.678571428571445 25255.000000000004 38155.840000000004 13255.000000000002 12.500000000000002 1125.0000000000002 17845.000000000004 1.5026785714285733 1534.1071428571429 1.0000000180025095e-35 947.32142857142867 7055.0000000000009 1570.1785714285718 1195.1785714285718 74.464285714285737
decision_type=2 2 2 2 2 2 2 2 2 2 2 2 2 2 2 2 2 2 2 2 2 2 2 2 2 2 2 2 2 2 2 2 2 2 2 2 2 2 2 2 2 2 2 2 2 2 2 2 2 2 2 2 2 2 2 2 2 2 2 2 2 2
left_child=1 2 4 5 6 8 23 11 30 10 -4 39 15 25 -11 16 18 -17 29 -20 40 -21 -12 47 34 26 -7 -24 45 -3 33 -27 -33 48 -25 -15 -36 -10 50 -8 41 44 -42 -39 49 -19 -18 -1 -2 -13 -16 53 -53 54 -41 -28 -30 61 60 -56 -59 -55
right_child=3 12 9 -5 -6 13 7 -9 37 14 22 20 -14 35 38 17 46 28 19 21 -22 -23 27 24 -26 31 55 -29 56 -31 -32 32 -34 -35 36 -37 -38 43 -40 51 42 -43 -44 -45 -46 -47 -48 -49 -50 -51 -52 52 -54 57 59 -57 -58 58 -60 -61 -62 -63
leaf_value=120.74985491289186 -34.151353666713568 -56.822662941369096 145.09113755434493 -274.27934951712939 -137.99843039617113 -47.520109509691672 13.443895018739457 1.293034099635622 3.6020300708546253 -4.2207082645127061 85.741198197633565 71.557917502527204 -53.571360751964029 -80.213579460689118 -43.485102012958407 -69.593488157273327 5.9581677072444776 1.6854467665818487 141.84382334675612 -32.80205476474989 -10.208982796813785 50.864893297517682 -70.54545374364406 109.34833787512157 40.995386290818125 21.127861842059815 -63.965523113148997 5.2655964208940187 -14.932550158539028 19.701262018478921 -68.617310693760146 -65.0689472230885 4.4233902081825072 -1.2812203383606162 214.18455428029415 -123.45366502799318 140.09902353492794 -37.996386607674765 -73.571110166588781 134.43906008978476 128.53639790189979 164.5911352807349 61.314506616648458 -11.274576644805819 123.00218399127503 -37.907355621168456 -1.7526638247414406 62.498427358883795 -48.843580351351491 104.54617495366038 12.475410705826606 -44.520392455292708 46.90256540269931 59.104137711505103 51.108043746001982 -81.136263933331122 -2.6895479795204125 62.136683249354384 46.308728885237059 93.04339806082119 105.1413750788348 39.694589837999445
leaf_weight=48 1748 42 40 55 57 1107 111 299 567 457 53 599 179 261 293 96 5532 11968 44 63 51 427 50 159 40 68 1033 441 1411 1829 252 206 101 156 40 145 155 251 178 43 41 50 519 718 67 81 3409 155 811 127 41 40 137 252 135 514 1235 550 611 74 45 1060
leaf_count=48 1748 42 40 55 57 1107 111 299 567 457 53 599 179 261 293 96 5532 11968 44 63 51 427 50 159 40 68 1033 441 1411 1829 252 206 101 156 40 145 155 251 178 43 41 50 519 718 67 81 3409 155 811 127 41 40 137 252 135 514 1235 550 611 74 45 1060
internal_value=0.073848 10.8392 42.5121 -44.8219 57.9062 -43.2303 59.9723 53.9397 -29.4023 -11.66 15.6683 57.4284 2.39259 -61.357 -28.1302 2.77596 7.62671 -0.945007 24.7592 48.5009 75.1109 40.1055 6.13944 108.578 125.198 -56.7563 -60.434 -2.46086 -0.496302 17.982 -39.3683 -30.7231 -42.2096 -36.6523 134.705 -95.6698 155.347 -10.1508 -49.4689 49.0197 78.2126 86.1568 66.2472 -18.1979 81.2013 1.41913 3.01821 76.2985 -38.8085 77.3354 -36.6148 50.3595 26.2352 51.9005 77.6815 -69.673 -9.21838 49.3188 55.7289 65.9747 65.3977 43.4248
internal_weight=41327 33334 7018 7993 5465 7938 5408 4811 4503 1553 584 4512 26316 3435 969 26137 11346 14791 2405 534 1454 490 544 597 394 3029 2654 491 14695 1871 2967 375 307 2715 354 406 195 1536 512 3058 1403 843 560 969 793 12049 8941 203 2559 726 334 2947 177 2770 252 1547 2646 2518 1206 209 595 1312
internal_count=41327 33334 7018 7993 5465 7938 5408 4811 4503 1553 584 4512 26316 3435 969 26137 11346 14791 2405 534 1454 490 544 597 394 3029 2654 491 14695 1871 2967 375 307 2715 354 406 195 1536 512 3058 1403 843 560 969 793 12049 8941 203 2559 726 334 2947 177 2770 252 1547 2646 2518 1206 209 595 1312
is_linear=0
shrinkage=0.1


Tree=8
num_leaves=63
num_cat=0
split_feature=22 22 4 25 23 22 25 18 35 9 28 28 23 20 20 22 25 35 23 35 9 4 24 24 22 23 33 28 28 25 33 21 18 18 0 24 21 28 23 24 9 23 24 23 25 4 33 30 34 23 18 30 28 23 30 28 0 23 20 28 31 4
split_gain=1.61577e+09 6.95524e+08 5.26234e+08 2.43548e+08 1.72722e+08 1.3769e+08 1.22046e+08 8.2036e+07 6.64525e+07 6.083e+07 5.54859e+07 5.29917e+07 5.24495e+07 4.96453e+07 4.15594e+07 4.09296e+07 4.06789e+07 3.11544e+07 2.67242e+07 3.35144e+07 2.62431e+07 2.40985e+07 2.40038e+07 2.31573e+07 2.23778e+07 2.23653e+07 2.12931e+07 2.0796e+07 2.00632e+07 3.72698e+07 1.85755e+07 1.83143e+07 1.77454e+07 1.70338e+07 2.65065e+07 1.86441e+07 1.54277e+07 1.4486e+07 1.42217e+07 1.38586e+07 1.38136e+07 1.3411e+07 1.33956e+07 1.32809e+07 1.32442e+07 1.27714e+07 1.27487e+07 2.71152e+07 3.29658e+07 1.31665e+07 1.22148e+07 1.20859e+07 1.18294e+07 4.78403e+07 1.1581e+07 1.13494e+07 1.10993e+07 1.08556e+07 1.03443e+07 1.02877e+07 1.05147e+07 1.01939e+07
threshold=582.19035714285735 -486.15107142857136 13.500000000000002 2111.1917857142857 2477.1428571428573 1091.1039285714289 -576.76535714285694 132.85714285714286 110465.84000000001 -99.899999999999991 17085.000000000004 35735.000000000007 248.57142857142858 1426.7614285714287 -2222.9414285714279 1769.3750000000005 -144.46982142857152 96433.185000000012 1.0000000180025095e-35 4540.005000000001 1.0000000180025095e-35 14.500000000000002 326.52482142857144 504.68857142857149 144.01857142857145 1740.5357142857144 930.17857142857156 1.0000000180025095e-35 65425.000000000007 -1249.4976785714282 771.8687500000002 1080.8928571428576 132.85714285714286 1.0000000180025095e-35 15.500000000000002 822.2025000000001 1593.2135714285716 41575.000000000007 1295.1785714285718 1461.1592857142859 -517.11999999999989 1728.3928571428576 1404.3982142857146 412.32142857142861 116.63589285714299 14.500000000000002 74.464285714285737 1665.0000000000002 2.5000000000000004 870.89285714285722 4625.0000000000009 12074.255000000003 41980.000000000007 1470.8928571428576 7055.0000000000009 25965.000000000004 16.500000000000004 540.89285714285722 -354.99071428571426 24475.000000000004 3.5000000000000004 13.500000000000002
decision_type=2 2 2 2 2 2 2 2 2 2 2 2 2 2 2 2 2 2 2 2 2 2 2 2 2 2 2 2 2 2 2 2 2 2 2 2 2 2 2 2 2 2 2 2 2 2 2 2 2 2 2 2 2 2 2 2 2 2 2 2 2 2
left_child=1 2 4 5 6 9 28 11 -5 36 12 23 -4 14 -3 20 -12 -6 19 22 31 -14 -16 -8 33 -17 41 -23 29 40 55 -7 57 34 -20 -36 38 51 -2 46 -1 52 -43 -34 -35 -11 47 -25 -49 -48 -15 -18 53 -13 56 -31 -51 -26 -47 -58 -61 -22
right_child=3 13 10 8 17 15 7 -9 -10 45 16 26 21 50 18 25 37 -19 24 -21 61 27 -24 39 32 -27 -28 -29 -30 30 -32 -33 43 44 35 -37 -38 -39 -40 -41 -42 42 -44 -45 -46 58 49 48 -50 54 -52 -53 -54 -55 -56 -57 59 -59 -60 60 -62 -63
leaf_value=164.63640912396289 -34.7994611312049 -67.376988513687195 119.97571583398222 -127.30404859020858 -31.119130671552398 -43.162702938189646 15.456611981415481 3.9330647979354909 -302.00443107614507 3.3748583899506372 -6.2086039041150478 67.207595540933184 71.480082464655609 -25.035449495272879 40.460121679464898 -59.348163070959998 -43.101270502247765 -144.95855017325394 -20.023223358167918 2.3188928703018021 13.824815033624745 -53.970704789414143 129.90650913451714 49.458990756179325 -10.477840850999986 -88.636502521671247 33.112851959479649 4.6969797285725283 24.779685723949854 75.646527838342351 50.196570428674498 -62.619184502399541 -12.35499518738758 3.9503375137386616 14.909494269045712 83.903443361965756 -59.071325427320872 -85.010830552255527 1.8497972253956594 99.692578750918457 99.757030820890677 61.87944950100357 124.53720587016102 1.0192793513250837 -4.3944053204083451 -34.558339699334745 32.477160203684825 47.637021061738146 173.73335388401318 3.3924580577437582 -69.577781405376811 9.3009323268369322 51.941063309005656 163.58287723347291 36.653729847550878 107.68145450370838 101.55236489501694 -39.271022356214644 -9.96666176033475 51.258089699908197 99.762564070698559 -29.199447626659904
leaf_weight=85 2294 86 41 48 53 1287 273 422 40 492 576 640 49 324 105 773 431 44 224 188 71 67 42 465 907 394 164 611 46 219 141 776 852 12795 1782 40 253 75 111 47 54 56 88 5774 2234 238 923 41 42 42 76 49 329 56 634 225 47 153 608 917 47 245
leaf_count=85 2294 86 41 48 53 1287 273 422 40 492 576 640 49 324 105 773 431 44 224 188 71 67 42 465 907 394 164 611 46 219 141 776 852 12795 1782 40 253 75 111 47 54 56 88 5774 2234 238 923 41 42 42 76 49 329 56 634 225 47 153 608 917 47 245
internal_value=0.0539315 9.49235 35.2293 -41.486 49.5402 -39.5553 51.6794 46.209 -206.84 -26.8266 -10.7405 49.9172 10.0026 1.44484 2.00008 -53.8987 -24.8257 -82.8058 2.23796 30.2909 -46.372 3.79266 66.0517 43.4186 1.85836 -69.2398 66.8709 -1.10411 88.8509 92.9197 81.8465 -50.4826 -2.62242 3.87531 12.4355 16.4264 -35.5803 -44.145 -33.108 45.8001 139.476 71.6052 100.2 -0.700523 2.70991 -9.4363 44.9964 58.8667 111.511 42.0831 -33.5061 -37.7515 67.5833 74.9731 47.3377 91.8908 53.7684 -14.6355 -16.8865 55.8608 53.628 -19.5319
internal_weight=41211 33581 7999 7630 6100 7542 6003 5233 88 3996 1899 4811 768 25582 25182 3546 1131 97 25096 335 2379 727 147 3478 24761 1167 1333 678 770 724 585 2063 7686 17075 2046 1822 2658 555 2405 3205 139 1169 144 6626 15029 1338 3158 548 83 2610 400 480 1025 696 1687 444 1053 1060 846 1011 964 316
internal_count=41211 33581 7999 7630 6100 7542 6003 5233 88 3996 1899 4811 768 25582 25182 3546 1131 97 25096 335 2379 727 147 3478 24761 1167 1333 678 770 724 585 2063 7686 17075 2046 1822 2658 555 2405 3205 139 1169 144 6626 15029 1338 3158 548 83 2610 400 480 1025 696 1687 444 1053 1060 846 1011 964 316
is_linear=0
shrinkage=0.1


Tree=9
num_leaves=63
num_cat=0
split_feature=22 22 4 23 23 22 25 18 14 28 28 23 18 25 28 4 20 22 4 28 35 15 18 0 24 27 35 4 28 33 4 20 24 33 30 18 23 23 28 35 23 28 23 35 23 28 25 35 23 23 28 33 23 23 0 0 23 23 23 30 35 22
split_gain=1.30676e+09 5.72357e+08 4.07043e+08 1.8257e+08 1.29252e+08 1.24145e+08 9.2168e+07 6.78616e+07 5.50036e+07 4.74887e+07 4.73847e+07 5.62473e+07 4.18729e+07 3.55623e+07 3.50994e+07 4.08545e+07 3.05726e+07 2.66516e+07 2.60252e+07 2.56415e+07 2.31507e+07 2.20907e+07 1.90191e+07 1.90966e+07 2.18505e+07 1.89959e+07 3.05041e+07 1.80462e+07 1.79534e+07 1.78519e+07 1.64875e+07 1.54644e+07 1.43011e+07 1.39948e+07 3.00562e+07 1.36658e+07 1.33016e+07 1.28691e+07 9.95769e+07 1.53893e+07 1.49171e+07 1.15029e+07 1.14535e+07 1.12358e+07 1.11149e+07 1.09421e+07 1.07841e+07 1.07017e+07 1.05792e+07 1.01428e+07 1.01385e+07 1.25206e+07 9.79509e+06 8.96338e+06 8.65565e+06 1.91733e+07 8.57927e+06 1.03378e+07 8.56062e+06 8.84535e+06 1.1577e+07 8.19658e+06
threshold=582.19035714285735 -486.15107142857136 13.500000000000002 3657.8571428571436 2477.1428571428573 1189.7203571428574 -576.76535714285694 132.85714285714286 1.0000000180025095e-35 33475.000000000007 16125.000000000002 274.82142857142861 3206.428571428572 -144.46982142857152 44640.000000000007 13.500000000000002 -2425.9364285714282 144.01857142857145 14.500000000000002 28655.000000000004 96433.185000000012 6816.666666666667 1.0000000180025095e-35 17.500000000000004 974.71321428571434 1.0000000180025095e-35 0.20000000000000004 13.500000000000002 685.00000000000011 930.17857142857156 13.500000000000002 -505.14071428571418 504.68857142857149 61.250000000000007 1590.2850000000001 132.85714285714286 1126.2500000000002 1497.6785714285718 42325.000000000007 45003.415000000008 1728.3928571428576 65425.000000000007 2153.7500000000005 1.0000000180025095e-35 870.89285714285722 37090.000000000007 288.08267857142857 49630.665000000008 1570.1785714285718 540.89285714285722 35975.000000000007 1295.0458928571431 1453.3928571428576 412.32142857142861 16.500000000000004 15.500000000000002 1289.1071428571429 1213.3928571428576 1181.2500000000002 2715.0000000000005 14633.620000000001 -216.49571428571429
decision_type=2 2 2 2 2 2 2 2 2 2 2 2 2 2 2 2 2 2 2 2 2 2 2 2 2 2 2 2 2 2 2 2 2 2 2 2 2 2 2 2 2 2 2 2 2 2 2 2 2 2 2 2 2 2 2 2 2 2 2 2 2 2
left_child=1 2 4 5 6 8 25 9 19 32 11 -4 16 54 15 -7 -3 22 -13 27 -6 -10 23 -18 61 26 -1 -2 -20 37 -16 50 -8 34 48 49 -17 39 -39 52 -40 -32 -38 -27 -35 -15 -24 -42 -34 -19 -28 -52 56 -37 55 -12 57 -11 59 60 -46 -25
right_child=3 12 10 -5 20 14 7 -9 21 29 13 18 -14 45 30 36 17 35 28 -21 -22 -23 46 24 -26 43 31 -29 -30 -31 41 -33 33 44 -36 53 42 38 40 -41 47 -43 -44 -45 58 -47 -48 -49 -50 -51 51 -53 -54 -55 -56 -57 -58 -59 -60 -61 -62 -63
leaf_value=169.0206082309528 29.57838337938966 -68.676338243753463 124.63775759045302 -212.57307792489152 -21.855458090763904 53.806667092617388 15.993777264877004 2.5088920608408176 -0.20375489070647262 79.359202879673902 -2.123316929083829 76.834356184140347 -44.048768836976961 -32.167713879918317 -25.423881663246373 -36.175084851938898 -3.1054139494597459 -9.5889443263402612 -52.579412744945436 -47.783449980692509 -114.49748635014993 -36.914835033113377 2.9494291427895414 23.045238343639983 90.307016292195797 70.51799149286181 73.225572401118725 -28.307451912294042 4.3857804623548713 27.279960248640222 -74.431809779375939 24.990313945463072 41.178026286645043 28.877994043295963 129.38704257854573 -10.950852396044919 -54.117813254115504 211.17908560843281 48.818813657921588 93.643332158007922 107.16473771352933 -120.84291858220081 -14.702044119021091 -1.7496007797471602 112.39734828534645 -65.363723471946088 -12.190707988474621 50.402007853389378 91.218035375811439 -36.724522127306265 117.38877467804319 67.52492581515402 21.073119121513784 -0.1669734032461955 38.871746242854321 -64.783296800696334 62.394345819039984 24.632194743982563 17.241748565687669 41.512844687657569 52.033006774621867 9.3011548051712776
leaf_weight=40 55 62 41 59 60 40 269 410 951 45 506 46 204 411 62 691 619 919 61 779 49 198 14671 801 40 43 367 2508 590 155 436 49 353 986 50 885 1756 49 311 95 96 61 77 43 40 131 486 51 48 162 147 77 96 5969 42 54 480 148 124 1235 155 947
leaf_count=40 55 62 41 59 60 40 269 410 951 45 506 46 204 411 62 691 619 919 61 779 49 198 14671 801 40 43 367 2508 590 155 436 49 353 986 50 885 1756 49 311 95 96 61 77 43 40 131 486 51 48 162 147 77 96 5969 42 54 480 148 124 1235 155 947
internal_value=-0.166036 8.31009 31.7605 -37.4131 44.3565 -36.0544 46.3295 41.5548 -25.4058 44.8997 -8.87196 10.8834 1.0715 -21.6161 -51.3668 -46.4149 1.43168 1.60228 4.18346 -31.8948 -63.5353 -6.53128 3.77529 12.0328 17.2735 78.7126 84.3134 -27.0647 -0.955592 59.4598 -74.0739 79.0064 38.0833 40.0697 56.3059 -3.20763 -48.0043 63.0968 75.7512 55.6672 61.2407 -80.1397 -52.4625 34.4041 37.1858 -40.1964 2.46393 87.4954 47.1785 -13.657 83.4824 100.267 50.9699 -1.55948 -4.88578 -8.17078 55.2327 37.4097 42.4559 44.6416 64.4411 15.5997
internal_weight=41391 33718 7953 7673 6071 7614 5962 5196 4491 4786 1882 738 25765 1144 3123 2564 25561 25499 697 3342 109 1149 17564 2407 1788 766 680 2563 651 1526 559 640 3260 2991 451 7935 2524 1371 507 864 458 497 1833 86 2540 542 15157 147 401 1081 591 224 769 6854 602 560 673 193 1554 1430 195 1748
internal_count=41391 33718 7953 7673 6071 7614 5962 5196 4491 4786 1882 738 25765 1144 3123 2564 25561 25499 697 3342 109 1149 17564 2407 1788 766 680 2563 651 1526 559 640 3260 2991 451 7935 2524 1371 507 864 458 497 1833 86 2540 542 15157 147 401 1081 591 224 769 6854 602 560 673 193 1554 1430 195 1748
is_linear=0
shrinkage=0.1


Tree=10
num_leaves=63
num_cat=0
split_feature=22 22 4 23 23 25 22 18 18 9 28 28 23 22 28 23 14 15 23 35 23 35 24 30 23 23 31 25 4 18 35 17 28 24 23 1 21 35 21 4 9 18 26 30 29 23 18 23 23 25 21 28 30 29 22 21 4 28 23 16 23 30
split_gain=1.07481e+09 5.01975e+08 3.56053e+08 1.46347e+08 1.23843e+08 8.37652e+07 7.20694e+07 5.87492e+07 5.29018e+07 4.25061e+07 3.99341e+07 3.86072e+07 3.4203e+07 3.01063e+07 2.78141e+07 2.72594e+07 2.84874e+07 2.0405e+07 2.03889e+07 1.88414e+07 1.60209e+07 2.95397e+07 1.72819e+07 1.5875e+07 1.9921e+07 8.10435e+07 2.91491e+07 1.5368e+07 1.50271e+07 1.71287e+07 1.32664e+07 3.11773e+07 1.64304e+07 1.29347e+07 1.21012e+07 1.36769e+07 1.20619e+07 1.17862e+07 1.17406e+07 1.13438e+07 2.21749e+07 2.16019e+07 1.05955e+07 9.78621e+06 1.32501e+07 1.26883e+07 9.65458e+06 9.25076e+06 5.53558e+07 8.172e+06 8.23815e+06 7.87062e+06 7.94647e+06 7.80022e+06 7.48814e+06 9.19157e+06 8.18697e+06 9.89082e+06 1.55884e+07 7.45857e+06 6.86807e+06 6.71386e+06
threshold=713.67714285714294 -486.15107142857136 13.500000000000002 3657.8571428571436 2477.1428571428573 -696.60517857142838 1690.0489285714286 132.85714285714286 2796.428571428572 1.0000000180025095e-35 33475.000000000007 18695.000000000004 226.96428571428575 331.33107142857148 30645.000000000004 668.03571428571433 1.0000000180025095e-35 355.00000000000006 1659.8214285714287 96433.185000000012 1.0000000180025095e-35 4540.005000000001 326.52482142857144 14455.000000000002 1497.6785714285718 1526.2500000000002 2.5000000000000004 553.34839285714281 14.500000000000002 212.14285714285717 1.0000000180025095e-35 -316.66666666666657 25255.000000000004 504.68857142857149 1319.1071428571429 4.5000000000000009 1400.0275000000004 38155.840000000004 2743.2142857142858 13.500000000000002 20538.990000000002 680.71428571428589 12275.000000000002 2535.0000000000005 22308.710000000003 584.82142857142867 4482.857142857144 742.32142857142867 761.25000000000011 457.18857142857149 1523.9014285714288 35735.000000000007 7089.4300000000012 26504.085000000003 -69.926785714285657 483.67642857142863 13.500000000000002 8125.0000000000009 294.10714285714295 1.0000000180025095e-35 905.89285714285722 14455.000000000002
decision_type=2 2 2 2 2 2 2 2 2 2 2 2 2 2 2 2 2 2 2 2 2 2 2 2 2 2 2 2 2 2 2 2 2 2 2 2 2 2 2 2 2 2 2 2 2 2 2 2 2 2 2 2 2 2 2 2 2 2 2 2 2 2
left_child=1 2 4 6 5 30 9 10 13 14 33 12 -4 20 49 -13 34 36 -8 -6 21 22 -3 24 37 -26 -27 38 -14 -30 -1 32 -32 -7 -17 53 -15 -12 54 41 -41 -11 51 44 45 -35 -10 -47 -49 50 -2 52 -34 -36 55 56 57 -22 -59 -23 -45 -53
right_child=3 8 11 -5 19 7 18 -9 46 39 23 15 28 17 -16 16 -18 -19 -20 -21 27 59 -24 -25 25 26 -28 -29 29 -31 31 -33 42 43 35 -37 -38 -39 -40 40 -42 -43 -44 60 -46 47 -48 48 -50 -51 -52 61 -54 -55 -56 -57 -58 58 -60 -61 -62 -63
leaf_value=118.55892982909612 -28.595675237367853 36.834193203983737 96.445141282819236 -199.50249061134056 -28.045261454018039 14.117672630444924 -46.442181035119766 2.6794412092992905 -24.582702429127522 63.514389403376462 47.48751780293226 1.3232559082597564 48.193319906253237 -13.880952278125584 -45.465764018504494 -32.135711620789351 10.441627365180823 -1.5271883855124031 -71.342307369223917 -113.08889241610558 7.624516769349686 -27.227100317550327 114.07447644256325 40.782050116834498 199.94575222522232 42.738137809125419 126.9490330413027 -29.148789507087624 -55.44529592000589 3.0306859633438283 44.180470354460681 -13.653049605199312 108.159244981838 85.547184789776338 -64.037279777348957 -25.619960974285664 -52.026039434603028 82.174423233416803 -43.362618150634496 0.17338639838556943 -40.047606672194988 -6.6687892522813774 40.77082041275753 26.578132968273621 100.18025337065018 25.326345658570283 -57.912610944307261 149.88008011928088 38.171105643556423 4.5425315809935274 -69.161542399646493 132.36995707148498 65.039503728653273 -117.95632862721557 0.98655650451395727 2.8651222642510206 -2.1417225042619905 80.015881663183791 19.025510351591141 13.346446631918523 38.188124401744169 92.577191262929844
leaf_weight=67 2659 105 41 55 57 263 868 423 366 53 605 361 67 1419 1473 413 128 2641 530 48 1075 71 40 532 50 196 52 156 54 684 115 40 62 65 75 63 88 117 56 295 256 253 45 884 42 298 114 48 579 73 51 67 139 42 13262 6225 415 45 602 125 1205 118
leaf_count=67 2659 105 41 55 57 263 868 423 366 53 605 361 67 1419 1473 413 128 2641 530 48 1075 71 40 532 50 196 52 156 54 684 115 40 62 65 75 63 88 117 56 295 256 253 45 884 42 298 114 48 579 73 51 67 139 42 13262 6225 415 45 602 125 1205 118
internal_value=-0.0233873 6.96911 28.8761 -37.1369 40.6868 42.5674 -35.7638 38.4463 0.394109 -30.2619 41.5113 -8.59598 7.40708 0.994017 -34.3533 -21.1083 -32.339 -6.82539 -55.8844 -66.9577 2.45658 23.9631 58.1739 54.7938 62.0996 83.8578 60.4173 2.12067 2.86651 -1.2515 76.3823 71.5503 77.793 35.4189 -41.5733 -63.2125 -16.1101 53.1138 2.34574 -9.94239 -18.5156 5.49549 86.7554 37.2137 45.1826 42.8444 -32.5038 39.8392 46.7343 -28.471 -29.3604 92.1103 78.3637 -83.435 2.46421 4.80772 10.4662 13.5047 23.2734 -1.35428 33.2759 107.021
internal_weight=41416 34850 8045 6566 6117 6012 6511 5359 26805 5113 4936 1928 846 26325 4256 1082 721 4148 1398 105 22177 341 145 1552 1020 298 248 21836 805 738 653 586 546 3384 593 180 1507 722 21680 857 551 306 431 3121 1032 990 480 925 627 2783 2710 386 201 117 21624 8362 2137 1722 647 196 2089 185
internal_count=41416 34850 8045 6566 6117 6012 6511 5359 26805 5113 4936 1928 846 26325 4256 1082 721 4148 1398 105 22177 341 145 1552 1020 298 248 21836 805 738 653 586 546 3384 593 180 1507 722 21680 857 551 306 431 3121 1032 990 480 925 627 2783 2710 386 201 117 21624 8362 2137 1722 647 196 2089 185
is_linear=0
shrinkage=0.1


Tree=11
num_leaves=63
num_cat=0
split_feature=22 22 4 23 23 23 20 4 28 18 9 23 0 20 4 18 18 29 35 28 23 18 14 23 30 28 28 28 23 28 35 23 29 8 1 28 30 31 23 35 29 28 30 23 18 23 30 30 28 23 23 23 23 28 20 30 32 23 28 4 31 23
split_gain=8.70858e+08 4.12612e+08 2.78278e+08 1.07139e+08 9.25476e+07 6.64888e+07 5.53948e+07 5.14827e+07 5.75622e+07 4.40669e+07 3.60512e+07 3.18465e+07 3.02846e+07 2.84818e+07 2.49563e+07 3.70543e+07 2.89381e+07 2.54346e+07 4.22871e+07 2.37863e+07 2.09289e+07 1.63898e+07 1.94136e+07 1.74007e+07 1.50726e+07 1.76511e+07 1.4705e+07 2.44359e+07 1.45981e+07 1.40636e+07 1.23006e+07 2.47436e+07 1.15706e+07 1.12424e+07 1.09227e+07 1.63057e+07 1.07506e+07 1.49783e+07 1.42337e+07 1.1637e+07 1.08174e+07 1.06786e+07 1.73076e+07 1.76862e+07 8.98151e+06 1.01449e+07 8.96562e+06 1.92602e+07 9.32639e+06 4.45528e+07 8.58748e+06 8.13131e+06 7.89355e+06 7.75205e+06 7.5581e+06 7.47815e+06 7.3625e+06 7.14568e+06 6.92311e+06 6.74192e+06 6.28793e+06 9.17515e+06
threshold=773.17857142857144 -550.99071428571426 13.500000000000002 3657.8571428571436 3657.8571428571436 188.21428571428575 1426.7614285714287 13.500000000000002 41575.000000000007 132.85714285714286 23924.780000000002 1295.1785714285718 14.500000000000002 -2085.6414285714277 13.500000000000002 1.0000000180025095e-35 1.0000000180025095e-35 19845.000000000004 10158.590000000002 1.0000000180025095e-35 584.82142857142867 4750.0000000000009 575.00000000000011 1013.0357142857143 24730.615000000002 26385.000000000004 31945.000000000004 56880.000000000007 1595.5357142857144 60820.000000000007 54286.910000000011 2011.2500000000002 13011.690000000001 -99.899999999999991 1.5000000000000002 20615.000000000004 6950.8100000000004 3.5000000000000004 988.03571428571433 8280.4950000000008 17871.720000000005 8125.0000000000009 1265.0000000000002 294.10714285714295 5132.1428571428578 1690.1785714285718 14455.000000000002 13726.740000000002 41980.000000000007 1497.6785714285718 1570.1785714285718 894.46428571428589 1833.7500000000002 43625.000000000007 593.03071428571445 26290.435000000001 263.57142857142861 695.17857142857156 42765.000000000007 22.500000000000004 1.5000000000000002 1195.1785714285718
decision_type=2 2 2 2 2 2 2 2 2 2 2 2 2 2 2 2 2 2 2 2 2 2 2 2 2 2 2 2 2 2 2 2 2 2 2 2 2 2 2 2 2 2 2 2 2 2 2 2 2 2 2 2 2 2 2 2 2 2 2 2 2 2
left_child=1 2 4 7 5 26 13 10 21 11 -2 36 19 -3 15 17 20 41 -19 -4 59 22 23 -9 25 34 -1 56 -24 -10 32 -32 -13 46 35 -14 37 38 -7 -40 -38 -15 43 -43 45 -8 47 48 49 -34 -25 -36 -48 -27 -18 -54 -28 -56 -50 -16 -41 -62
right_child=3 6 12 -5 -6 9 44 8 29 -11 -12 30 24 14 16 -17 54 18 -20 -21 -22 -23 28 50 -26 53 27 -29 -30 -31 31 -33 33 -35 51 -37 40 -39 39 60 -42 42 -44 -45 -46 -47 52 -49 58 -51 -52 -53 55 -55 57 -57 -58 -59 -60 -61 61 -63
leaf_value=56.116874478977699 -8.1520221781251561 -45.873246566895567 64.400406818573785 -172.46036168693115 -89.091691282441175 28.642242798168049 -25.346934957887523 -24.373624756667276 -53.981808928140872 0.710929142626746 90.597119176458662 1.1935543060302736 63.778405415014689 7.6180252106405888 -8.2941280372007391 2.2971482256374518 1.6514584323253818 119.16405529972049 4.5894121447398888 -1.9480029576562239 -28.92025030524006 -45.192356292204273 -25.950130269403957 -36.447758384509129 28.755870836073623 -39.612599566987022 134.37077375842679 14.782542375619343 9.8106164434869303 -90.131256472020567 49.137929103758069 -28.764101308055423 49.785387879780814 93.223280557287495 -14.836036829152224 -21.101484911036426 -2.6603882414700504 74.087751008947137 98.116599811735171 26.745564366374204 27.412939069985242 106.69196022024398 14.99232113623053 32.849361496339185 -54.9123465760605 6.6193587831976295 33.429828044762836 112.57768906102035 0.33711890243902443 135.42281029134202 -63.615926385793344 -65.669758068832792 97.588454753862138 -80.619075449509751 -11.284686573188688 41.499829955278585 90.314665801395051 0.51359457704212053 45.444449184760472 13.942083843096979 44.358131589786339 91.758552682153834
leaf_weight=352 306 127 57 56 57 1503 688 1764 779 347 42 42 40 1184 1321 9193 11378 62 67 1022 546 736 250 1692 46 242 48 40 210 125 137 58 459 71 135 52 141 97 41 169 788 41 760 155 85 116 336 61 43 70 125 41 42 57 952 55 186 1114 163 152 365 46
leaf_count=352 306 127 57 56 57 1503 688 1764 779 347 42 42 40 1184 1321 9193 11378 62 67 1022 546 736 250 1692 46 242 48 40 210 125 137 58 459 71 135 52 141 97 41 169 788 41 760 155 85 116 336 61 43 70 125 41 42 57 952 55 186 1114 163 152 365 46
internal_value=0.104196 6.11907 27.0996 -34.8382 37.6428 38.9198 0.555721 -33.5585 -35.8455 35.0971 3.77727 37.6429 -8.52435 1.36291 1.5858 5.12192 -1.03537 16.5664 59.6812 1.55978 -12.1983 -31.466 -28.9655 -31.4497 -26.2731 -30.7397 69.6551 87.0338 -9.62527 -58.9851 49.4441 25.9656 52.8546 54.5235 -12.0998 15.8174 31.8839 35.6626 33.9061 46.6427 22.8486 13.9661 21.8272 48.3193 -24.0055 -20.7348 52.2841 58.5861 54.0978 61.1291 -38.3185 -26.6933 40.6934 -47.4421 0.641099 65.8234 99.3786 -4.92312 36.0312 -5.99916 42.9959 49.6738
internal_weight=41435 35350 7409 6085 5717 5660 27941 6029 5681 5034 348 4687 1692 27052 26925 11462 15463 2269 129 1079 2019 4777 4041 3581 613 567 626 274 460 904 1537 195 1342 1300 268 92 3150 2221 2124 621 929 2140 956 196 889 804 1229 796 735 529 1817 176 433 299 13444 97 234 2066 206 1473 580 411
internal_count=41435 35350 7409 6085 5717 5660 27941 6029 5681 5034 348 4687 1692 27052 26925 11462 15463 2269 129 1079 2019 4777 4041 3581 613 567 626 274 460 904 1537 195 1342 1300 268 92 3150 2221 2124 621 929 2140 956 196 889 804 1229 796 735 529 1817 176 433 299 13444 97 234 2066 206 1473 580 411
is_linear=0
shrinkage=0.1


Tree=12
num_leaves=63
num_cat=0
split_feature=22 22 4 22 23 25 20 4 28 9 23 4 28 28 33 22 15 24 30 25 23 22 21 30 16 20 25 23 1 33 25 23 0 28 28 33 21 14 24 29 23 28 28 29 28 30 24 25 30 35 23 24 33 33 34 29 35 33 25 25 14 33
split_gain=6.88711e+08 3.3555e+08 1.99202e+08 7.1551e+07 7.0632e+07 5.16217e+07 4.86266e+07 3.81795e+07 3.87643e+07 3.00291e+07 2.85385e+07 2.77857e+07 2.70993e+07 2.57355e+07 2.94007e+07 2.45732e+07 2.31686e+07 1.97828e+07 1.90272e+07 1.89569e+07 1.85471e+07 1.70864e+07 1.62049e+07 1.60779e+07 2.08146e+07 1.54093e+07 1.41913e+07 1.19626e+07 1.12474e+07 1.75765e+07 1.13916e+07 1.09572e+07 1.092e+07 2.54554e+07 1.07374e+07 9.92739e+06 9.58115e+06 8.83585e+06 8.7343e+06 8.38317e+06 8.26546e+06 8.04395e+06 1.07194e+07 7.40341e+06 7.14438e+06 8.434e+06 8.83481e+06 1.79708e+07 2.04876e+07 8.17991e+06 7.26675e+06 6.90759e+06 6.72132e+06 1.19734e+07 2.42172e+07 7.01941e+06 6.50139e+06 6.45001e+06 5.95352e+06 5.8628e+06 7.70682e+06 5.79011e+06
threshold=773.17857142857144 -623.6039285714287 13.500000000000002 2723.2767857142862 2477.1428571428573 -810.40696428571437 1556.3692857142858 13.500000000000002 38635.000000000007 20538.990000000002 3657.8571428571436 13.500000000000002 40250.000000000007 17585.000000000004 218.1319642857143 -391.20392857142843 181.66666666666671 1069.3294642857143 38544.735000000008 -367.92607142857133 2079.4642857142862 296.79535714285709 926.55142857142869 4845.0000000000009 1225.0000000000002 -425.71428571428538 345.14303571428576 933.03571428571433 4.5000000000000009 758.75000000000011 -1475.7339285714286 3657.8571428571436 15.500000000000002 865.00000000000011 35735.000000000007 252.32142857142858 2304.6428571428573 1.0000000180025095e-35 686.00964285714292 11222.685000000001 319.46428571428578 8125.0000000000009 8295.0000000000018 9051.345000000003 32695.000000000004 34640.000000000007 1338.9603571428572 128.76839285714291 14335.000000000002 37438.345000000008 1453.3928571428576 968.64642857142871 98.392857142857153 56.607142857142868 11.500000000000002 18370.845000000005 4854.0400000000009 492.6785714285715 -469.73107142857151 281.18107142857156 255.00000000000003 61.250000000000007
decision_type=2 2 2 2 2 2 2 2 2 2 2 2 2 2 2 2 2 2 2 2 2 2 2 2 2 2 2 2 2 2 2 2 2 2 2 2 2 2 2 2 2 2 2 2 2 2 2 2 2 2 2 2 2 2 2 2 2 2 2 2 2 2
left_child=1 2 4 7 5 28 11 9 20 -2 -5 15 21 14 -4 22 17 35 26 -15 27 59 43 24 -19 -23 40 -9 30 -30 -1 -6 33 -16 -32 39 -10 -21 -37 -7 41 -17 -43 -3 -25 46 57 50 -49 -50 -48 52 53 -41 55 -55 -44 -46 -47 -13 -61 -45
right_child=3 6 13 10 31 16 -8 8 36 -11 -12 12 -14 19 32 18 -18 23 -20 37 -22 25 -24 44 -26 -27 -28 -29 29 -31 34 -33 -34 -35 -36 38 -38 -39 -40 51 -42 42 56 61 45 58 47 48 49 -51 -52 -53 -54 54 -56 -57 -58 -59 -60 60 -62 -63
leaf_value=115.62145776045314 -8.9296923959597745 2.7945055581585616 93.066518542948145 -63.998911660296791 -15.707263255261072 -9.5716462458979663 -24.1511662439875 -20.271058465273761 -45.015813052663098 73.330719593645412 -144.41748274678224 1.1055846316910056 -61.757064920048066 -1.2534553777409851 -72.804333921172116 6.5323078240794565 1.7345557060446013 46.380718673319883 68.123765823076369 -34.994255384022686 6.8389680991396524 -22.65418765184479 0.78704578849854878 25.696572922407945 132.01063048842215 -4.4213175047311548 -18.256928553928645 -31.644031214281167 71.426127137178341 -7.8089884191718397 50.805189016564206 -85.653223161171425 49.279370276236776 7.4053894734441315 89.893484613831674 -4.6895462584064971 -94.801182634256008 6.4090066119579276 24.484059683622661 29.01759268981553 2.483890273548456 67.468048553000173 32.434360493580868 39.938225550934028 44.191776893062517 43.125499985369856 54.641971037975274 126.32125119262986 84.105370758331901 31.038579408674373 30.270709140246669 59.869070578252263 28.532412818165454 24.946988731104273 120.00977165379091 63.956792813277552 2.2140480206232414 21.960583009793371 -8.16548226216341 -31.153579427400594 -3.0199513730455849 22.120759629929623
leaf_weight=63 301 145 40 264 42 44 769 1442 1148 52 53 11754 74 392 45 1082 224 77 45 462 163 550 434 276 45 2947 305 2581 74 45 155 48 46 325 129 119 40 58 745 305 8727 49 138 254 373 40 266 63 54 63 227 102 1096 104 51 83 147 201 52 126 428 648
leaf_count=63 301 145 40 264 42 44 769 1442 1148 52 53 11754 74 392 45 1082 224 77 45 462 163 550 434 276 45 2947 305 2581 74 45 155 48 46 325 129 119 40 58 745 305 8727 49 138 254 373 40 266 63 54 63 227 102 1096 104 51 83 147 201 52 126 428 648
internal_value=-0.0387733 5.32207 25.7694 -31.2209 34.7545 36.3116 0.65419 -28.6605 -30.7531 3.19664 -77.465 1.33909 -1.40364 -8.16092 11.2354 4.97627 33.1047 34.7067 3.27431 -17.8592 -26.228 -1.12086 17.0343 43.0012 78.0067 -7.28923 2.99467 -27.5678 68.0299 41.4725 77.1302 -53.0387 3.35681 -2.35835 68.5728 29.2672 -46.696 -30.376 20.4659 33.5266 3.6338 10.7205 24.2852 23.7687 40.3545 43.3748 45.5305 53.3065 80.3524 55.5565 43.4245 34.6161 33.0427 42.1429 58.9534 42.274 16.8502 36.4096 14.1462 0.63174 -9.42082 27.14
internal_weight=41200 35156 6534 6044 5166 5076 28622 5727 5374 353 317 27853 15879 1368 456 11974 4610 4386 10493 912 4186 15805 1481 1737 122 3497 10448 4023 466 119 347 90 416 370 284 2649 1188 520 864 1785 10143 1416 334 1047 1615 1339 1247 673 180 117 493 1741 1639 543 238 187 285 574 92 12308 554 902
internal_count=41200 35156 6534 6044 5166 5076 28622 5727 5374 353 317 27853 15879 1368 456 11974 4610 4386 10493 912 4186 15805 1481 1737 122 3497 10448 4023 466 119 347 90 416 370 284 2649 1188 520 864 1785 10143 1416 334 1047 1615 1339 1247 673 180 117 493 1741 1639 543 238 187 285 574 92 12308 554 902
is_linear=0
shrinkage=0.1


Tree=13
num_leaves=63
num_cat=0
split_feature=4 18 28 24 35 18 28 19 18 28 33 23 0 23 16 14 23 0 4 1 19 28 28 30 18 25 25 25 30 23 21 20 23 30 30 25 31 29 34 26 33 25 25 33 29 31 28 35 19 23 0 28 23 21 4 29 24 25 26 34 33 19
split_gain=4.90045e+08 2.78787e+08 2.73106e+08 1.02998e+08 1.02527e+08 6.51075e+07 6.40098e+07 9.02904e+07 5.43994e+07 4.60742e+07 3.49236e+07 3.36414e+07 3.31145e+07 3.2897e+07 2.70968e+07 2.42278e+07 2.75612e+07 2.2422e+07 1.98613e+07 2.83239e+07 1.826e+07 1.57505e+07 1.55771e+07 2.6639e+07 1.43096e+07 1.41056e+07 1.17596e+07 1.17265e+07 1.16783e+07 1.06313e+07 9.79436e+06 9.55739e+06 1.10776e+07 9.48416e+06 2.34295e+07 8.17307e+06 8.04291e+06 8.04936e+06 8.00762e+06 7.99092e+06 2.60192e+07 7.95758e+06 7.05599e+06 6.56614e+06 6.06279e+06 5.7821e+06 5.04088e+06 5.03137e+06 4.59776e+06 4.53409e+06 8.56712e+06 1.29e+07 6.94975e+06 4.49516e+06 4.42068e+06 4.73245e+06 4.38207e+06 7.96826e+06 5.45804e+06 9.3291e+06 5.97707e+06 4.17544e+06
threshold=13.500000000000002 1.0000000180025095e-35 27425.000000000004 830.72071428571439 161154.62500000003 2926.428571428572 69245.000000000015 1.0000000180025095e-35 1.0000000180025095e-35 65425.000000000007 1210.5591071428573 332.32142857142861 15.500000000000002 633.75000000000011 270.48666666666674 475.00000000000006 882.67857142857156 9.5000000000000018 29.500000000000004 4.5000000000000009 920.71428571428589 43625.000000000007 36245.000000000007 4485.0000000000009 4365.0000000000009 -308.05303571428573 295.00732142857152 83.628392857142842 6950.8100000000004 1873.3928571428576 1715.3571428571431 593.03071428571445 731.607142857143 14335.000000000002 13883.835000000001 327.12232142857141 2.5000000000000004 25175.000000000004 13.500000000000002 1835.0000000000002 58.750000000000007 553.34839285714281 2111.1917857142857 1760.3571428571431 31135.120000000003 3.5000000000000004 27165.000000000004 20918.690000000006 901.82571428571441 816.96428571428589 15.500000000000002 23705.000000000004 1101.2500000000002 252.50000000000003 14.500000000000002 31135.120000000003 1355.1903571428572 97.527500000000003 4065.0000000000005 7.5000000000000009 353.34410714285724 1500.0628571428574
decision_type=2 2 2 2 2 2 2 2 2 2 2 2 2 2 2 2 2 2 2 2 2 2 2 2 2 2 2 2 2 2 2 2 2 2 2 2 2 2 2 2 2 2 2 2 2 2 2 2 2 2 2 2 2 2 2 2 2 2 2 2 2 2
left_child=1 3 4 12 5 8 7 10 11 15 -5 18 -1 30 26 16 -4 -17 -2 -20 -8 -18 28 -24 -7 -16 -14 -3 36 49 -9 35 53 34 56 -10 37 46 45 -40 48 -29 -11 -26 -35 -27 47 -15 -41 -13 52 -52 -51 -33 -23 -56 58 -58 59 60 -25 -60
right_child=2 27 9 6 -6 24 20 13 31 42 -12 29 14 22 25 17 21 -19 19 -21 -22 54 23 33 43 38 -28 41 -30 -31 -32 32 -34 44 -36 -37 -38 -39 39 40 -42 -43 -44 -45 -46 -47 -48 -49 -50 50 51 -53 -54 -55 55 -57 57 -59 61 -61 -62 -63
leaf_value=-49.6505778383208 -4.3047023663179669 4.0258427431438246 2.0330101920774619 81.677507108539942 -150.01684415342905 -20.023732899354183 -90.111551916056811 61.354798670298422 2.3063273430912852 -75.613396114528925 211.61058641450387 -15.275444533920989 9.3257764924037296 25.050632790995778 47.838812076623441 -34.237034218331488 -32.025144001424223 4.7440293327784477 -3.8517347549234451 92.216400886133357 2.7196523144897009 -19.527404272746335 109.18366017644433 41.462497851664132 -38.299524283270678 15.807108861650205 -43.005448970729731 -2.2352942768442072 19.712324006453329 -59.104455884619952 109.32632672503279 -6.4509672752727028 1.8230053530132566 -0.91869097205911054 117.8976505868046 -10.974987536618803 56.613142456350005 68.522075862366307 24.401007750801831 38.335909751235256 109.63565406684991 -26.12307529501701 -130.53259054753286 -78.554186880203247 34.240916069937207 53.087068172725111 36.651281130468803 -11.349657867769379 -1.6441401746838644 -22.849273115284987 44.403923759504764 -23.188356969299875 -43.954811458684844 -18.205393806879751 -48.359398286724797 -76.913819560374236 46.246827549302822 95.687170850679976 10.524093022769847 31.132643576753942 86.02294287620407 38.572775688937142
leaf_weight=75 1144 6657 210 43 48 1106 45 289 11358 52 40 1252 1707 276 233 254 2849 352 71 54 40 47 59 51 198 1248 44 3088 736 69 50 803 1260 54 45 483 164 57 604 83 50 146 43 51 534 43 427 44 44 644 43 82 206 547 553 65 177 40 94 155 74 122
leaf_count=75 1144 6657 210 43 48 1106 45 289 11358 52 40 1252 1707 276 233 254 2849 352 71 54 40 47 59 51 198 1248 44 3088 736 69 50 803 1260 54 45 483 164 57 604 83 50 146 43 51 534 43 427 44 44 644 43 82 206 547 553 65 177 40 94 155 74 122
internal_value=0.115222 12.7525 -9.23287 26.9582 -4.12403 -3.76213 39.2824 41.3468 -2.17216 -31.6526 144.386 -13.2354 16.17 38.8644 17.3877 -30.1403 -33.1578 -11.596 -0.168759 37.6699 -46.4503 -35.2609 35.6379 43.434 -24.9014 24.5116 8.00958 1.62594 29.2087 -20.4572 68.4453 0.557141 -4.92045 40.548 47.9427 1.76453 36.4276 32.3069 21.8873 29.8804 48.5662 -3.3141 -100.527 -46.5586 31.0122 17.0508 29.5391 20.0446 24.4893 -19.2585 -24.3721 0.0718051 -27.9666 -11.2142 -49.1199 -51.3687 43.5196 55.3802 38.3256 47.5407 67.8662 26.3717
internal_weight=41482 17638 23844 7747 19419 19371 3616 3531 18016 4425 83 3565 4131 3448 4056 4330 3724 606 1269 125 85 3514 3109 1405 1355 2305 1751 9891 1704 2296 339 14451 2610 1346 758 11841 968 804 2072 781 177 3234 95 249 588 1291 747 320 127 2227 975 125 850 1350 665 618 713 217 496 280 125 216
internal_count=41482 17638 23844 7747 19419 19371 3616 3531 18016 4425 83 3565 4131 3448 4056 4330 3724 606 1269 125 85 3514 3109 1405 1355 2305 1751 9891 1704 2296 339 14451 2610 1346 758 11841 968 804 2072 781 177 3234 95 249 588 1291 747 320 127 2227 975 125 850 1350 665 618 713 217 496 280 125 216
is_linear=0
shrinkage=0.1


Tree=14
num_leaves=63
num_cat=0
split_feature=22 22 4 25 25 23 18 18 25 22 23 4 0 9 22 18 18 25 23 23 30 34 30 33 26 19 23 33 23 30 30 24 23 34 25 18 23 30 31 35 2 35 19 35 16 17 4 8 23 23 23 23 25 35 18 31 23 35 29 16 29 23
split_gain=4.60128e+08 2.19297e+08 1.54791e+08 6.58054e+07 4.28042e+07 4.03485e+07 3.67199e+07 3.23575e+07 2.72835e+07 2.41446e+07 2.08231e+07 1.57334e+07 1.90455e+07 1.53382e+07 1.39521e+07 1.23197e+07 1.1405e+07 1.11022e+07 1.06886e+07 1.00024e+07 9.39803e+06 9.26362e+06 9.04925e+06 1.93837e+07 8.82597e+06 8.24133e+06 7.68236e+06 9.62932e+06 8.61293e+06 8.02453e+06 1.3315e+07 6.86744e+06 6.54479e+06 6.41683e+06 6.26579e+06 6.14772e+06 5.89974e+06 5.85176e+06 7.41515e+06 5.72673e+06 5.69678e+06 1.87593e+07 1.06199e+07 6.93936e+06 5.68772e+06 5.63219e+06 8.89304e+06 1.18775e+07 5.44596e+06 9.67483e+06 7.05155e+06 5.09817e+06 4.97092e+06 7.72074e+06 4.8247e+06 4.78317e+06 4.71476e+06 1.24787e+07 4.79684e+06 4.70883e+06 4.63659e+06 4.49572e+06
threshold=811.97678571428571 -486.15107142857136 12.500000000000002 2111.1917857142857 675.68732142857152 2477.1428571428573 132.85714285714286 2612.8571428571436 -696.60517857142838 1769.3750000000005 988.03571428571433 13.500000000000002 14.500000000000002 1.0000000180025095e-35 331.33107142857148 132.85714285714286 2450.7142857142862 745.4953571428573 1912.3214285714287 1154.464285714286 18855.000000000004 27.500000000000004 5300.9600000000009 372.67267857142866 1700.1950000000004 379.12428571428575 1201.2500000000002 930.17857142857156 1728.3928571428576 8873.1300000000028 8325.0000000000018 1514.1071428571429 1060.1785714285718 15.500000000000002 116.63589285714299 5655.0000000000009 894.46428571428589 7695.0000000000009 3.5000000000000004 12780.610000000002 1.0000000180025095e-35 20497.770000000004 554.9935714285715 9681.1800000000021 710.06500000000017 677.10333333333335 13.500000000000002 -146.93999999999997 1434.1071428571429 1809.1071428571429 1245.8928571428576 1470.8928571428576 147.65160714285716 38155.840000000004 132.85714285714286 3.5000000000000004 1.0000000180025095e-35 5089.4750000000013 10444.200000000003 1.0000000180025095e-35 8251.8050000000021 1174.464285714286
decision_type=2 2 2 2 2 2 2 2 2 2 2 2 2 2 2 2 2 2 2 2 2 2 2 2 2 2 2 2 2 2 2 2 2 2 2 2 2 2 2 2 2 2 2 2 2 2 2 2 2 2 2 2 2 2 2 2 2 2 2 2 2 2
left_child=1 2 5 9 11 6 8 14 40 13 37 33 16 19 17 36 21 34 -11 -2 -14 -13 23 39 -5 -24 32 28 29 30 -28 -30 -27 -4 56 51 -16 38 -10 -12 42 -42 -1 -44 -7 46 47 -15 50 -50 -41 -9 -31 -54 60 61 57 58 -3 -59 -36 -34
right_child=3 7 4 24 -6 44 -8 35 10 18 22 12 20 45 15 -17 -18 -19 -20 -21 -22 -23 25 -25 -26 26 27 -29 31 52 -32 -33 55 -35 54 -37 -38 -39 -40 48 41 -43 43 -45 -46 -47 -48 -49 49 -51 -52 -53 53 -55 -56 -57 -58 59 -60 -61 -62 -63
leaf_value=106.35965330431077 -20.091294414762135 24.444626687940367 23.637902514983899 -81.60054160741538 -99.850397182384157 -64.815354553297013 -0.64216525582463468 -20.393321723635726 21.015946207760066 -32.777905277989817 71.111782383505599 1.8653913366750361 -23.235535867443211 47.795667896007259 -10.342795229338048 -1.355043846476641 -45.054117369384464 -45.418184497997125 -56.228834525939533 -30.648760643878827 15.094983501553456 37.920056963515549 75.700780609454725 96.809676842909141 -145.53191239473796 36.986383939622996 38.230969855243117 11.254180485076565 41.388767184505674 37.231396653134581 97.031136195253779 86.560447123842778 25.067753852711341 -17.678173590647912 2.8916079320902441 -56.32677401915538 -30.609349389348832 4.2975277290033551 54.422647385317546 36.699723825071572 52.48251058446828 -15.845878704194343 39.227474989494198 67.287545641246155 -15.793450778685546 4.1037137972123832 -23.226369997905877 -17.748381275743093 76.134819506246615 18.47253357473447 3.4414993563450511 -0.88716289525463954 14.220186789034598 52.49404160844265 -2.9456176840408368 -6.3080716805343142 2.3243619489930851 -26.035913478473233 64.242783529488392 8.0402419594198875 27.972327450071585 -0.74590871778395096
leaf_weight=40 2386 116 297 45 45 41 402 713 1776 928 49 1132 571 47 1026 3367 49 50 246 1439 72 76 40 64 42 193 180 157 77 394 49 60 327 43 370 41 167 201 69 275 189 51 194 162 56 251 321 67 74 48 83 165 298 64 3723 85 17522 62 41 117 92 85
leaf_count=40 2386 116 297 45 45 41 402 713 1776 928 49 1132 571 47 1026 3367 49 50 246 1439 72 76 40 64 42 193 180 157 77 394 49 60 327 43 370 41 167 201 69 275 189 51 194 162 56 251 321 67 74 48 83 165 298 64 3723 85 17522 62 41 117 92 85
internal_value=-0.0479507 4.19406 18.695 -26.2406 -3.34045 27.4017 28.4928 -0.0491789 30.7093 -24.9191 28.0507 -1.39944 -4.94483 -21.594 0.586955 -4.44908 2.21601 1.6264 -37.694 -24.0635 -18.9426 4.13521 33.9861 44.8431 -112.53 30.7804 29.866 34.4544 37.7002 34.4292 50.8311 61.1964 21.3589 18.4108 1.73322 -18.4975 -13.1809 20.5016 22.2667 38.5474 50.1354 37.9624 57.5073 52.0041 -36.5368 -7.82425 -14.7065 9.28323 35.2161 53.4649 28.9906 -16.7279 29.4579 20.9932 -1.74951 15.2871 2.54939 14.2823 34.855 -3.76662 7.88853 19.7427
internal_weight=41412 35640 8068 5772 2285 5783 5686 27572 5284 5685 4648 2240 1900 4511 26653 4560 1257 22093 1174 3825 643 1208 2602 593 87 2009 1969 1279 1122 985 229 137 690 340 22043 919 1193 2046 1845 529 636 240 396 356 97 686 435 114 480 122 358 878 756 362 4185 497 17858 336 157 179 462 412
internal_count=41412 35640 8068 5772 2285 5783 5686 27572 5284 5685 4648 2240 1900 4511 26653 4560 1257 22093 1174 3825 643 1208 2602 593 87 2009 1969 1279 1122 985 229 137 690 340 22043 919 1193 2046 1845 529 636 240 396 356 97 686 435 114 480 122 358 878 756 362 4185 497 17858 336 157 179 462 412
is_linear=0
shrinkage=0.1


Tree=15
num_leaves=63
num_cat=0
split_feature=22 22 4 23 23 18 25 35 20 9 4 18 24 18 25 4 29 18 23 21 23 0 25 4 29 34 20 22 35 17 21 22 25 18 17 4 24 20 20 35 23 23 23 25 18 20 30 9 24 25 23 18 35 23 32 23 18 23 16 22 4 23
split_gain=3.69252e+08 1.82519e+08 1.17843e+08 6.43248e+07 3.79014e+07 2.90732e+07 2.51903e+07 2.32887e+07 1.95246e+07 1.6419e+07 1.50964e+07 2.22413e+07 1.88811e+07 1.88524e+07 1.4955e+07 1.48407e+07 1.21914e+07 1.19126e+07 1.11899e+07 1.04838e+07 1.03e+07 1.01795e+07 1.02889e+07 1.2944e+07 1.47766e+07 1.17996e+07 1.00205e+07 9.79549e+06 9.55551e+06 1.46249e+07 9.17063e+06 9.13141e+06 7.99072e+06 7.70832e+06 7.27187e+06 7.1343e+06 6.83481e+06 1.06052e+07 1.03912e+07 7.05688e+06 7.05069e+06 8.07584e+06 6.43076e+06 6.35795e+06 6.31658e+06 6.26837e+06 7.40788e+06 7.8428e+06 6.00473e+06 5.91782e+06 6.77739e+06 6.95984e+06 5.38587e+06 5.2861e+06 4.75676e+06 4.74467e+06 4.68974e+06 5.24151e+06 4.63394e+06 4.61928e+06 4.60057e+06 4.39342e+06
threshold=791.33857142857153 -610.09499999999991 12.500000000000002 3657.8571428571436 2477.1428571428573 2489.2857142857147 -810.40696428571437 38155.840000000004 -2222.9414285714279 -358.69499999999994 13.500000000000002 1.0000000180025095e-35 1549.1071428571429 1.0000000180025095e-35 500.7098214285715 13.500000000000002 4641.8200000000006 680.71428571428589 1154.464285714286 974.85571428571438 2011.2500000000002 17.500000000000004 -343.91214285714278 14.500000000000002 30265.000000000004 27.500000000000004 -237.19285714285715 -925.02607142857107 0.20000000000000004 -449.86833333333328 895.18571428571443 2421.9107142857151 -425.61160714285705 790.71428571428589 -376.66666666666652 13.500000000000002 1907.9301785714288 -1628.5621428571428 -1684.5757142857144 9306.755000000001 1728.3928571428576 1453.3928571428576 458.03571428571433 57.6121428571428 4482.857142857144 -638.52499999999998 6670.0000000000009 -639.89999999999986 409.81589285714296 106.81964285714291 432.32142857142861 576.42857142857144 22607.355000000007 1169.1071428571429 429.28571428571433 1112.3214285714287 6200.0000000000009 2309.8214285714289 710.06500000000017 -517.68499999999995 3.5000000000000004 1514.8214285714287
decision_type=2 2 2 2 2 2 2 2 2 2 2 2 2 2 2 2 2 2 2 2 2 2 2 2 2 2 2 2 2 2 2 2 2 2 2 2 2 2 2 2 2 2 2 2 2 2 2 2 2 2 2 2 2 2 2 2 2 2 2 2 2 2
left_child=1 2 4 7 6 8 28 15 -3 18 11 12 26 16 21 17 -12 -2 32 27 30 22 23 -4 25 -25 48 -20 -1 -30 -17 56 -8 35 -11 -24 37 38 39 -21 41 54 -28 -13 -7 46 47 -29 -10 50 51 -15 -52 -18 60 -34 57 -9 -6 -50 -39 -43
right_child=3 5 14 -5 58 44 9 31 10 34 13 43 -14 49 -16 20 53 -19 19 36 -22 -23 33 24 -26 -27 42 45 29 -31 -32 -33 55 -35 -36 -37 -38 40 -40 -41 -42 61 -44 -45 -46 -47 -48 -49 59 -51 52 -53 -54 -55 -56 -57 -58 -59 -60 -61 -62 -63
leaf_value=86.432521090326929 49.677814662667402 -39.72691314025905 58.931325037499256 -125.28684276983839 -62.108613668339387 -13.287456588200351 45.099139509778567 -26.967128512093652 9.5626840004826423 18.417642222138845 -2.7412880322943463 3.6957122732321452 80.111234534426728 2.8314250660299112 -49.303639129242285 -16.148543937703458 -15.975802197212889 -4.8891907094138816 86.988187309427133 74.432324293504877 10.599088064843823 21.450578328710588 10.312459869670692 1.9757624354943788 -51.638601414643773 57.768630038690048 6.3571365492686374 98.442865730308512 50.563431494924629 -13.1239380263806 -26.619431599738899 -45.673408962304634 23.046746575822873 3.0862175809666934 -2.8103038209058933 -21.699850349615208 9.0450116136948839 65.235346348962779 92.23426902085113 34.057406921346221 55.861338586304626 -13.216594144075723 -34.296138356717194 -1.6927490495507547 -36.787557561629562 20.127024078369146 29.248585139244963 46.051170732029824 17.395736553854672 -2.7993447107393816 2.4606292331071833 -9.7426238806202932 13.939080655653434 -45.939106449184685 18.97412637789872 4.0179425585565758 -41.241011277215605 3.0276345530267044 -17.194622662991534 34.397861035786995 32.494114446662714 17.517256774328871
leaf_weight=62 48 117 42 61 40 856 156 1292 522 772 1173 5549 40 839 69 2090 894 239 60 52 111 169 80 495 48 41 1369 50 364 40 1395 351 1569 257 204 535 132 54 45 259 73 73 40 3617 132 87 82 67 423 3813 7591 926 432 63 208 143 224 61 54 257 210 128
leaf_count=62 48 117 42 61 40 856 156 1292 522 772 1173 5549 40 839 69 2090 894 239 60 52 111 169 80 495 48 41 1369 50 364 40 1395 351 1569 257 204 535 132 54 45 259 73 73 40 3617 132 87 82 67 423 3813 7591 926 432 63 208 143 224 61 54 257 210 128
internal_value=0.0500902 3.90517 18.7377 -23.1728 26.5531 0.426457 27.7623 -22.0998 1.02844 25.4323 1.2016 3.90254 11.9694 -0.827322 -3.70008 -17.6386 -9.57504 4.24404 28.6736 34.8685 -19.3851 -1.81105 -4.43599 5.34516 1.48663 6.2485 10.924 50.2539 49.8769 44.2569 -20.3402 -31.0841 23.433 -11.4577 13.9807 -17.5351 30.5527 33.1284 47.3303 40.8191 26.3484 23.1432 5.20185 1.56937 -16.4289 42.5335 52.3218 68.4733 17.6311 0.542653 1.84457 -3.76558 3.07877 -17.9506 30.2911 21.4575 -27.8356 -25.6147 -36.3299 23.8236 39.2023 6.35468
internal_weight=41245 35373 6720 5872 4984 28653 4890 5811 27665 4424 27548 11817 2651 15731 1736 3883 2130 287 3448 1580 3596 1667 1498 626 584 536 2611 346 466 404 3485 1928 1868 872 976 615 1234 1102 356 311 746 673 1409 9166 988 286 199 117 1202 13601 9788 1765 8023 957 472 1712 1577 1353 94 680 264 201
internal_count=41245 35373 6720 5872 4984 28653 4890 5811 27665 4424 27548 11817 2651 15731 1736 3883 2130 287 3448 1580 3596 1667 1498 626 584 536 2611 346 466 404 3485 1928 1868 872 976 615 1234 1102 356 311 746 673 1409 9166 988 286 199 117 1202 13601 9788 1765 8023 957 472 1712 1577 1353 94 680 264 201
is_linear=0
shrinkage=0.1


Tree=16
num_leaves=63
num_cat=0
split_feature=4 28 18 35 29 35 34 28 18 28 18 23 4 1 23 28 23 23 28 30 16 24 33 25 23 25 26 30 23 20 21 30 24 35 35 28 23 8 23 30 4 30 23 25 28 23 33 30 23 26 32 26 19 9 25 23 28 24 21 17 2 30
split_gain=2.60947e+08 1.57547e+08 1.48919e+08 6.5232e+07 5.05264e+07 4.16064e+07 5.89873e+07 4.68546e+07 3.55031e+07 2.65929e+07 2.64212e+07 2.04269e+07 1.78201e+07 2.37742e+07 1.53658e+07 1.49824e+07 1.42311e+07 1.37441e+07 1.28157e+07 3.15157e+07 1.14783e+07 1.11708e+07 8.80166e+06 8.42818e+06 8.28927e+06 7.79834e+06 7.22172e+06 6.97096e+06 6.59023e+06 5.97848e+06 7.69547e+06 5.80022e+06 6.56744e+06 9.4438e+06 5.66776e+06 8.26223e+06 2.46097e+07 5.64342e+06 5.6197e+06 5.44027e+06 5.19284e+06 1.96993e+07 1.47551e+07 5.18819e+06 5.17316e+06 4.99863e+06 4.82443e+06 2.03159e+07 4.53729e+06 4.45616e+06 7.08472e+06 4.83681e+06 4.7329e+06 4.36525e+06 4.28845e+06 3.94244e+06 5.66924e+06 7.47614e+06 3.93355e+06 3.91949e+06 3.91513e+06 1.36362e+07
threshold=13.500000000000002 27915.000000000004 1.0000000180025095e-35 161154.62500000003 17235.000000000004 1.0000000180025095e-35 8.5000000000000018 69245.000000000015 2987.8571428571436 65425.000000000007 1.0000000180025095e-35 294.10714285714295 29.500000000000004 4.5000000000000009 405.1785714285715 38385.000000000007 1461.964285714286 2666.9642857142862 36245.000000000007 4660.7800000000016 270.48666666666674 1514.1071428571429 1760.3571428571431 295.00732142857152 1313.3928571428576 345.14303571428576 5962.4600000000009 4275.0000000000009 882.67857142857156 633.84357142857141 1446.0314285714287 8005.0000000000009 899.46428571428589 26373.060000000005 18321.685000000001 41980.000000000007 1448.0357142857144 -268.23499999999996 1555.1785714285718 2120.3850000000007 14.500000000000002 5405.0000000000009 1101.2500000000002 327.12232142857141 33475.000000000007 1245.8928571428576 70.535714285714292 1665.0000000000002 432.32142857142861 2645.0000000000005 455.78285714285721 3475.0000000000005 1322.1428571428573 11080.000000000002 -49.753750000000004 1434.1071428571429 8125.0000000000009 556.44464285714298 3102.5000000000005 -132.92166666666736 1.0000000180025095e-35 1125.0000000000002
decision_type=2 2 2 2 2 2 2 2 2 2 2 2 2 2 2 2 2 2 2 2 2 2 2 2 2 2 2 2 2 2 2 2 2 2 2 2 2 2 2 2 2 2 2 2 2 2 2 2 2 2 2 2 2 2 2 2 2 2 2 2 2 2
left_child=2 3 4 8 17 6 45 14 10 15 11 12 -2 -14 21 16 28 20 31 -20 23 37 -10 -1 -17 54 -11 29 -3 43 -31 32 -16 39 35 36 -21 44 -37 -34 41 -13 -42 -12 -7 -6 47 55 -29 -36 51 -51 -52 60 -4 56 -22 -58 -26 -27 -48 -62
right_child=1 9 25 -5 5 7 -8 -9 22 26 27 40 13 -15 18 24 -18 -19 19 34 46 -23 -24 -25 58 59 -28 48 -30 30 -32 -33 33 -35 49 38 -38 -39 -40 -41 42 -43 -44 -45 -46 -47 53 -49 -50 50 52 -53 -54 -55 -56 -57 57 -59 -60 -61 61 -63
leaf_value=6.8605647462395298 -2.3689096537247063 2.1792357420727817 5.1141410466082036 -122.00803156385723 57.109502716635951 35.688022657877809 167.84770872438111 -52.97710001549666 -16.895581478593368 -53.202687390591521 0.62660433281388939 -11.752964596604073 -2.7323338566254898 84.694722630174695 16.852779662297731 -1.4556713475263743 2.7259646278436001 -46.721735080063858 117.01963630431331 34.949818353798143 2.8392865967426628 90.975845157920148 -59.230952822753437 -38.460477058329005 -31.21821300072568 -26.050814839268845 -108.32195405614807 -25.799853606324099 -22.198297267484474 -7.5417088212925165 15.611276704824498 10.843226398010664 58.697864775007659 69.708821074671235 10.449368608866095 -10.229412968632158 113.29952105289813 11.951674566857939 31.113220313620545 23.433361131225993 -12.903169881937936 63.474097251177739 -38.397091609550344 -11.361263978976087 59.911712139023194 8.7786448707539151 15.566041269682509 86.899434222043737 4.5254661935891667 35.097181130635747 -0.2225944657479563 74.010262031016723 26.502514444976924 43.550928882511904 0.34303676249602932 42.630699089006434 55.665129436705016 16.561856860986548 -58.213661981968883 -5.8306059536500037 -51.438717152575784 11.298482777411486
leaf_weight=1698 925 117 2611 46 40 334 50 75 1298 59 8492 266 67 58 825 93 287 41 42 220 195 43 51 42 1513 132 40 50 2123 1937 155 591 48 56 186 42 49 72 151 492 2004 40 256 377 120 46 804 48 3475 105 79 46 411 46 6765 63 62 231 56 350 41 222
leaf_count=1698 925 117 2611 46 40 334 50 75 1298 59 8492 266 67 58 825 93 287 41 42 220 195 43 51 42 1513 132 40 50 2123 1937 155 591 48 56 186 42 49 72 151 492 2004 40 256 377 120 46 804 48 3475 105 79 46 411 46 6765 63 62 231 56 350 41 222
internal_value=-0.130127 -6.94662 9.14824 -3.12982 19.6511 27.1481 81.5309 25.2921 -2.84837 -24.3009 -1.68206 -9.32868 2.42079 37.8514 26.7933 -23.0896 -18.2389 10.8017 24.207 31.8198 11.4856 41.9851 -18.4982 5.76553 -30.4642 1.03397 -75.5166 0.226714 -20.925 -1.01731 -5.82593 19.1701 22.6328 30.6317 29.0393 37.9127 49.2401 37.9719 22.116 26.5731 -14.1365 -1.91058 -15.7918 0.116967 42.0967 31.2783 17.2989 24.5353 4.09496 24.0802 28.0343 46.9721 22.1942 13.4034 1.6717 19.095 16.0526 24.8444 -32.1835 -11.3702 12.1017 1.51022
internal_weight=41259 23785 17474 19497 7616 4123 136 3987 19451 4288 18102 3616 1050 125 3912 4189 2527 3493 3343 1331 3452 569 1349 1740 1662 9858 99 14486 2240 10961 2092 2012 1421 596 1289 462 269 526 193 540 2566 306 2260 8869 454 86 1712 599 3525 827 641 151 490 1113 9376 551 488 293 1569 482 1067 263
internal_count=41259 23785 17474 19497 7616 4123 136 3987 19451 4288 18102 3616 1050 125 3912 4189 2527 3493 3343 1331 3452 569 1349 1740 1662 9858 99 14486 2240 10961 2092 2012 1421 596 1289 462 269 526 193 540 2566 306 2260 8869 454 86 1712 599 3525 827 641 151 490 1113 9376 551 488 293 1569 482 1067 263
is_linear=0
shrinkage=0.1


Tree=17
num_leaves=63
num_cat=0
split_feature=22 22 0 23 23 25 25 4 28 4 28 9 4 9 29 28 15 26 23 23 28 23 35 25 28 23 25 25 35 28 22 23 33 6 22 22 23 21 25 35 19 33 24 28 24 26 5 28 34 28 23 29 33 23 13 13 28 17 28 28 33 23
split_gain=2.45351e+08 1.36606e+08 7.68416e+07 3.81409e+07 3.1747e+07 2.4768e+07 1.77402e+07 1.65012e+07 1.73295e+07 1.58365e+07 1.8663e+07 1.70186e+07 1.21018e+07 1.20502e+07 1.18195e+07 1.17296e+07 1.15157e+07 1.08007e+07 1.00294e+07 9.66564e+06 8.90813e+06 8.71159e+07 7.32742e+07 1.05069e+07 9.61536e+06 9.24243e+06 7.95277e+06 7.89066e+06 1.60405e+07 9.96218e+06 7.33637e+06 7.31236e+06 7.25946e+06 7.21383e+06 6.96463e+06 6.50582e+06 8.81282e+06 7.10868e+06 6.3339e+06 5.98885e+06 5.38982e+06 5.32837e+06 1.21974e+07 5.29339e+06 1.89316e+07 5.13406e+06 4.95966e+06 8.43514e+06 4.87934e+06 4.70109e+06 4.60701e+06 4.40842e+06 6.13163e+06 8.50195e+06 5.65642e+06 4.29387e+06 4.17884e+06 4.07648e+06 3.9232e+06 3.87098e+06 7.30835e+06 3.71658e+06
threshold=829.70571428571441 -610.09499999999991 16.500000000000004 3657.8571428571436 3657.8571428571436 -576.76535714285694 526.83160714285725 13.500000000000002 22105.000000000004 13.500000000000002 42765.000000000007 20538.990000000002 13.500000000000002 -389.78999999999991 23490.960000000003 29355.000000000004 435.00000000000006 835.00000000000011 947.32142857142867 1154.464285714286 41980.000000000007 1497.6785714285718 29273.535000000003 -293.03785714285709 42765.000000000007 1453.3928571428576 -696.60517857142838 -201.83160714285717 1.0000000180025095e-35 54560.000000000007 -391.20392857142843 1534.1071428571429 61.250000000000007 -199.91999999999999 384.83035714285717 2723.2767857142862 2079.4642857142862 805.357142857143 553.34839285714281 96433.185000000012 538.63571428571447 1877.3214285714287 2069.4642857142862 685.00000000000011 1043.3928571428576 1755.0000000000002 -708.67999999999984 41110.000000000007 15.500000000000002 56880.000000000007 1809.1071428571429 24565.000000000004 930.17857142857156 1728.3928571428576 695.00000000000011 661.7650000000001 30645.000000000004 2025.0000000000002 23825.000000000004 36625.000000000007 798.52232142857156 988.03571428571433
decision_type=2 2 2 2 2 2 2 2 2 2 2 2 2 2 2 2 2 2 2 2 2 2 2 2 2 2 2 2 2 2 2 2 2 2 2 2 2 2 2 2 2 2 2 2 2 2 2 2 2 2 2 2 2 2 2 2 2 2 2 2 2 2
left_child=1 2 6 9 5 17 15 27 26 11 35 -2 13 19 -14 43 31 -4 -17 56 21 23 -23 -21 -22 40 -9 28 -3 -30 32 -10 -29 48 -28 36 37 -11 -32 41 -25 42 46 44 -1 -42 47 -19 50 -12 -15 -26 53 -53 -55 -54 61 -18 -38 -20 -61 -7
right_child=3 7 4 -5 -6 12 -8 8 16 10 49 -13 14 33 -16 18 57 39 59 20 24 22 -24 25 51 -27 34 30 29 -31 38 -33 -34 -35 -36 -37 58 -39 -40 -41 45 -43 -44 -45 -46 -47 -48 -49 -50 -51 -52 52 55 54 -56 -57 -58 -59 -60 60 -62 -63
leaf_value=73.927976357571524 -7.1446340179835479 55.265395630408811 82.221183831905691 -96.768819092305108 -57.073829335540566 17.128290525282598 -66.775524844763424 -27.717856595801521 -17.83903276931386 -12.878760120473665 -30.453053121452111 56.150381070301016 -20.915694658185522 15.375384678906878 40.465916862905978 0.96991966438239885 0.21751367459503645 38.494246935558387 -16.980241146708963 69.005152309895919 -16.4570544096003 225.44400297520988 40.782835193335274 -2.3683699393857851 -3.9017025487079682 -7.1783919699254275 0.33408201472095883 26.166046501829243 10.847515613558894 -37.155705959827976 1.6734043654140582 -52.280444147585072 6.0044322335411167 -3.6737279023174745 -5.3630093730941155 -41.094721084043208 -4.3379704768167713 -21.183565185916631 -26.395683261856927 72.815017168646762 48.949538534501912 68.731176948309255 -6.6854250834722428 0.69514257452060824 -14.399109485213344 25.455460088133236 27.49802060293122 88.291353333039922 39.43693984415922 -50.659418405061572 -15.68052934890396 21.495419399704176 30.908536583052182 31.445554781257847 74.547154009404423 -8.1515288887919066 5.1376234027001288 -15.471711435950454 30.072136478937352 -25.858565060117996 -77.797902813743576 28.339675980895159
leaf_weight=44 231 79 54 63 51 1090 45 109 657 1839 631 52 133 745 41 178 627 200 112 53 67 42 44 59 51 90 12848 221 707 46 9910 68 930 245 2576 112 98 2346 81 41 110 40 75 823 54 604 286 41 79 141 51 199 47 56 67 70 211 225 50 84 40 406
leaf_count=44 231 79 54 63 51 1090 45 109 657 1839 631 52 133 745 41 178 627 200 112 53 67 42 44 59 51 90 12848 221 707 46 9910 68 930 245 2576 112 98 2346 81 41 110 40 75 823 54 604 286 41 79 141 51 199 47 56 67 70 211 225 50 84 40 406
internal_value=0.106389 3.14144 15.9826 -19.4317 21.4113 22.1675 -5.05562 0.170883 -1.82174 -18.545 -19.7948 4.49339 19.418 20.4441 -6.44471 -2.97275 -11.8096 39.1765 -16.9525 23.5136 29.2065 34.8427 131.045 25.804 19.065 23.147 -0.807678 3.0182 12.412 7.91277 2.31668 -21.0728 9.87658 11.4925 -0.617417 -17.3018 -16.6863 -17.5344 1.44571 35.7675 26.678 33.396 31.0426 3.31186 25.2754 29.0782 36.412 46.9825 15.739 -34.1466 13.3848 23.9233 27.1559 34.2791 54.9445 7.54572 18.3137 -3.92643 7.29326 -30.4675 -42.6378 20.1718
internal_weight=41375 35812 6728 5563 5348 5297 1380 29084 17110 5500 5217 283 4560 4386 174 1335 1577 737 414 3266 1559 1002 86 916 557 863 15533 11974 832 753 11142 725 1151 1120 15424 4445 4333 4185 9991 683 773 642 602 921 98 714 527 241 875 772 796 490 439 322 123 117 1707 852 148 236 124 1496
internal_count=41375 35812 6728 5563 5348 5297 1380 29084 17110 5500 5217 283 4560 4386 174 1335 1577 737 414 3266 1559 1002 86 916 557 863 15533 11974 832 753 11142 725 1151 1120 15424 4445 4333 4185 9991 683 773 642 602 921 98 714 527 241 875 772 796 490 439 322 123 117 1707 852 148 236 124 1496
is_linear=0
shrinkage=0.1


Tree=18
num_leaves=63
num_cat=0
split_feature=22 22 4 23 25 23 25 18 18 23 9 23 20 4 28 23 18 26 23 28 27 35 20 4 9 9 28 23 23 23 23 25 33 23 35 24 0 30 24 25 0 18 29 8 30 23 35 35 19 20 9 33 25 21 0 26 28 13 26 29 24 30
split_gain=1.90342e+08 9.5954e+07 7.01327e+07 2.59923e+07 2.42712e+07 2.24617e+07 2.16282e+07 1.70927e+07 1.1474e+07 1.17756e+07 1.07826e+07 1.39839e+07 9.73597e+06 9.31282e+06 1.06917e+07 2.5792e+07 1.01953e+07 9.21502e+06 8.61567e+06 8.35808e+06 7.73311e+06 9.47943e+06 8.58398e+06 7.09985e+06 1.0198e+07 9.73265e+06 6.78995e+06 5.22422e+07 1.33355e+08 9.65623e+06 8.57595e+06 6.71349e+06 5.97498e+06 9.56753e+06 8.08229e+06 5.56524e+06 4.92201e+06 1.7247e+07 9.93899e+06 4.77242e+06 5.3017e+06 7.45441e+06 5.14867e+06 4.70305e+06 4.68954e+06 7.61678e+06 5.24942e+06 5.73456e+06 4.50083e+06 4.27163e+06 4.11738e+06 4.07202e+06 4.02242e+06 3.8952e+06 3.89444e+06 3.86127e+06 7.74689e+06 5.5959e+06 4.76828e+06 3.84305e+06 1.1533e+07 3.79944e+06
threshold=846.55857142857155 -486.15107142857136 12.500000000000002 2666.9642857142862 -521.45321428571424 2346.9642857142862 675.68732142857152 2489.2857142857147 257.85714285714295 1295.1785714285718 102.51000000000001 1448.0357142857144 -1762.0707142857138 13.500000000000002 685.00000000000011 753.39285714285722 212.14285714285717 1954.2850000000001 359.82142857142861 20155.000000000004 1.0000000180025095e-35 0.20000000000000004 -505.14071428571418 13.500000000000002 23924.780000000002 23924.780000000002 41980.000000000007 1497.6785714285718 1873.3928571428576 1514.8214285714287 1453.3928571428576 526.83160714285725 930.17857142857156 1770.8928571428576 43789.220000000008 1395.7873214285717 16.500000000000004 10275.000000000002 1650.5357142857144 40.014642857142867 14.500000000000002 1.0000000180025095e-35 3875.0000000000005 -727.30999999999983 6950.8100000000004 988.03571428571433 36682.645000000011 8649.4200000000001 1113.312142857143 613.1450000000001 -39.069999999999993 1877.3214285714287 -898.20660714285702 720.00035714285718 14.500000000000002 10440.000000000002 35975.000000000007 905.00000000000011 1582.5650000000003 43125.000000000007 816.96428571428589 6885.0000000000009
decision_type=2 2 2 2 2 2 2 2 2 2 2 2 2 2 2 2 2 2 2 2 2 2 2 2 2 2 2 2 2 2 2 2 2 2 2 2 2 2 2 2 2 2 2 2 2 2 2 2 2 2 2 2 2 2 2 2 2 2 2 2 2 2
left_child=1 2 4 10 20 8 13 12 9 44 11 53 -3 19 15 -15 18 -5 -16 -4 21 -1 55 24 -12 -25 27 30 -29 -28 61 39 33 -31 -35 -32 38 -38 -20 40 41 42 -14 48 45 -6 47 -47 -21 -43 -33 -13 -42 -2 -9 56 58 -58 -23 60 -7 -11
right_child=3 7 6 17 5 59 -8 54 -10 26 23 51 31 14 16 -17 -18 -19 36 43 -22 22 -24 25 -26 -27 29 28 -30 32 35 50 -34 34 -36 -37 37 -39 -40 -41 52 49 -44 -45 -46 46 -48 -49 -50 -51 -52 -53 -54 -55 -56 -57 57 -59 -60 -61 -62 -63
leaf_value=82.544031859132218 -10.365137147444358 -22.777129547597962 -27.017408196225894 -32.370595423014088 13.594230000628798 -1.9778616046789361 -69.013765228303242 -13.88734318513005 -0.0055390447820051029 12.564784942962248 -1.1266142713170484 -26.4004960893812 0.1329036669745135 90.476567667105087 -0.98075177193055674 -8.6830971611870673 2.6936907647548312 -88.696487050197234 -20.856517539378729 64.560913641235516 7.4577895109657319 56.552200796704568 -8.0768124145082485 2.762924034516185 54.921646136329301 -25.012522557228834 -24.737482588492895 237.47167474651457 -0.71317792471488106 18.760502367851984 -25.735099917028123 -28.580669566540873 2.1473229086930332 79.070442733296602 20.408885541361073 22.073835851866477 -22.673428208592139 51.570112779822104 -71.618131425350256 -0.77791256646291007 35.117808889558638 2.3221242611424953 -13.566131729003956 11.771494320344811 8.432388505794794 60.681642357806005 61.631984375419101 21.441118542999433 19.739718901795811 -5.7834276814053052 -4.3532204960664442 -58.849080601762459 3.7226132474060365 -17.431542499537287 4.2084320126518922 16.422950708493854 48.130443323424565 90.267044969441315 27.531715571834191 -2.2749348998208219 -77.429627329698974 31.605807836590881
leaf_weight=45 1210 180 42 52 1666 41 48 1056 381 139 132 1157 494 40 389 76 787 66 372 40 93 70 43 260 43 245 49 41 55 299 56 122 120 57 40 43 143 40 43 11754 41 5690 617 188 858 40 40 535 51 734 165 40 6989 2197 134 72 119 43 297 43 40 427
leaf_count=45 1210 180 42 52 1666 41 48 1056 381 139 132 1157 494 40 389 76 787 66 372 40 93 70 43 260 43 245 49 41 55 299 56 122 120 57 40 43 143 40 43 11754 41 5690 617 188 858 40 40 535 51 734 165 40 6989 2197 134 72 119 43 297 43 40 427
internal_value=0.0131037 2.64053 12.2901 -17.4901 18.1536 15.5767 -2.64019 -0.12266 16.6521 18.0735 -16.4531 -18.1892 0.398343 -1.19771 -3.87246 25.5341 -5.79599 -63.8992 -12.5652 14.5489 34.5296 38.1829 35.0769 -4.69849 12.657 -10.7134 25.9751 32.1414 101.082 17.6676 22.1821 0.555177 21.6965 27.6194 54.9031 -4.96889 -20.1001 -6.43565 -26.1242 0.721069 1.93075 0.0879029 -7.4752 20.81 14.7353 17.1059 26.6169 24.1759 39.466 1.39595 -14.6552 -27.4872 3.90596 -14.9221 -11.8496 38.1649 41.1222 59.3393 33.0739 -26.4425 -39.2628 26.9312
internal_weight=41389 35987 8011 5402 5752 4970 2259 27976 4846 4465 5284 4604 26786 2211 1890 116 1774 118 987 321 782 689 644 680 175 505 1326 761 96 565 665 26606 516 396 97 99 598 183 415 26319 14565 7535 1111 279 3139 2281 615 575 91 6424 287 1197 7030 3407 1190 601 529 162 367 124 81 566
internal_count=41389 35987 8011 5402 5752 4970 2259 27976 4846 4465 5284 4604 26786 2211 1890 116 1774 118 987 321 782 689 644 680 175 505 1326 761 96 565 665 26606 516 396 97 99 598 183 415 26319 14565 7535 1111 279 3139 2281 615 575 91 6424 287 1197 7030 3407 1190 601 529 162 367 124 81 566
is_linear=0
shrinkage=0.1


Tree=19
num_leaves=63
num_cat=0
split_feature=4 18 28 35 28 0 9 28 19 23 18 28 18 23 28 23 23 28 34 28 25 8 19 33 16 30 35 23 25 16 25 25 33 0 28 23 23 23 21 33 33 31 23 26 20 33 25 4 21 6 25 23 23 23 25 24 35 25 23 28 30 30
split_gain=1.38749e+08 8.38183e+07 8.35984e+07 3.90139e+07 3.75493e+07 3.58487e+07 3.25659e+07 2.50574e+07 3.0208e+07 1.88611e+07 1.8624e+07 1.75389e+07 1.63263e+07 1.17743e+07 1.10784e+07 1.33375e+07 9.52552e+06 7.44249e+07 8.80198e+06 8.57877e+06 1.97993e+07 7.65696e+06 6.63318e+06 6.45435e+06 6.33983e+06 6.28081e+06 5.79228e+06 5.73151e+06 5.5183e+06 4.51515e+06 4.38428e+06 4.18089e+06 6.2579e+06 4.12395e+06 3.51933e+07 1.11722e+07 4.05255e+06 4.01685e+06 3.89733e+06 3.87068e+06 3.86685e+06 9.22148e+06 3.84617e+06 3.83118e+06 3.80857e+06 4.94435e+06 3.66654e+06 3.64181e+06 3.59735e+06 3.56536e+06 3.50671e+06 3.2466e+06 8.24048e+06 4.96689e+06 3.26198e+06 5.37396e+06 3.19102e+06 3.4754e+06 3.09741e+06 3.0799e+06 3.06233e+06 1.19206e+07
threshold=13.500000000000002 1.0000000180025095e-35 27425.000000000004 161154.62500000003 25745.000000000004 15.500000000000002 -315.88499999999993 69245.000000000015 1.0000000180025095e-35 914.46428571428589 2987.8571428571436 82525.000000000015 1.0000000180025095e-35 220.8928571428572 43625.000000000007 1873.3928571428576 1497.6785714285718 42325.000000000007 5.5000000000000009 4055.0000000000005 -184.26660714285705 -1039.4399999999998 361.63714285714292 1026.2500000000002 218.33333333333334 4275.0000000000009 38971.245000000003 882.67857142857156 345.14303571428576 5302.336666666667 -898.20660714285702 30.371250000000042 567.32142857142867 15.500000000000002 1685.0000000000002 1008.0357142857143 432.32142857142861 1394.8214285714287 1133.6028571428576 275.53571428571433 252.32142857142858 3.5000000000000004 2346.9642857142862 2532.4050000000002 796.42857142857156 666.607142857143 93.924642857142928 12.500000000000002 1041.6621428571432 1.0000000180025095e-35 -58.684464285714235 1434.1071428571429 1873.3928571428576 1181.2500000000002 -228.52553571428572 626.77642857142871 34124.030000000006 327.12232142857141 845.89285714285722 10255.000000000002 1705.0000000000002 1635.0000000000002
decision_type=2 2 2 2 2 2 2 2 2 2 2 2 2 2 2 2 2 2 2 2 2 2 2 2 2 2 2 2 2 2 2 2 2 2 2 2 2 2 2 2 2 2 2 2 2 2 2 2 2 2 2 2 2 2 2 2 2 2 2 2 2 2
left_child=1 4 3 10 5 6 -1 8 -6 21 12 14 13 19 15 27 22 -18 -9 20 -2 -10 -11 -12 59 44 31 -4 42 30 -16 -24 43 35 -35 -15 -27 -28 -37 -23 41 48 50 -33 56 -46 58 -19 51 -30 -3 53 -53 54 55 -26 -14 -58 -42 -7 61 -56
right_child=2 28 11 -5 7 24 -8 18 9 16 23 -13 25 33 29 -17 17 47 -20 -21 -22 39 26 -25 40 36 37 -29 49 -31 -32 32 -34 34 -36 38 -38 -39 -40 -41 46 -43 -44 -45 45 -47 -48 -49 -50 -51 -52 52 -54 -55 60 -57 57 -59 -60 -61 -62 -63
leaf_value=-118.6778366397309 85.684286011151073 4.6973026554232105 1.3594895952056387 -96.156290327541953 85.691819706000757 6.2566979246504779 3.0731966331390819 -0.0054610361711932912 75.019639261292625 -23.578074554461949 -10.808946052929295 -82.475012727428449 0.20920754171712877 -8.7418937973272062 3.0233671571348579 5.9243770539448528 139.030776549514 17.777336119303687 -63.987344846600735 -1.5739211949590524 4.8730798159627655 55.517554922886347 21.392531014710894 -31.72801756905093 51.943282867050542 -24.199230739429641 45.598255468297886 -17.243856849550735 -22.548001124990488 -58.899312220273259 -27.60465620528516 19.795330840724866 -21.433042726148201 73.337905875622013 -11.736864814225179 -20.891107787930274 4.4607631450154734 9.3237607758620697 -44.774548075483956 30.038540377781743 -1.3047909159883444 55.771193286137304 -18.264821590007621 8.8047655684727157 -7.3487498800664213 11.327487533960264 -21.975446118957926 44.871333598120145 41.427457384559204 -3.8632013137983865 0.21703810755601238 59.758208488129952 6.4551873864127591 -16.547344146209031 12.191697194329381 14.577290893977898 -1.6994211472567544 -29.450748352311617 20.965522407889672 -5.7107508266451141 6.918986165108068 61.510577791270798
leaf_weight=42 41 2339 175 44 76 1140 46 44 63 41 1113 41 9289 2300 50 296 57 608 42 401 116 81 792 170 52 50 112 3084 153 43 714 564 53 56 367 196 3470 42 105 227 172 51 101 725 1375 158 53 54 43 307 6902 49 71 62 840 148 111 76 98 265 954 52
leaf_count=42 41 2339 175 44 76 1140 46 44 63 41 1113 41 9289 2300 50 296 57 608 42 401 116 81 792 170 52 50 112 3084 153 43 714 564 53 56 367 196 3470 42 105 227 172 51 101 725 1375 158 53 54 43 307 6902 49 71 62 840 148 111 76 98 265 954 52
internal_value=-0.00593216 6.75018 -4.97107 -2.15277 14.5443 8.05586 -55.0696 22.0417 23.3539 21.967 -1.93925 -17.4129 -1.11444 -7.16122 -16.8005 -14.399 19.3751 29.4368 -31.2715 6.18518 25.9972 43.2555 16.2684 -13.5819 9.42814 0.376363 16.9829 -16.2449 0.612361 -27.378 -25.6001 15.6306 12.2294 -9.62401 -0.466663 -11.1132 4.05332 35.7115 -29.2286 36.7471 12.3117 13.7378 1.13889 13.6143 -0.799315 -5.42356 2.05966 19.9906 12.7926 -10.0797 1.35106 12.239 28.2365 11.3277 12.1728 24.303 -0.0511934 -12.9829 6.78087 3.99937 10.858 15.0701
internal_weight=41362 17521 23841 19438 7719 4138 88 3581 3495 3419 19394 4403 18111 3582 4362 3555 3048 719 86 558 157 371 2329 1283 4050 14529 2288 3259 9802 807 764 2134 1342 3024 423 2601 3520 154 301 308 2645 2322 9342 1289 11009 1533 323 662 2271 460 9241 2228 120 2108 2046 200 9476 187 270 1405 1846 892
internal_count=41362 17521 23841 19438 7719 4138 88 3581 3495 3419 19394 4403 18111 3582 4362 3555 3048 719 86 558 157 371 2329 1283 4050 14529 2288 3259 9802 807 764 2134 1342 3024 423 2601 3520 154 301 308 2645 2322 9342 1289 11009 1533 323 662 2271 460 9241 2228 120 2108 2046 200 9476 187 270 1405 1846 892
is_linear=0
shrinkage=0.1


Tree=20
num_leaves=63
num_cat=0
split_feature=22 22 0 23 23 25 35 18 5 18 29 34 23 4 21 23 28 23 4 18 28 33 28 32 29 20 16 4 0 0 28 28 22 33 28 23 20 35 25 28 23 23 28 28 24 35 23 23 23 24 23 35 22 25 28 23 22 29 28 9 14 34
split_gain=1.30111e+08 6.50388e+07 4.1779e+07 2.76563e+07 1.7879e+07 1.66047e+07 1.43826e+07 1.19837e+07 1.02567e+07 1.0217e+07 1.22058e+07 1.78921e+07 1.66003e+07 1.27989e+07 9.78541e+06 8.74119e+06 6.69693e+07 1.54597e+07 7.63986e+06 1.03316e+07 7.83137e+06 7.39368e+06 7.33826e+06 7.07205e+06 6.79957e+06 6.63316e+06 5.797e+06 5.44572e+06 6.63469e+06 1.6148e+07 1.27525e+07 7.3688e+06 5.41112e+06 7.19408e+06 5.20678e+06 5.14866e+06 4.89787e+06 4.65184e+06 7.62531e+06 4.50906e+06 4.23586e+06 7.03423e+06 4.17213e+06 6.01926e+07 1.02211e+07 5.02756e+06 5.78463e+06 6.13384e+06 4.99628e+06 3.81909e+06 5.2629e+06 4.73745e+06 3.80429e+06 4.76326e+06 3.67586e+06 3.74094e+06 3.5332e+06 3.8912e+06 3.43536e+06 3.36203e+06 3.2857e+06 3.1985e+06
threshold=846.55857142857155 -610.09499999999991 16.500000000000004 3657.8571428571436 2346.9642857142862 -898.20660714285702 0.20000000000000004 2450.7142857142862 -358.69499999999994 257.85714285714295 39762.455000000009 8.5000000000000018 2666.9642857142862 13.500000000000002 2078.2142857142858 1497.6785714285718 41980.000000000007 1514.8214285714287 13.500000000000002 680.71428571428589 34455.000000000007 1146.4285714285718 36625.000000000007 1399.2857142857144 25505.905000000002 -2222.9414285714279 171.19500000000002 12.500000000000002 14.500000000000002 15.500000000000002 19075.000000000004 685.00000000000011 -69.926785714285657 235.40750000000003 18405.000000000004 1453.3928571428576 -591.42857142857099 1.0000000180025095e-35 -236.27392857142854 41575.000000000007 1728.3928571428576 1793.7500000000002 21195.000000000004 20615.000000000004 899.46428571428589 23937.610000000004 1364.464285714286 1348.0357142857144 1295.1785714285718 873.63107142857154 1364.464285714286 38155.840000000004 2063.9042857142863 457.18857142857149 33135.000000000007 1169.1071428571429 -281.8971428571428 10444.200000000003 20465.000000000004 685.00000000000011 495.00000000000006 2.5000000000000004
decision_type=2 2 2 2 2 2 2 2 2 2 2 2 2 2 2 2 2 2 2 2 2 2 2 2 2 2 2 2 2 2 2 2 2 2 2 2 2 2 2 2 2 2 2 2 2 2 2 2 2 2 2 2 2 2 2 2 2 2 2 2 2 2
left_child=1 2 4 14 22 6 -4 25 39 10 12 21 13 15 18 26 -17 -18 19 -2 52 23 27 -12 -24 -3 34 -1 31 -30 -31 -29 33 56 -7 42 59 38 -38 -8 -19 -42 43 44 58 46 47 48 54 -47 -51 -52 53 -20 55 -44 57 -27 -28 -34 -21 -41
right_child=3 7 5 -5 -6 9 8 -9 -10 -11 11 -13 -14 -15 -16 16 17 40 20 60 -22 -23 24 -25 -26 32 35 28 29 30 -32 -33 36 -35 -36 -37 37 -39 -40 61 41 -43 45 -45 -46 49 -48 -49 -50 50 51 -53 -54 -55 -56 -57 -58 -59 -60 -61 -62 -63
leaf_value=27.772692849080723 45.013876848288881 -24.164654885062134 83.207647439020079 -79.216008506968421 -70.279164899035493 8.1526267206721652 26.160847983878398 -9.3203434111309118 -10.687029518301864 -5.4192850110288511 24.831274637424034 90.169387341457778 -35.475346865488255 -13.608931772255008 -45.086838507222367 111.85733660433128 -42.023855836929819 11.313306953564652 -11.004287422488934 -26.685079677013501 -19.206616516211096 3.8549765919238421 -10.000667633725509 71.258911780574948 -52.359008714471194 4.8234984121636186 10.667858060834646 42.026991295789713 -63.562256577012676 48.919010156876737 -13.03229905661712 1.5292399764889957 -11.002985748084448 0.099576627341807014 -33.58920128948359 -9.3499063287574753 54.180860566337856 -0.13906364606922975 4.0858378294274527 34.067575459171188 68.218251663379462 15.078445577801947 10.695709189755657 132.06160196641889 58.921904679366946 10.378189718857627 30.82064591170754 -25.904681849194926 34.043679111021092 38.426691279770004 -4.2198383021569761 35.377448799653656 -22.201340442272961 4.9751822281706133 -2.5999316673277666 40.511597129830648 3.6444228265075234 15.548940628066763 -14.931816095326463 1.4974597431152814 1.5666758596339712 70.642337303667134
leaf_weight=71 49 108 53 65 40 79 190 1283 59 270 129 47 69 162 97 79 48 251 2767 56 1794 114 195 44 47 736 311 48 53 40 195 692 698 5476 48 91 41 16628 117 47 40 66 1884 46 41 173 145 46 90 208 72 52 276 200 209 43 3105 626 63 311 155 49
leaf_count=71 49 108 53 65 40 79 190 1283 59 270 129 47 69 162 97 79 48 251 2767 56 1794 114 195 44 47 736 311 48 53 40 195 692 698 5476 48 91 41 16628 117 47 40 66 1884 46 41 173 145 46 90 208 72 52 276 200 209 43 3105 626 63 311 155 49
internal_value=-0.019233 2.17204 11.0565 -14.4007 -4.44051 15.0808 34.7264 0.128802 27.2676 13.4913 14.5894 33.0058 13.1638 13.9544 -13.6189 15.0477 27.6652 11.2308 -13.0422 3.67293 -13.9051 23.6304 -2.47409 36.6567 -18.2364 0.564186 13.3514 0.997444 -0.853075 -13.7293 -2.47921 4.15879 0.660513 2.52902 -7.63078 14.1186 -0.383524 0.0232344 17.0982 35.0979 18.396 35.154 14.75 23.5917 11.5541 13.3547 11.4582 10.2218 10.9689 22.4294 28.7066 12.393 -10.972 -9.92707 9.99591 11.3621 5.50719 9.7535 6.35418 -7.15014 -5.93594 52.7631
internal_weight=41287 35828 6699 5459 1381 5318 398 29129 345 4920 4650 334 4316 4247 5394 4085 484 405 5297 260 5037 287 1341 173 242 27846 3601 1099 1028 288 235 740 27738 9943 127 3474 17795 16786 158 286 357 106 3383 461 415 2922 2417 2272 2226 505 332 124 3243 2967 2136 1927 4467 1362 374 1009 211 96
internal_count=41287 35828 6699 5459 1381 5318 398 29129 345 4920 4650 334 4316 4247 5394 4085 484 405 5297 260 5037 287 1341 173 242 27846 3601 1099 1028 288 235 740 27738 9943 127 3474 17795 16786 158 286 357 106 3383 461 415 2922 2417 2272 2226 505 332 124 3243 2967 2136 1927 4467 1362 374 1009 211 96
is_linear=0
shrinkage=0.1


Tree=21
num_leaves=63
num_cat=0
split_feature=22 22 4 23 23 20 25 21 25 34 16 20 9 24 24 33 4 9 22 23 23 4 32 20 30 26 15 23 23 34 30 4 14 1 21 26 35 31 34 23 22 33 16 23 35 20 23 4 35 25 25 13 24 30 30 35 25 26 23 35 16 25
split_gain=1.03357e+08 4.88516e+07 3.23554e+07 1.84179e+07 1.04772e+07 8.95987e+06 8.86764e+06 8.51432e+06 7.85762e+06 6.93717e+06 1.78347e+07 6.73754e+06 6.73589e+06 6.3699e+06 1.17186e+07 8.95998e+06 6.06193e+06 7.39078e+06 6.13078e+06 6.39119e+06 5.79994e+06 5.65622e+06 6.173e+06 1.08597e+07 5.52483e+06 5.50267e+06 5.38283e+06 8.74689e+06 5.2495e+06 1.05451e+07 5.39956e+06 8.40651e+06 1.37519e+07 6.3283e+06 5.17062e+06 5.15489e+06 1.74531e+07 4.47961e+06 4.31726e+06 3.85773e+06 3.83221e+06 1.21569e+07 8.85433e+06 4.13571e+06 4.87726e+06 3.69427e+06 3.72908e+06 3.67785e+06 3.95632e+06 3.38856e+06 3.08981e+06 3.35654e+06 3.23592e+06 5.85146e+06 3.35624e+06 3.02072e+06 2.91532e+06 2.88142e+06 2.82914e+06 7.86768e+06 2.69413e+06 2.65279e+06
threshold=846.55857142857155 -623.6039285714287 12.500000000000002 3657.8571428571436 3657.8571428571436 1426.7614285714287 675.68732142857152 2367.5000000000005 -810.40696428571437 14.500000000000002 1291.6666666666667 -2748.2528571428566 -369.91499999999991 1591.5871428571429 1404.3982142857146 1877.3214285714287 13.500000000000002 23924.780000000002 1850.9525000000001 2011.2500000000002 2666.9642857142862 13.500000000000002 233.57142857142858 -286.28571428571416 36388.780000000006 533.33500000000015 1.0000000180025095e-35 1169.1071428571429 806.25000000000011 15.500000000000002 9395.0000000000018 14.500000000000002 625.00000000000011 3.5000000000000004 895.18571428571443 1975.0000000000002 13608.410000000002 2.5000000000000004 27.500000000000004 1948.3928571428573 -1696.8382142857138 810.08785714285727 2480.8200000000002 1793.7500000000002 38155.840000000004 -406.34999999999991 731.607142857143 13.500000000000002 17142.280000000002 373.61000000000007 -469.73107142857151 585.00000000000011 808.37375000000009 2760.6700000000005 21725.000000000004 35985.255000000005 -45.723214285714278 8085.0000000000009 294.10714285714295 5710.9150000000009 565.00000000000011 54.753035714285708
decision_type=2 2 2 2 2 2 2 2 2 2 2 2 2 2 2 2 2 2 2 2 2 2 2 2 2 2 2 2 2 2 2 2 2 2 2 2 2 2 2 2 2 2 2 2 2 2 2 2 2 2 2 2 2 2 2 2 2 2 2 2 2 2
left_child=1 2 4 7 8 11 28 16 13 12 35 -3 25 14 -1 -15 17 -2 19 34 21 22 23 58 -25 -10 27 45 38 30 47 33 -33 37 -18 -11 -37 -32 -4 -20 41 42 -27 50 -45 -23 -47 -30 -49 57 51 -42 -52 -54 55 -55 -28 -14 59 -13 -38 -24
right_child=3 5 6 -5 -6 -7 -8 -9 9 10 -12 20 49 15 -16 -17 18 -19 39 -21 -22 26 61 24 -26 40 56 -29 29 -31 31 32 -34 -35 -36 36 60 -39 -40 -41 43 -43 -44 44 -46 46 -48 48 -50 -51 52 -53 53 54 -56 -57 -58 -59 -60 -61 -62 -63
leaf_value=25.985732415068313 -4.9881222222937014 -29.574964853270004 4.5609855776960639 -68.417620313581423 -33.56677070311175 -8.4365398711816031 -46.906126133545499 -56.556682527300659 49.90870445877421 9.6874831371647687 80.808841494199157 3.0437771205072153 8.5196924491195798 -12.619836684437512 77.487857817614781 42.136751606015338 -8.0532798993036963 39.039804398215416 -16.569786321124266 8.3975202464359775 -35.223624144119121 -7.5101320228716864 1.2750673852359535 2.3620693467824805 39.621214318245691 26.004569971298601 3.1189800829327474 -26.213580653947727 6.3612257607341531 -53.839769649619022 -17.583779598621842 -44.899129705555644 9.1327670912433287 48.110808250779556 -15.316692681877658 81.891753804695838 30.658888412457447 27.289927140006299 36.346075557015531 -32.127382371021014 13.376190167611711 3.5884508123337042 75.791267271500956 14.52251814652918 -34.831698212165222 -2.5036328766824179 6.0002258478244066 -1.3067270306051373 -18.350988616313369 -23.514114518681552 5.7277536754729752 45.555253631598262 39.081409826283988 12.45153308178781 -11.14680526420328 28.068900996038355 -0.39841133126362926 -5.3427593600466068 11.794215766183573 53.831997091148821 -1.1974394699668489 -3.680966275719098
leaf_weight=265 201 74 466 59 46 1155 43 43 42 283 50 62 697 79 53 48 1926 47 786 164 45 1136 2989 6313 40 102 3340 162 142 42 40 64 178 66 1996 49 42 50 47 200 72 149 55 40 40 2781 633 225 345 42 596 59 90 1499 56 135 8001 191 889 60 72 1691
leaf_count=265 201 74 466 59 46 1155 43 43 42 283 50 62 697 79 53 48 1926 47 786 164 45 1136 2989 6313 40 102 3340 162 142 42 40 64 178 66 1996 49 42 50 47 200 72 149 55 40 40 2781 633 225 345 42 596 59 90 1499 56 135 8001 191 889 60 72 1691
internal_value=-0.00345625 1.9386 9.74068 -12.8732 13.9075 0.195997 -2.09617 -12.2615 14.3622 13.0703 24.2037 0.549378 11.6412 27.0202 34.5803 8.08397 -11.9029 3.36205 -12.6493 -10.9412 0.628643 0.686126 2.32417 4.12896 2.59697 13.9912 -0.542841 -3.38368 -0.937538 -4.68451 -2.82223 6.50584 -5.16296 24.6033 -11.75 17.8495 32.013 7.34731 7.47634 -19.727 13.4689 24.0514 43.4644 12.2167 -10.1609 -2.57056 -0.926841 -8.03662 -11.6237 4.22465 12.9309 27.8809 12.1061 14.2416 12.9176 13.7427 0.637493 5.53788 13.7551 28.0335 10.5474 -0.51569
internal_weight=41353 35931 6560 5422 4852 29371 1708 5363 4806 4361 496 28216 3865 445 318 127 5320 248 5072 4086 28142 28097 12044 7364 6353 2935 16053 4712 1665 1152 1110 398 242 156 3922 446 163 90 513 986 2893 306 157 2587 80 4550 3414 712 570 930 2507 131 2376 1780 1690 1634 11341 888 1011 122 114 4680
internal_count=41353 35931 6560 5422 4852 29371 1708 5363 4806 4361 496 28216 3865 445 318 127 5320 248 5072 4086 28142 28097 12044 7364 6353 2935 16053 4712 1665 1152 1110 398 242 156 3922 446 163 90 513 986 2893 306 157 2587 80 4550 3414 712 570 930 2507 131 2376 1780 1690 1634 11341 888 1011 122 114 4680
is_linear=0
shrinkage=0.1


Tree=22
num_leaves=63
num_cat=0
split_feature=22 22 0 23 28 25 35 23 20 14 29 31 26 31 21 30 30 20 28 29 1 4 0 28 23 26 23 28 34 20 32 16 33 23 23 26 19 28 30 28 4 32 20 33 16 24 33 33 33 35 20 23 28 24 26 31 28 14 24 23 29 35
split_gain=8.18909e+07 4.48371e+07 2.73317e+07 1.54123e+07 1.51302e+07 1.53531e+07 1.3301e+07 1.00756e+07 7.88209e+06 6.68524e+06 9.57259e+06 1.03434e+07 9.38641e+06 6.83635e+06 6.36511e+06 5.4824e+06 6.0108e+06 4.97493e+06 4.78847e+06 5.39635e+06 1.09151e+07 4.72914e+06 7.1409e+06 5.3001e+06 4.59845e+06 4.53195e+06 4.34847e+06 1.4113e+07 6.54799e+06 4.32103e+06 5.64786e+06 4.67725e+06 9.35167e+06 3.94328e+07 4.26186e+06 3.97905e+06 5.4676e+06 6.27418e+06 1.38435e+07 5.1363e+06 3.92291e+06 4.50131e+06 6.86375e+06 4.95441e+06 3.90483e+06 3.41724e+06 3.30598e+06 3.16526e+06 3.11993e+06 3.92636e+06 3.09063e+06 3.07687e+06 3.77176e+06 3.06544e+06 6.65841e+06 2.80736e+06 2.72784e+06 4.52375e+06 3.03393e+06 5.80013e+06 2.6543e+06 2.65401e+06
threshold=886.83464285714297 -610.09499999999991 16.500000000000004 3657.8571428571436 82525.000000000015 -1097.8932142857141 3658.2350000000006 2346.9642857142862 1426.7614285714287 255.00000000000003 21253.160000000003 1.5000000000000002 2794.4400000000005 2.5000000000000004 2078.2142857142858 2795.0000000000005 1975.0000000000002 -2748.2528571428566 29355.000000000004 17871.720000000005 1.0000000180025095e-35 13.500000000000002 16.500000000000004 41980.000000000007 2666.9642857142862 595.00000000000011 806.25000000000011 5125.0000000000009 15.500000000000002 -827.48071428571427 252.14285714285717 2031.6666666666667 538.39285714285722 1434.1071428571429 947.32142857142867 770.25500000000011 782.12142857142874 20915.000000000004 1665.0000000000002 19305.000000000004 13.500000000000002 228.59928571428574 -286.28571428571416 1328.5714285714287 520.86833333333345 1435.014285714286 869.107142857143 86.964285714285737 518.63571428571447 23036.735000000004 -967.14285714285688 2153.7500000000005 22815.000000000004 1100.8732142857145 3260.8900000000008 2.5000000000000004 22415.000000000004 355.00000000000006 868.5941071428573 1308.3928571428576 34235.000000000007 3857.1100000000006
decision_type=2 2 2 2 2 2 2 2 2 2 2 2 2 2 2 2 2 2 2 2 2 2 2 2 2 2 2 2 2 2 2 2 2 2 2 2 2 2 2 2 2 2 2 2 2 2 2 2 2 2 2 2 2 2 2 2 2 2 2 2 2 2
left_child=1 2 7 14 5 6 -4 18 17 10 13 12 -12 35 21 16 -15 -3 19 26 -21 22 -2 51 40 -13 27 -1 -28 30 44 61 33 -33 -20 -7 37 38 39 -37 41 42 -19 -44 -27 -34 -31 -39 -8 -50 -22 -23 -53 -38 -55 -46 58 -58 59 -42 -10 -32
right_child=3 8 4 -5 -6 9 48 -9 60 -11 11 25 -14 15 -16 -17 -18 24 34 20 50 23 -24 -25 -26 29 28 -29 -30 46 31 32 45 -35 -36 36 53 47 -40 -41 56 -43 43 -45 55 -47 -48 -49 49 -51 -52 52 -54 54 -56 -57 57 -59 -60 -61 -62 -63
leaf_value=62.827413683259095 35.308962322112869 -25.703660886896468 77.088876508248404 -61.423501578307174 -47.437762605619497 -7.1881489615583183 41.472820341655421 -51.113605860799872 -8.5175955557954897 -4.8058892220366038 19.295325410120139 47.467542710786091 85.103741122395647 19.544719738033397 -38.400804782264174 11.760173380550796 67.564926447202623 11.482930623463346 1.2230040821007815 61.849974764258072 -7.5063013010009314 -10.529524514811854 -6.3586036556960783 -18.988465467234533 -31.4967630011657 55.328841497429551 -3.6844378829356055 -1.5582588573822993 -41.737907978416544 10.208334690949258 -3.2410021058225178 15.141839220681838 -6.4698099414842778 128.1396066501346 -19.311977711513904 25.872089005575823 -0.33667301040758901 -17.246393552152149 75.431115471619975 -10.295090587926893 -1.1300502672040336 -0.55573768756236397 2.0153885858668095 36.869736561560316 13.815087731559567 18.406321285297182 -12.778718374479169 9.6772424349517117 28.690369280714776 -9.8599050982991638 20.548317293530356 -8.7843108871340529 24.969795197946826 47.994288652089978 -3.543231462032769 32.220412741822209 -12.175599945541634 0.71745782020734328 1.6218844192729513 -37.920576593352529 13.537078384680251 12.560765402386721
leaf_weight=40 53 73 63 62 42 232 61 43 1258 236 46 43 41 64 85 227 44 921 172 42 91 3759 183 787 45 46 396 227 51 586 120 135 77 40 245 126 802 49 47 57 9295 4702 6272 41 146 195 70 398 66 44 69 83 55 43 60 192 515 577 5739 43 57 929
leaf_count=40 53 73 63 62 42 232 61 43 1258 236 46 43 41 64 85 227 44 921 172 42 91 3759 183 787 45 46 396 227 51 586 120 135 77 40 245 126 802 49 47 57 9295 4702 6272 41 146 195 70 398 66 44 69 83 55 43 60 192 515 577 5739 43 57 929
internal_value=0.0172235 1.68208 9.06576 -11.8903 12.3111 12.7864 37.8254 -3.49822 0.00650661 11.626 12.4315 16.4346 50.3396 7.46494 -11.2761 20.5887 39.1308 0.35912 -1.96038 2.08361 16.5118 -10.8071 3.00442 -11.503 0.426753 15.2899 -1.99918 8.09747 -8.0303 14.7434 17.1818 14.404 22.9696 40.9992 -10.8428 5.04082 6.83437 13.6311 27.0501 14.6071 0.477923 1.85299 3.41862 2.24204 28.0003 11.3643 7.75465 6.72427 23.3416 13.2727 4.59486 -9.99114 4.67255 1.74946 17.9852 24.2734 -0.537157 -5.36333 -0.187588 -1.29967 -7.56113 10.7531
internal_weight=41308 36241 6703 5067 5327 5285 234 1376 29538 5051 4815 2666 87 2149 5005 335 108 28223 1333 916 202 4920 236 4684 28150 2579 714 267 447 2536 1880 1496 447 175 417 1814 1582 677 230 183 28105 11936 7234 6313 384 272 656 447 171 110 160 3897 138 905 103 338 16169 1092 15077 9338 1315 1049
internal_count=41308 36241 6703 5067 5327 5285 234 1376 29538 5051 4815 2666 87 2149 5005 335 108 28223 1333 916 202 4920 236 4684 28150 2579 714 267 447 2536 1880 1496 447 175 417 1814 1582 677 230 183 28105 11936 7234 6313 384 272 656 447 171 110 160 3897 138 905 103 338 16169 1092 15077 9338 1315 1049
is_linear=0
shrinkage=0.1


Tree=23
num_leaves=63
num_cat=0
split_feature=22 22 23 29 23 18 33 30 18 28 23 19 21 25 33 29 23 30 33 31 30 30 22 8 9 33 21 23 25 18 28 20 14 23 7 25 21 33 25 20 18 23 28 22 31 29 24 28 18 23 21 28 29 22 23 25 33 29 23 30 24 33
split_gain=6.8369e+07 3.40071e+07 2.5165e+07 1.50619e+07 1.4628e+07 7.81443e+06 7.68456e+06 1.06974e+07 7.60073e+06 7.47572e+06 1.99188e+07 6.25781e+06 5.30821e+06 5.02068e+06 5.01467e+06 7.97581e+06 7.9982e+06 7.47271e+06 3.26826e+07 9.84608e+06 4.83656e+06 5.76019e+06 4.67942e+06 6.67213e+06 8.47014e+06 4.84881e+06 4.2127e+06 4.09694e+06 3.97545e+06 3.95215e+06 3.77436e+06 3.74775e+06 3.6264e+06 4.29345e+06 3.84519e+06 3.39828e+06 3.36158e+06 3.29721e+06 3.27146e+06 3.85519e+06 3.11704e+06 2.89765e+06 2.7991e+06 2.7922e+06 2.73913e+06 2.7239e+06 2.92006e+06 6.93596e+06 2.65827e+06 2.65142e+06 2.62605e+06 2.55101e+06 2.83407e+06 2.49836e+06 2.42448e+06 2.44865e+06 2.38513e+06 3.51492e+06 2.14204e+06 2.13267e+06 2.48851e+06 8.16159e+06
threshold=886.83464285714297 -455.83535714285716 3657.8571428571436 17235.000000000004 3657.8571428571436 550.71428571428589 84.043035714285722 1665.0000000000002 3345.7142857142858 19305.000000000004 584.82142857142867 1.0000000180025095e-35 2254.013928571429 675.68732142857152 810.08785714285727 27425.000000000004 1809.1071428571429 5755.0000000000009 375.53571428571433 3.5000000000000004 8873.1300000000028 8325.0000000000018 -1696.8382142857138 -727.30999999999983 -758.68999999999994 313.39285714285717 683.0907142857144 2237.3214285714289 553.34839285714281 6304.2857142857147 49540.000000000007 -889.28071428571411 1015.0000000000001 1758.0357142857144 762.1400000000001 103.03160714285707 724.49964285714293 626.96428571428589 103.03160714285707 932.14285714285734 372.14285714285717 1141.964285714286 36245.000000000007 1396.3385714285716 3.5000000000000004 23015.450000000004 653.9837500000001 20765.000000000004 1649.2857142857144 1029.1071428571429 2116.1796428571433 60820.000000000007 66690.690000000017 296.79535714285709 1169.1071428571429 -898.20660714285702 252.32142857142858 23490.960000000003 1084.8214285714287 24050.000000000004 1486.5164285714288 788.75000000000011
decision_type=2 2 2 2 2 2 2 2 2 2 2 2 2 2 2 2 2 2 2 2 2 2 2 2 2 2 2 2 2 2 2 2 2 2 2 2 2 2 2 2 2 2 2 2 2 2 2 2 2 2 2 2 2 2 2 2 2 2 2 2 2 2
left_child=1 2 3 6 12 11 7 9 28 10 -1 -5 29 58 15 16 17 18 19 45 21 49 23 37 -25 -24 -12 51 31 32 35 40 33 36 -34 42 -2 -22 39 -33 50 -41 -27 -36 -44 46 47 -13 -30 -17 -3 52 54 -43 -16 -56 57 -19 -8 60 -7 -62
right_child=4 8 -4 5 -6 59 13 -9 -10 -11 26 14 -14 -15 27 20 -18 56 -20 -21 22 -23 25 24 -26 30 -28 -29 48 -31 -32 38 34 -35 43 -37 -38 -39 -40 41 -42 53 44 -45 -46 -47 -48 -49 -50 -51 -52 -53 -54 -55 55 -57 -58 -59 -60 -61 61 -63
leaf_value=77.610872015025194 -5.0632181753410919 -7.893698502467557 -59.064263965162027 44.635349100892697 -59.920404571101237 -3.3826579238306089 1.7658244592596579 51.353093966922245 -12.450467342794116 -3.460487381887368 16.649841530640185 0.81957795823950397 -44.066633879322964 -35.206179850458668 -17.257689388947991 41.657061576323557 -27.620292977481189 4.7805377919125762 85.406152099503828 47.312824501574312 -4.4784729360716815 68.742105826188578 40.301282890086569 16.983803369608491 76.480586009065277 8.3420422357924817 -9.4829669196781214 32.733688024859816 -23.708336435624876 -20.09348654261558 37.966000332333884 1.4815446267736978 -7.5888623533409918 -23.718033655778466 3.3939400049176571 2.2284939833716679 -11.453765216748025 30.367353101232567 -1.3824053549987763 -6.922241907656181 -0.43710313880714047 -2.3006948626343831 17.75424112869803 32.490344557155474 43.366469458203404 22.242813820946711 5.6455220014137346 46.495629249216591 -3.1410971215264105 12.402235753531194 -26.609624075221859 -21.322989191299428 26.710950386140514 20.267695959923287 -19.22343568697336 6.8227194500655122 3.0114918228601657 29.658637042705919 -5.1802050884468773 -6.5118611095178665 44.118832858165092 3.5118186373586768
leaf_weight=48 1201 425 57 60 60 220 1812 61 493 314 183 73 46 41 66 55 55 151 65 76 51 40 67 43 54 258 93 43 114 357 54 17804 382 223 153 300 2617 58 7207 928 563 132 197 42 53 157 781 61 140 71 91 48 45 78 41 299 943 91 588 221 59 306
leaf_count=48 1201 425 57 60 60 220 1812 61 493 314 183 73 46 41 66 55 55 151 65 76 51 40 67 43 54 258 93 43 114 357 54 17804 382 223 153 300 2617 58 7207 928 563 132 197 42 53 157 781 61 140 71 91 48 45 78 41 299 943 91 588 221 59 306
internal_value=0.0085782 1.52797 7.12471 7.5795 -10.8564 10.9015 2.11819 11.3624 -0.144357 7.53514 18.1903 12.5751 -10.2695 -0.529146 12.1269 13.425 10.0679 10.9328 16.4502 12.5424 19.7543 35.6973 17.4211 31.0562 50.1281 14.3961 7.84408 3.13492 0.076425 -9.95661 12.3803 0.192602 -9.17275 -10.2316 -1.75661 10.6682 -9.44363 14.0687 0.430927 1.12086 -5.58282 -4.52186 15.6515 9.66761 23.1916 10.0752 7.98631 21.622 -12.3749 25.1837 -11.1966 0.581285 2.91468 6.08466 0.274183 3.67948 5.2846 14.1397 0.0639727 1.85622 5.01779 10.0808
internal_weight=41415 36334 8359 8302 5081 5162 3140 699 27975 638 324 4356 5021 2441 4296 3754 2453 2398 1213 1148 1301 166 1135 206 97 929 276 542 27482 4975 862 27228 4618 4041 577 808 3818 109 26149 18942 1079 1138 508 195 250 1072 915 134 254 126 516 499 451 210 406 340 1185 242 2400 806 585 365
internal_count=41415 36334 8359 8302 5081 5162 3140 699 27975 638 324 4356 5021 2441 4296 3754 2453 2398 1213 1148 1301 166 1135 206 97 929 276 542 27482 4975 862 27228 4618 4041 577 808 3818 109 26149 18942 1079 1138 508 195 250 1072 915 134 254 126 516 499 451 210 406 340 1185 242 2400 806 585 365
is_linear=0
shrinkage=0.1


Tree=24
num_leaves=63
num_cat=0
split_feature=22 22 4 23 28 19 20 18 19 23 35 24 30 21 34 23 29 23 23 23 23 28 21 4 18 23 18 28 28 18 23 21 23 20 35 4 35 35 23 9 24 34 26 35 16 28 24 30 33 28 23 35 31 30 30 28 31 32 30 28 30 35
split_gain=5.63678e+07 2.87867e+07 2.06258e+07 1.30795e+07 8.76189e+06 1.13053e+07 6.2968e+06 5.94149e+06 5.42348e+06 5.05154e+06 8.26827e+06 1.04958e+07 9.42035e+06 4.70096e+06 4.36831e+06 1.75619e+07 4.33778e+06 4.28513e+06 4.03534e+06 8.69304e+07 7.98026e+06 7.94507e+06 5.61246e+06 3.64974e+06 9.84249e+06 3.94183e+06 3.85552e+06 4.67334e+06 7.08812e+06 3.84384e+06 3.85968e+06 3.79545e+06 3.50386e+06 3.73288e+06 3.32651e+06 3.3035e+06 3.71998e+06 3.49541e+06 3.32202e+06 5.10657e+06 3.83786e+06 3.17581e+06 7.85551e+06 1.39701e+07 3.67101e+06 3.13931e+06 3.12472e+06 3.49636e+06 3.45338e+06 4.72023e+06 3.95864e+06 3.74776e+06 3.06228e+06 3.04429e+06 4.16323e+06 2.96514e+06 2.8696e+06 6.1288e+06 2.83515e+06 2.82363e+06 5.13922e+06 2.86852e+06
threshold=886.83464285714297 -623.6039285714287 12.500000000000002 3657.8571428571436 69245.000000000015 1.0000000180025095e-35 -514.28571428571411 3345.7142857142858 983.46857142857152 1.0000000180025095e-35 6688.7750000000005 614.73625000000015 9395.0000000000018 1926.7857142857144 14.500000000000002 1029.1071428571429 13132.435000000001 2346.9642857142862 1508.7500000000002 1485.1785714285718 1514.8214285714287 41575.000000000007 1694.6428571428573 13.500000000000002 1.0000000180025095e-35 2037.5000000000002 1.0000000180025095e-35 8125.0000000000009 8295.0000000000018 1802.1428571428573 2153.7500000000005 2078.2142857142858 1740.5357142857144 593.03071428571445 27264.530000000002 13.500000000000002 28236.235000000004 11956.015000000001 201.60714285714289 -177.77499999999998 722.93821428571448 16.500000000000004 1975.0000000000002 13736.120000000001 870.34000000000003 20765.000000000004 605.86339285714291 4275.0000000000009 913.92857142857156 49540.000000000007 1758.0357142857144 41614.105000000003 1.5000000000000002 21725.000000000004 26290.435000000001 52880.000000000007 4.5000000000000009 273.57142857142861 36388.780000000006 24305.000000000004 2825.0000000000005 15552.450000000003
decision_type=2 2 2 2 2 2 2 2 2 2 2 2 2 2 2 2 2 2 2 2 2 2 2 2 2 2 2 2 2 2 2 2 2 2 2 2 2 2 2 2 2 2 2 2 2 2 2 2 2 2 2 2 2 2 2 2 2 2 2 2 2 2
left_child=1 2 4 13 5 -1 18 9 -6 10 11 -3 16 34 35 45 -12 23 19 21 -20 41 -23 26 31 32 27 -11 -29 -27 -31 -25 33 -26 -2 36 -4 -37 -39 40 -40 52 44 -44 -43 -16 -22 -48 49 -49 58 -51 -7 56 -55 -52 59 -58 -50 61 -61 -54
right_child=3 7 14 -5 8 6 -8 -9 -10 17 12 -13 -14 -15 15 -17 -18 -19 20 -21 46 22 -24 24 25 29 -28 28 -30 30 -32 -33 -34 -35 -36 37 -38 38 39 -41 -42 42 43 -45 -46 -47 47 48 50 51 55 -53 53 54 -56 -57 57 -59 -60 60 -62 -63
leaf_value=49.734442086810674 -4.7234125076417204 14.02381006757247 1.5771488825757292 -58.380770765923025 -46.730615648049671 -1.8502506784306139 -0.76206907665036239 -10.932272286675568 4.069078259916 0.63255773906823121 -1.2212488612750911 69.614242816697384 -46.967436275410748 -26.863641054395938 26.369187134065289 -73.738529728507316 35.601018995411245 -13.148287546050961 -37.666831224931734 151.24778359568742 34.112338387470047 16.875109380573626 68.926405794046062 -5.7506027776767006 0.98578423377244528 -17.225825807980531 0.58406321389881444 42.899226680504697 7.670985330460617 24.67858378812403 5.2584687328323199 -23.506907830469164 -8.9325112242980804 -3.2590387746490017 -10.496885330207533 5.2886964077711296 27.900557473422168 2.7203431529833377 14.577697662791232 8.8226174005297242 -16.943308481851076 15.591805894664256 78.019476581259426 6.7434095569852204 -17.915692952980471 -12.530180514786441 -17.677203997011045 7.4708990129023309 -0.48091956236584921 51.665795237870931 -30.944137062685503 13.129391902119488 2.4209718522546684 -25.590325576877511 10.913170341798216 -1.1156248951504344 45.146505217001618 4.3115751068694879 34.527014809491142 33.359246130045442 11.188239206535638 21.779336346827201
leaf_weight=75 1402 197 172 55 42 213 441 486 42 1207 159 41 40 149 40 41 40 244 41 45 42 43 40 2296 10860 51 9283 60 1170 153 309 127 436 2560 3464 383 78 294 42 116 476 147 54 56 42 43 57 287 53 51 51 50 586 54 74 96 74 73 41 111 1791 88
leaf_count=75 1402 197 172 55 42 213 441 486 42 1207 159 41 40 149 40 41 40 244 41 45 42 43 40 2296 10860 51 9283 60 1170 153 309 127 436 2560 3464 383 78 294 42 116 476 147 54 56 42 43 57 287 53 51 51 50 586 54 74 96 74 73 41 111 1791 88
internal_value=-0.0254174 1.35538 7.35907 -9.9017 10.6645 11.2277 10.6128 0.0331774 -21.3434 0.215497 10.4215 23.6129 -2.71686 -9.36944 -2.17474 -20.2362 6.18727 0.0461829 11.7904 13.2349 5.23225 11.4305 41.9865 0.159122 -0.786091 0.208096 1.51339 5.05327 9.39111 8.81553 11.6918 -6.68176 -0.110613 0.176032 -8.83349 -0.739397 9.79401 -2.74836 -6.06548 -10.1396 -14.3864 10.6757 20.5128 41.7531 8.1429 6.22103 7.6507 6.02823 8.17765 14.0167 -1.22397 32.6044 9.71543 10.5795 -4.49068 -11.4713 11.288 24.8763 14.7987 10.5121 12.483 4.94991
internal_weight=41334 36264 6545 5070 4860 4776 4701 29719 84 29233 477 238 239 5015 1685 124 199 28756 4260 3491 769 3446 83 28512 16792 14369 11720 2437 1230 513 462 2423 13856 13420 4866 1561 250 1311 928 634 518 3363 299 110 189 83 728 686 629 388 241 101 3064 2851 128 147 2723 147 94 2576 1902 674
internal_count=41334 36264 6545 5070 4860 4776 4701 29719 84 29233 477 238 239 5015 1685 124 199 28756 4260 3491 769 3446 83 28512 16792 14369 11720 2437 1230 513 462 2423 13856 13420 4866 1561 250 1311 928 634 518 3363 299 110 189 83 728 686 629 388 241 101 3064 2851 128 147 2723 147 94 2576 1902 674
is_linear=0
shrinkage=0.1


Tree=25
num_leaves=63
num_cat=0
split_feature=22 22 23 4 22 28 24 26 18 33 31 19 33 24 30 33 30 30 20 34 25 4 30 34 16 33 19 26 33 2 21 28 18 23 28 28 31 26 28 20 23 22 33 21 24 34 4 18 28 25 28 0 11 33 26 25 24 18 28 28 28 18
split_gain=4.46256e+07 2.15929e+07 2.02432e+07 1.40681e+07 8.84381e+06 8.07591e+06 1.65261e+07 8.05918e+06 5.88631e+06 5.27389e+06 4.7637e+06 1.54281e+07 9.93886e+06 8.24856e+06 1.95446e+07 6.29745e+06 6.25629e+06 8.59343e+06 4.7374e+06 4.28917e+06 4.01364e+06 4.97883e+06 7.12174e+06 3.87169e+06 9.84748e+06 1.82579e+07 5.84574e+06 7.52372e+06 1.45551e+07 4.70367e+06 3.54448e+06 3.35645e+06 3.2434e+06 3.08385e+06 5.8973e+06 3.28871e+06 6.14352e+06 3.49762e+06 4.63075e+06 3.96795e+06 3.71633e+06 2.95673e+06 4.93213e+06 3.3257e+06 3.67725e+06 6.42887e+06 2.92413e+06 6.30988e+06 3.17741e+06 2.86866e+06 4.3444e+06 2.62294e+06 2.60159e+06 2.45468e+06 2.44772e+06 2.26929e+06 2.24771e+06 2.24177e+06 2.21775e+06 2.24371e+06 2.20595e+06 2.11766e+06
threshold=886.83464285714297 -610.09499999999991 3657.8571428571436 13.500000000000002 3512.4357142857148 685.00000000000011 1499.3994642857144 1815.0000000000002 3686.428571428572 1.0000000180025095e-35 2.5000000000000004 1.0000000180025095e-35 810.08785714285727 1338.9603571428572 14455.000000000002 1877.3214285714287 2715.0000000000005 1975.0000000000002 -495.71428571428538 16.500000000000004 -255.13982142857139 14.500000000000002 21055.000000000004 11.500000000000002 1291.6666666666667 293.03571428571433 782.12142857142874 1835.0000000000002 84.043035714285722 1.0000000180025095e-35 1991.451785714286 51315.000000000007 907.857142857143 1060.1785714285718 25255.000000000004 32210.000000000004 3.5000000000000004 4105.0000000000009 39835.000000000007 -1435.9564285714284 1360.5357142857144 -69.926785714285657 235.40750000000003 2304.6428571428573 1562.3214285714287 12.500000000000002 13.500000000000002 680.71428571428589 32345.000000000004 142.62857142857146 26545.000000000004 27.500000000000004 222.83500000000001 75.906607142857155 14435.690000000002 310.54607142857145 1236.6071428571429 1212.1428571428573 41575.000000000007 43870.000000000007 33725.000000000007 1152.1428571428573
decision_type=2 2 2 2 2 2 2 2 2 2 2 2 2 2 2 2 2 2 2 2 2 2 2 2 2 2 2 2 2 2 2 2 2 2 2 2 2 2 2 2 2 2 2 2 2 2 2 2 2 2 2 2 2 2 2 2 2 2 2 2 2 2
left_child=1 2 3 10 30 6 -5 19 41 -7 18 -12 13 16 -15 54 17 51 23 -6 21 -11 -23 49 26 -26 27 -25 -29 -28 46 58 56 34 -18 36 -35 38 40 -39 60 42 61 44 -43 57 47 -2 -48 50 53 -13 -52 -1 -14 -20 -22 -46 -16 -60 -37 -3
right_child=4 8 -4 5 7 9 -8 -9 -10 20 11 12 15 14 31 -17 33 -19 55 -21 32 22 -24 24 25 -27 29 28 -30 -31 -32 -33 -34 35 -36 37 -38 39 -40 -41 -42 43 -44 -45 45 -47 48 -49 -50 -51 52 -53 -54 -55 -56 -57 -58 -59 59 -61 -62 -63
leaf_value=-20.254813803775154 36.588220788290919 3.7758783410713308 -55.803880367590537 62.010996769516169 -38.202443157014841 -39.193262740726453 -21.256673704458052 -58.967310248220272 -12.933263759291046 35.167481796484815 73.21229539097591 27.907804775357103 -1.3161899792343679 75.400702752080917 24.518413903512894 31.621714598389783 3.7977539833966243 57.247468476292028 -1.4437442464442998 4.1894258223323844 -9.0847308739815613 4.10097869565368 -35.78659440000731 9.5568848064967575 0.52417156205874704 94.895942412244253 6.5456370524369634 87.193537079489332 8.7955273181598823 -23.137918766369268 -26.180282732760663 39.175469936483623 2.4618753486915286 6.6931653236843189 21.117151723254452 30.36273289631297 -36.209739847004592 10.219448531970336 -7.8439537690823018 -19.596524250436818 41.687558171342395 -0.82719180192921093 -0.39854866825746832 -16.407257940204303 -12.680302701873826 37.299999944501337 -5.8818794506456449 -5.1147006963436041 -11.181009409705952 -0.84500560154873183 36.237433428870759 -7.6506921659640188 11.809385866340547 3.5841089395494672 -22.273819235057971 -24.348853552284208 -26.322877392161605 4.0691662480985702 -14.763026077958788 12.96506101097356 4.2224222823723805 22.089083041109959
leaf_weight=47 46 4473 52 55 41 41 42 65 345 45 41 40 429 72 66 55 338 69 256 57 405 512 49 274 42 40 206 41 56 72 105 49 212 93 470 50 52 108 64 76 70 17377 5617 131 85 57 2650 171 1975 532 47 43 597 527 64 52 93 1322 49 72 91 64
leaf_count=47 46 4473 52 55 41 41 42 65 345 45 41 40 429 72 66 55 338 69 256 57 405 512 49 274 42 40 206 41 56 72 105 49 212 93 470 50 52 108 64 76 70 17377 5617 131 85 57 2650 171 1975 532 47 43 597 527 64 52 93 1322 49 72 91 64
internal_value=-0.0139104 1.2201 6.31916 6.80143 -8.76226 -1.90312 25.9645 -31.6776 0.0511695 -3.89602 9.21217 12.4189 11.3875 14.8547 29.8122 -0.45721 11.9083 31.1824 6.38239 -13.5563 -2.79488 3.18269 0.61415 7.83452 13.9466 46.589 9.81897 18.0336 41.9607 -1.14495 -8.0069 15.8907 -7.89673 9.83241 13.8728 4.42662 -8.69985 8.57383 15.7132 -2.0978 22.8587 0.204993 1.58221 -0.532108 -0.421686 4.39134 -7.61254 3.73192 -8.14485 5.2811 7.9568 9.49236 13.5949 1.63054 -4.03885 -5.31418 -12.3062 3.05688 9.78053 1.73483 13.4995 4.03445
internal_weight=41337 36227 6756 6704 5110 1454 97 163 29471 1357 5250 2461 2420 1872 308 548 1564 152 2789 98 1316 606 561 2481 731 82 649 371 97 278 4947 236 710 1412 808 604 145 459 275 184 211 29126 10154 18972 18841 1464 4842 217 4625 1750 1218 83 644 574 493 308 498 1407 187 121 141 4537
internal_count=41337 36227 6756 6704 5110 1454 97 163 29471 1357 5250 2461 2420 1872 308 548 1564 152 2789 98 1316 606 561 2481 731 82 649 371 97 278 4947 236 710 1412 808 604 145 459 275 184 211 29126 10154 18972 18841 1464 4842 217 4625 1750 1218 83 644 574 493 308 498 1407 187 121 141 4537
is_linear=0
shrinkage=0.1


Tree=26
num_leaves=63
num_cat=0
split_feature=22 22 0 23 35 23 25 35 23 28 22 7 9 18 21 20 25 21 23 28 23 23 23 33 28 23 29 1 18 25 17 28 30 23 28 2 30 28 33 25 29 28 19 25 33 31 30 35 22 31 34 29 23 35 23 23 23 23 30 23 23 23
split_gain=3.64856e+07 1.81827e+07 1.42515e+07 1.07125e+07 8.51773e+06 2.05199e+07 5.88009e+06 5.8601e+06 1.36012e+07 7.73222e+06 6.37367e+06 5.37556e+06 4.73577e+06 4.34315e+06 4.06371e+06 3.54002e+06 3.71547e+06 7.14799e+06 5.53679e+06 7.65612e+07 9.44092e+06 4.9619e+06 3.45101e+06 9.04035e+06 3.32537e+06 3.29737e+06 3.21523e+06 4.56153e+06 5.66848e+06 3.17984e+06 3.23493e+06 3.13032e+06 8.87037e+06 2.74818e+06 6.08519e+06 4.16954e+06 2.62573e+06 3.03817e+06 3.83393e+06 2.61357e+06 2.60632e+06 2.4781e+06 2.42126e+06 2.41044e+06 2.30271e+06 5.58868e+06 5.96867e+06 3.8488e+06 2.40636e+06 2.20733e+06 5.84358e+06 3.21484e+06 3.26072e+06 2.37073e+06 2.65309e+06 4.13229e+06 2.58605e+06 3.19379e+06 2.95955e+06 2.33529e+06 2.25633e+06 3.78506e+06
threshold=886.83464285714297 -623.6039285714287 16.500000000000004 2346.9642857142862 161154.62500000003 2288.0357142857147 -293.03785714285709 1.0000000180025095e-35 1245.8928571428576 60820.000000000007 -1696.8382142857138 -199.91999999999999 -2722.8099999999995 2450.7142857142862 1302.1753571428574 -345.1471428571428 1207.6785714285716 810.34857142857152 1497.6785714285718 41980.000000000007 1514.8214285714287 1453.3928571428576 2477.1428571428573 349.87214285714293 36625.000000000007 1313.3928571428576 17083.175000000003 1.0000000180025095e-35 525.00000000000011 47.587857142857153 -3301.5966666666668 65425.000000000007 36388.780000000006 188.21428571428575 865.00000000000011 1.0000000180025095e-35 2505.0000000000005 25255.000000000004 275.53571428571433 675.68732142857152 4835.0000000000009 2075.0000000000005 2005.0000000000002 -993.66624999999988 930.17857142857156 2.5000000000000004 14865.000000000002 38155.840000000004 -1579.6828571428571 1.5000000000000002 16.500000000000004 21453.075000000004 1174.464285714286 23937.610000000004 1364.464285714286 1348.0357142857144 1319.1071428571429 1112.3214285714287 7055.0000000000009 1289.1071428571429 1364.464285714286 1195.1785714285718
decision_type=2 2 2 2 2 2 2 2 2 2 2 2 2 2 2 2 2 2 2 2 2 2 2 2 2 2 2 2 2 2 2 2 2 2 2 2 2 2 2 2 2 2 2 2 2 2 2 2 2 2 2 2 2 2 2 2 2 2 2 2 2 2
left_child=1 2 3 24 14 -6 7 8 -4 10 12 36 -9 29 22 16 18 -18 21 -20 -21 49 -2 -24 26 -26 33 -28 -29 30 -3 32 40 35 -35 -1 -12 -38 -39 44 -32 -16 -30 -14 45 -22 -47 48 -48 51 53 52 -8 54 55 56 57 -51 -59 -60 61 -55
right_child=4 13 6 -5 5 -7 15 9 -10 -11 11 -13 43 -15 41 -17 17 -19 19 20 39 -23 23 -25 25 -27 27 28 42 -31 31 -33 -34 34 -36 -37 37 38 -40 -41 -42 -43 -44 -45 -46 46 47 -49 -50 50 -52 -53 -54 60 -56 -57 -58 58 59 -61 -62 -63
leaf_value=-1.4734298843209834 -6.1759365639470616 -14.012470619577465 77.31075499936955 -50.203782612560417 -9.9800278946931513 -91.554623833120814 2.107365626003014 60.184871556617672 3.1024135607921886 -25.893927524967179 34.040555224309628 -11.03497091554758 6.8074103251844011 -5.3176712321830371 -30.516932912101467 -8.8301711958798865 10.885355032198806 -43.258076191969074 124.68670945316933 -36.460185377021816 -0.35921411881518694 -15.991429667970886 -18.315869497933431 48.467857204156282 0.073006992011089233 -23.495695784286426 39.415984161580184 -19.923472770789104 34.982673240601009 -0.91112474040552971 -0.80824725411157738 -25.887679433737588 40.451926890649645 -32.43927470789702 -2.0359768822757265 28.271869131934178 -3.1084605632709152 33.656487355809837 9.8318512764720332 32.918626987388954 2.0668056098099217 -11.492828766147186 6.8817286892612053 32.935584225023696 -3.7426789913974199 54.601165413623534 42.890522958435724 -9.5830724391490065 12.176583141587864 7.2412272141795873 37.201710010387067 26.58664718441641 -19.82661379099935 9.5300016122162585 19.342694166710643 -24.160571399414831 28.435857606504769 11.088605233593489 -10.307820939474102 13.900887988832952 2.4289586079401859 32.079278763236204
leaf_weight=171 3886 138 47 47 124 41 442 43 52 49 59 101 59 1438 74 143 58 42 59 49 209 100 41 40 113 125 45 66 44 12105 4319 42 58 76 490 65 107 92 254 43 11680 913 101 88 140 46 42 49 65 1463 66 45 80 191 134 48 48 122 296 46 125 122
leaf_count=171 3886 138 47 47 124 41 442 43 52 49 59 101 59 1438 74 143 58 42 59 49 209 100 41 40 113 125 45 66 44 12105 4319 42 58 76 490 65 107 92 254 43 11680 913 101 88 140 46 42 49 65 1463 66 45 80 191 134 48 48 122 296 46 125 122
internal_value=-0.0192918 1.09391 5.85681 -3.33087 -7.92342 -30.2717 8.21881 15.3303 38.3539 12.6529 15.0066 10.045 31.0072 0.0436017 -7.17878 6.63591 7.17152 -11.8651 7.64404 15.7143 5.70637 5.9415 -5.75005 14.6732 -1.62913 -12.3078 0.773539 10.5297 4.36124 0.315628 1.2302 1.3609 1.43225 -2.34111 -6.12091 6.72336 14.2041 11.617 16.1707 9.18754 1.29067 -12.9206 15.4181 22.4547 7.33274 11.1054 22.9645 13.6212 24.247 6.6212 7.82826 0.956122 -1.25573 7.08048 5.71821 4.81529 5.52011 4.94858 -2.28019 -7.05011 13.7878 18.3229
internal_weight=41466 36347 6567 1343 5119 165 5224 951 99 852 803 613 190 29780 4954 4273 4130 100 4030 702 643 3328 3967 81 1296 238 1058 256 211 28342 16237 16099 16057 802 566 236 512 453 346 594 15999 987 145 147 551 411 202 156 107 3228 2661 567 522 2595 2157 2023 1975 1927 464 342 438 313
internal_count=41466 36347 6567 1343 5119 165 5224 951 99 852 803 613 190 29780 4954 4273 4130 100 4030 702 643 3328 3967 81 1296 238 1058 256 211 28342 16237 16099 16057 802 566 236 512 453 346 594 15999 987 145 147 551 411 202 156 107 3228 2661 567 522 2595 2157 2023 1975 1927 464 342 438 313
is_linear=0
shrinkage=0.1


Tree=27
num_leaves=63
num_cat=0
split_feature=4 18 28 35 28 28 0 22 35 21 28 33 16 18 30 29 23 28 23 24 23 30 24 24 28 28 28 23 23 18 24 19 23 30 33 2 23 23 19 23 0 30 21 8 25 35 25 23 26 23 23 30 30 23 28 30 21 30 21 35 26 22
split_gain=3.13274e+07 2.08236e+07 2.01425e+07 1.31423e+07 9.43661e+06 9.3842e+06 2.37097e+07 2.66114e+07 1.33806e+07 3.36064e+07 1.57293e+07 8.06767e+06 6.16944e+06 5.37933e+06 5.29406e+06 4.98108e+06 4.9276e+06 5.58958e+07 6.44494e+06 9.33139e+06 5.0539e+06 4.83287e+06 6.5789e+06 6.66461e+06 1.13004e+07 5.63977e+07 7.02036e+06 5.43081e+06 9.6169e+06 4.83142e+06 4.49453e+06 3.80205e+06 3.74332e+06 3.38851e+06 3.19539e+06 3.30546e+06 3.07936e+06 5.77519e+06 4.22336e+06 3.41009e+06 3.04806e+06 1.18255e+07 3.88155e+06 3.10558e+06 3.03436e+06 3.25505e+06 2.66781e+06 2.64702e+06 2.55348e+06 2.48579e+06 2.68584e+06 3.35203e+06 4.55589e+06 4.55175e+06 2.72004e+06 3.0304e+06 2.9197e+06 2.51158e+06 2.45663e+06 2.40111e+06 2.36143e+06 2.36085e+06
threshold=13.500000000000002 1.0000000180025095e-35 30645.000000000004 161154.62500000003 65425.000000000007 25745.000000000004 15.500000000000002 -212.13750000000002 1.0000000180025095e-35 1286.0714285714287 65425.000000000007 2123.3928571428573 511.66666666666674 1.0000000180025095e-35 5675.0000000000009 2505.0000000000005 1497.6785714285718 42325.000000000007 937.67857142857156 1435.014285714286 1453.3928571428576 2285.0000000000005 238.57839285714292 670.83053571428582 20765.000000000004 21195.000000000004 19625.000000000004 1873.3928571428576 1024.1071428571431 2987.8571428571436 1404.3982142857146 820.71428571428589 2188.3928571428573 4215.0000000000009 287.6785714285715 1.0000000180025095e-35 289.10714285714295 312.32142857142861 498.6357142857143 1434.1071428571429 16.500000000000004 16105.000000000002 3102.5000000000005 -538.59999999999991 400.37482142857158 36682.645000000011 745.4953571428573 432.32142857142861 1311.3450000000003 1423.3928571428576 1084.8214285714287 3799.5850000000005 6415.0000000000009 1289.1071428571429 37755.000000000007 11700.000000000002 1340.3046428571431 11215.000000000002 963.60178571428582 76700.345000000016 1870.2850000000001 791.33857142857153
decision_type=2 2 2 2 2 2 2 2 2 2 2 2 2 2 2 2 2 2 2 2 2 2 2 2 2 2 2 2 2 2 2 2 2 2 2 2 2 2 2 2 2 2 2 2 2 2 2 2 2 2 2 2 2 2 2 2 2 2 2 2 2 2
left_child=1 5 3 11 40 6 7 -1 9 -7 16 13 -12 15 -6 -2 18 -18 19 34 44 22 -8 24 26 -26 31 28 -25 33 -22 36 -31 -15 60 -36 -24 -38 -39 48 42 43 -4 -42 45 49 -3 -35 -40 50 -20 -52 58 -54 57 56 -56 -55 -53 -47 -10 -49
right_child=2 46 4 -5 14 8 21 -9 10 -11 12 -13 -14 29 -16 -17 17 -19 20 -21 30 -23 23 27 25 -27 -28 -29 -30 32 -32 -33 -34 47 35 -37 37 38 39 -41 41 -43 -44 -45 -46 59 -48 61 -50 -51 51 52 53 54 55 -57 -58 -59 -60 -61 -62 -63
leaf_value=-104.93829422178509 2.5810125938521331 0.30435554636158763 -8.8014530920958709 -54.535450147779969 -19.897288058483639 118.39244227034324 1.2046107510880235 6.3048841565204672 40.251857940253267 4.9341863225572196 -54.895314972209633 -45.340033497967191 -5.8414793412107215 -0.44286307097907029 -68.504997975400627 -6.013822536344219 114.20602128286644 9.9330475778714469 11.449696391295349 57.167668971308956 -31.327313365385368 1.3553122192150233 4.2663498530135655 -0.7215383180713788 139.03162280845865 3.6691280141245266 -11.293708534135362 -32.09337710132214 45.249285889750496 -6.0350961160564784 8.2396275325192505 -6.6362280086889855 24.916540074616339 -20.475961399787803 15.318609697936072 -10.857170036533761 47.672776975383925 6.958767387163336 35.692933367245921 48.930654136170745 -33.295627041463618 47.178770173411422 -35.12789828261193 4.3004497936307748 -14.684731901893322 37.536463501073371 -19.564037094844959 3.1149143949905098 9.9882413844833504 25.439430940746856 -17.994340466647184 36.458300992829123 -3.743014825449317 33.319632534566004 -19.086770532875313 18.34329708970473 13.240215797921346 3.8528023606532162 10.763608928799083 11.897302513297848 16.418483065050989 26.675700415191478
leaf_weight=42 853 9821 3074 46 51 40 829 44 58 75 48 41 55 10949 40 3218 56 621 698 58 64 1941 120 320 43 108 108 42 53 1606 52 66 40 47 129 77 75 198 63 54 46 46 57 42 58 63 68 3524 100 73 68 60 524 81 71 86 46 45 98 87 147 43
leaf_count=42 853 9821 3074 46 51 40 829 44 58 75 48 41 55 10949 40 3218 56 621 698 58 64 1941 120 320 43 108 108 42 53 1606 52 66 40 47 129 77 75 198 63 54 46 46 57 42 58 63 68 3524 100 73 68 60 524 81 71 86 46 45 98 87 147 43
internal_value=0.0162999 3.20867 -2.35655 -1.17372 -9.53484 7.09202 3.89923 -48.0525 10.8875 44.4323 9.75991 -1.05279 -28.7171 -0.963145 -41.2893 -4.21293 10.954 18.5661 9.00391 19.6352 6.71001 4.98423 8.21668 12.5224 17.2032 42.2494 12.3769 1.97569 5.81568 -0.146929 -13.5945 16.1591 -5.28219 0.433506 14.3323 5.53417 18.6258 22.1416 17.5224 27.1572 -8.64918 6.11826 -9.28128 -15.3597 7.85478 8.50878 0.167635 3.08853 19.9311 7.35961 6.61618 3.48902 4.93481 2.04518 11.2633 4.0977 -6.37675 22.8015 20.5296 22.6747 23.1698 3.39931
internal_weight=41356 17633 23723 20367 3356 7744 4206 86 3538 115 3423 20321 103 20280 91 4071 3320 677 2643 469 2174 4120 2179 1350 935 151 784 415 373 16209 116 676 1646 14563 411 206 610 490 415 217 3265 134 3131 88 2058 2000 9889 3614 163 1850 1777 1079 1011 853 329 203 117 126 158 150 205 3567
internal_count=41356 17633 23723 20367 3356 7744 4206 86 3538 115 3423 20321 103 20280 91 4071 3320 677 2643 469 2174 4120 2179 1350 935 151 784 415 373 16209 116 676 1646 14563 411 206 610 490 415 217 3265 134 3131 88 2058 2000 9889 3614 163 1850 1777 1079 1011 853 329 203 117 126 158 150 205 3567
is_linear=0
shrinkage=0.1


Tree=28
num_leaves=63
num_cat=0
split_feature=4 28 20 23 25 22 23 28 30 32 20 25 25 25 0 0 28 21 22 28 20 8 24 30 13 28 6 23 26 28 30 15 20 26 28 26 23 25 25 23 15 22 23 23 25 23 23 23 23 23 28 23 23 28 21 33 30 28 16 25 21 23
split_gain=2.49048e+07 1.70454e+07 1.0038e+07 8.58175e+06 7.16655e+06 6.47784e+06 6.11349e+06 9.11748e+06 1.60436e+07 5.79988e+06 9.97958e+06 1.07161e+07 4.87866e+06 4.25031e+06 1.71763e+07 1.58951e+07 3.10707e+07 3.95107e+06 3.66994e+06 3.55409e+06 5.12612e+06 3.95557e+06 5.23742e+06 3.53882e+06 3.37465e+06 3.34558e+06 3.32879e+06 2.91989e+06 6.96856e+06 4.2908e+06 3.72671e+06 2.86676e+06 2.75538e+06 4.49454e+06 1.071e+07 3.31059e+06 2.57958e+06 2.4119e+06 2.40632e+06 2.29607e+06 2.25405e+06 2.1615e+06 2.11121e+06 3.40103e+06 2.49524e+06 2.34192e+06 2.10889e+06 1.74191e+07 2.77189e+06 3.92962e+06 2.51645e+06 2.12299e+06 2.09195e+06 2.48851e+06 2.14026e+06 2.02173e+06 4.15529e+06 3.36966e+06 3.19269e+06 1.96815e+06 2.83546e+06 3.5653e+06
threshold=13.500000000000002 36885.000000000007 -475.97285714285709 2666.9642857142862 675.68732142857152 461.11071428571432 1793.7500000000002 49540.000000000007 27265.000000000004 366.4285714285715 -1185.5849999999998 172.21160714285716 2111.1917857142857 -236.27392857142854 30.500000000000004 28.500000000000004 31945.000000000004 3102.5000000000005 -30.883928571428601 52880.000000000007 -1684.5757142857144 -758.68999999999994 646.09839285714304 21725.000000000004 2245.0000000000005 34455.000000000007 1.0000000180025095e-35 567.67857142857156 1405.0000000000002 25255.000000000004 7755.0000000000009 2875.0000000000005 -1529.3278571428571 7345.0000000000009 41575.000000000007 4655.0000000000009 1595.5357142857144 -810.40696428571437 66.30767857142861 2398.5714285714289 1925.0000000000002 -1696.8382142857138 1508.7500000000002 1434.1071428571429 587.27803571428592 1555.1785714285718 742.32142857142867 761.25000000000011 870.89285714285722 823.75000000000011 19625.000000000004 890.17857142857156 1740.5357142857144 4385.0000000000009 654.31785714285729 158.36446428571432 1035.0000000000002 25745.000000000004 737.00666666666677 211.7364285714286 910.74571428571437 1364.464285714286
decision_type=2 2 2 2 2 2 2 2 2 2 2 2 2 2 2 2 2 2 2 2 2 2 2 2 2 2 2 2 2 2 2 2 2 2 2 2 2 2 2 2 2 2 2 2 2 2 2 2 2 2 2 2 2 2 2 2 2 2 2 2 2 2
left_child=2 3 6 5 13 31 7 9 -9 10 11 -1 17 14 15 -4 -17 37 23 21 -21 24 -23 27 -8 -16 52 28 -12 -30 -31 41 33 34 35 -11 -28 -3 40 -39 -34 -2 43 44 46 -44 50 -48 49 -49 -29 -50 54 -54 -7 56 58 -58 -53 -43 61 -61
right_child=1 12 4 -5 -6 26 19 8 -10 32 18 -13 -14 -15 25 16 -18 -19 -20 20 -22 22 -24 -25 -26 -27 36 42 29 30 -32 -33 38 -35 -36 -37 -38 39 -40 -41 -42 59 45 -45 -46 -47 47 48 51 -51 -52 55 53 -55 -56 -57 57 -59 -60 60 -62 -63
leaf_value=19.299415650313495 22.490100285345122 6.3998581859131516 5.8257305631518044 -34.190430791614787 -21.707156995281345 -1.584718133668066 -47.416565426605267 84.42418278079667 -2.4901510950926351 -9.4222135407920238 44.134659547107347 77.746811423131675 -45.463769289319146 0.82762051922680391 -12.659989745578862 15.882122458385082 117.75732962827195 -32.260811993794746 38.066461868381388 19.08265488842321 -7.35995520552295 29.075586695793056 -11.041277964120457 -15.475765769542136 -11.677233997887695 -48.445590305154134 -2.4485394886124485 9.5867293527082822 0.61402131013372918 47.159058203681681 7.1225712463022166 -9.645668354901753 2.7233228138371182 1.0730287392806876 51.257716805419264 14.149356469216015 7.6405146354391453 -10.660171297810122 -4.1113137738998438 12.986322174344421 26.541835507754143 0.41626852762411537 -24.486348925419289 28.323884589203303 -14.476584394420801 3.0280558039010566 63.784785736383448 7.3766332080978323 25.788980567340744 -10.564714483829059 -6.7264687143642234 34.317256365362901 -22.092025042652701 4.0871283022757101 -6.033636266397143 11.086570497981198 -33.402863950183423 -0.34799117261678258 -2.7410709394711237 -6.9996327281010995 -0.1132462711176413 -37.740225765678979
leaf_weight=145 43 93 343 79 137 1603 45 41 44 81 73 40 40 10348 72 104 42 78 40 130 168 41 157 65 64 41 734 174 185 46 47 307 1238 437 70 225 387 1766 618 42 41 13647 42 77 53 117 56 355 78 186 207 52 140 49 3323 847 41 124 42 467 886 41
leaf_count=145 43 93 343 79 137 1603 45 41 44 81 73 40 40 10348 72 104 42 78 40 130 168 41 157 65 64 41 734 174 185 46 47 307 1238 437 70 225 387 1766 618 42 41 13647 42 77 53 117 56 355 78 186 207 52 140 49 3323 847 41 124 42 467 886 41
internal_value=-0.00567919 -2.11936 2.84698 -1.30186 1.01841 -1.18165 5.96977 6.95353 39.4582 6.47699 9.43693 31.9543 -10.9079 1.30284 9.47081 17.5908 45.219 -10.2083 8.0034 -3.60246 4.17666 -11.153 -2.72898 7.58331 -26.447 -25.6599 -3.90056 8.1185 16.6485 9.4243 26.9403 -0.0800093 3.09971 7.97026 15.9852 7.90929 1.03466 -9.30265 1.01218 -10.1105 3.48787 0.114709 6.89662 7.66963 6.951 -4.24528 7.47661 8.92111 7.13823 1.20784 0.72392 9.84781 -4.98216 -15.3055 -4.58592 8.72245 0.990466 -8.56929 17.7666 0.0506657 -3.5284 -9.48414
internal_weight=41304 23725 17579 21706 11087 21627 6492 5887 85 5802 3092 185 2019 10950 602 489 146 1979 2907 605 298 307 198 2867 109 113 6236 2802 351 278 93 15391 2710 813 376 306 1121 1901 1897 1808 1279 15084 2451 2292 2215 159 2162 1781 1725 541 381 1184 5115 189 4926 1106 259 165 94 15041 1394 508
internal_count=41304 23725 17579 21706 11087 21627 6492 5887 85 5802 3092 185 2019 10950 602 489 146 1979 2907 605 298 307 198 2867 109 113 6236 2802 351 278 93 15391 2710 813 376 306 1121 1901 1897 1808 1279 15084 2451 2292 2215 159 2162 1781 1725 541 381 1184 5115 189 4926 1106 259 165 94 15041 1394 508
is_linear=0
shrinkage=0.1


Tree=29
num_leaves=63
num_cat=0
split_feature=4 28 35 22 23 22 23 33 9 28 29 13 30 32 30 29 22 17 22 22 30 33 23 34 23 19 28 23 28 31 33 34 29 32 23 15 21 5 23 35 26 9 13 33 4 21 21 29 33 33 28 35 28 23 30 31 26 32 12 22 30 28
split_gain=1.91989e+07 1.30746e+07 1.15947e+07 7.8978e+06 7.38021e+06 8.31877e+06 6.43927e+06 5.71363e+06 4.41464e+06 4.32413e+06 3.96607e+06 1.89612e+07 9.76344e+06 3.69429e+06 6.46957e+06 3.68068e+06 4.73825e+06 3.46237e+06 4.03355e+06 3.43865e+06 3.2388e+06 2.95393e+06 2.83189e+06 4.89224e+06 3.0853e+06 2.78237e+06 3.55864e+06 3.94835e+07 6.99176e+06 2.88875e+06 6.89716e+06 1.2436e+07 3.51897e+06 3.02262e+06 2.77625e+06 2.53311e+06 2.52782e+06 2.43275e+06 2.84847e+06 2.39531e+06 2.3804e+06 2.24374e+06 2.18307e+06 2.17872e+06 2.14128e+06 3.10568e+06 1.97185e+06 1.93052e+06 1.87909e+06 2.60266e+06 1.82577e+06 1.8072e+06 3.72996e+06 2.68853e+06 2.2002e+06 2.78039e+06 2.50847e+06 2.40663e+06 1.76675e+06 1.64582e+06 5.25711e+06 2.47928e+06
threshold=13.500000000000002 30095.000000000004 161154.62500000003 -623.6039285714287 1809.1071428571429 -1579.6828571428571 1770.8928571428576 2123.3928571428573 11080.000000000002 82525.000000000015 39762.455000000009 103.67500000000001 21725.000000000004 228.59928571428574 38544.735000000008 50080.615000000005 -842.2710714285713 -5219.1216666666651 -1840.618214285714 384.83035714285717 26290.435000000001 572.65232142857155 2037.5000000000002 13.500000000000002 2477.1428571428573 477.17214285714289 41980.000000000007 1485.1785714285718 42765.000000000007 1.5000000000000002 72.678571428571445 7.5000000000000009 22105.000000000004 100.71428571428574 1181.2500000000002 2821.6666666666674 2877.8571428571436 425.00000000000006 2037.5000000000002 41614.105000000003 1420.2050000000002 -278.78999999999991 745.00000000000011 714.46428571428589 6.5000000000000009 2304.6428571428573 1400.0275000000004 19451.420000000002 630.72125000000005 372.67267857142866 1485.0000000000002 38971.245000000003 28785.000000000004 1333.7500000000002 11825.000000000002 4.5000000000000009 4655.0000000000009 720.28571428571433 445.00000000000006 -207.13285714285709 21725.000000000004 8125.0000000000009
decision_type=2 2 2 2 2 2 2 2 2 2 2 2 2 2 2 2 2 2 2 2 2 2 2 2 2 2 2 2 2 2 2 2 2 2 2 2 2 2 2 2 2 2 2 2 2 2 2 2 2 2 2 2 2 2 2 2 2 2 2 2 2 2
left_child=3 2 7 4 6 20 10 19 13 17 12 -12 25 14 59 16 -7 -3 -19 35 -6 -13 -21 24 46 -1 27 29 -28 32 31 33 34 -31 40 42 -22 47 -39 -18 -27 44 -2 51 45 58 -24 -20 49 -30 -37 54 -53 -54 55 56 57 -32 -23 60 61 -5
right_child=1 9 -4 8 5 15 -8 -9 -10 -11 11 21 -14 -15 -16 -17 39 18 37 22 36 41 23 -25 -26 26 28 -29 48 30 43 -33 -34 -35 -36 50 -38 38 -40 -41 -42 -43 -44 -45 -46 -47 -48 -49 -50 -51 -52 52 53 -55 -56 -57 -58 -59 -60 -61 -62 -63
leaf_value=-3.2039036742849234 -0.52992686557710611 -29.850428338234941 -52.180639338845168 0.088333777983597955 30.731238219960769 -43.916194916009751 42.55254602422724 -37.643701903063111 24.802799788230054 -40.223858882604027 77.723863209173444 30.208468464393167 -29.053959522092441 -1.1984553298095604 41.449513972188299 2.107637226828972 -26.553572647137077 19.401885410016416 -7.0051627596053949 -3.2603566303440719 -14.155426685773277 -14.510449942161381 -7.5964725310495425 34.902737551548107 -23.773846582510245 16.901075151838679 -32.747699846819359 90.348077655695292 20.839270362425392 24.681115943082705 5.2088139445471393 75.97535661561659 28.208843843648204 -6.4351027196468245 -19.048748504211456 -26.926454045222357 17.062246830480426 -6.4549587321162765 11.500768830383713 3.3619250284063718 -2.8130953464614006 21.766514300695562 2.2032348371296591 21.981909834830887 15.084292881028237 -24.341447491000508 12.932626224364384 -13.86110541921348 17.144512247015925 -8.2125915776344875 -5.5997085425161544 -7.5343189202224785 45.515142367619532 13.693434094707085 -2.499883279867436 27.327333143235791 14.037490706820414 -12.417958977206267 10.049004120391643 1.263504268222255 -27.948122319669064 8.0708141178653339
leaf_weight=292 9913 66 44 567 54 80 50 42 78 40 44 55 80 4877 42 65 54 58 2462 5674 55 40 71 51 42 75 64 57 40 78 1749 40 40 52 85 50 49 231 143 53 333 67 4144 88 82 55 137 493 78 134 203 46 44 67 313 62 319 81 109 5627 48 1240
leaf_count=292 9913 66 44 567 54 80 50 42 78 40 44 55 80 4877 42 65 54 58 2462 5674 55 40 71 51 42 75 64 57 40 78 1749 40 40 52 85 50 49 231 143 53 333 67 4144 88 82 55 137 493 78 134 203 46 44 67 313 62 319 81 109 5627 48 1240
internal_value=-0.0524854 -1.90066 -0.931405 2.45234 5.7558 -7.11274 6.87391 -0.820343 1.09456 -7.55324 6.49138 15.3933 5.53706 0.945342 2.33493 -18.3902 -25.5138 -7.1742 -6.73189 -0.744007 10.8742 8.66265 -2.75891 6.6925 0.931761 6.20631 6.92098 7.83133 -3.24519 6.47537 7.70372 27.2521 -0.297913 12.2369 -2.61347 0.0973036 0.553983 -7.18749 0.411073 -11.7409 0.812448 5.30184 0.275813 6.50309 1.44158 -4.04458 5.92493 -8.1492 4.25251 -1.52991 -9.81899 5.99462 16.4033 26.3223 5.34686 6.45771 5.85499 4.42829 3.45317 2.11509 4.6982 5.56615
internal_weight=41472 23864 20371 17608 5129 410 4719 20327 12479 3493 4669 452 4217 12401 7524 252 187 3453 3387 20285 158 408 5975 301 250 4137 3845 3529 316 3472 2939 170 533 130 493 14310 104 3329 374 107 408 353 14057 2769 286 204 208 2955 252 174 253 2681 157 111 2524 2211 2149 1830 149 7482 1855 1807
internal_count=41472 23864 20371 17608 5129 410 4719 20327 12479 3493 4669 452 4217 12401 7524 252 187 3453 3387 20285 158 408 5975 301 250 4137 3845 3529 316 3472 2939 170 533 130 493 14310 104 3329 374 107 408 353 14057 2769 286 204 208 2955 252 174 253 2681 157 111 2524 2211 2149 1830 149 7482 1855 1807
is_linear=0
shrinkage=0.1


Tree=30
num_leaves=63
num_cat=0
split_feature=4 18 23 28 24 22 10 0 22 18 0 19 5 28 23 25 28 20 24 14 24 23 18 4 28 22 21 29 26 23 23 31 25 32 29 25 26 23 24 21 21 0 20 28 22 23 26 34 26 29 23 28 23 24 21 23 23 26 26 20 25 22
split_gain=1.67944e+07 1.14835e+07 1.10263e+07 9.17819e+06 8.05115e+06 2.24251e+07 7.68994e+06 6.25852e+06 1.03415e+07 4.98916e+06 4.33131e+06 6.44197e+06 6.24116e+06 4.3514e+06 5.59459e+07 3.04078e+07 5.66434e+06 3.86227e+06 3.57665e+06 3.35768e+06 3.63168e+06 3.45611e+06 3.07371e+06 3.83384e+06 7.76992e+06 3.84153e+06 3.66354e+06 2.58154e+06 2.79553e+06 2.59034e+06 5.54502e+06 2.49332e+06 2.67647e+06 3.19071e+06 7.4907e+06 2.32882e+06 2.31757e+06 2.26707e+06 3.40127e+06 2.20427e+06 2.19999e+06 3.08931e+06 2.13585e+06 4.7433e+06 2.11507e+06 2.78661e+06 3.6974e+06 2.08294e+06 1.97286e+06 1.87085e+06 2.03752e+06 2.29361e+06 2.00644e+06 2.45523e+06 2.32617e+06 2.95247e+06 2.01014e+06 1.94776e+06 1.91617e+06 1.86256e+06 2.32888e+06 2.50815e+06
threshold=13.500000000000002 1.0000000180025095e-35 2666.9642857142862 24685.000000000004 1069.3294642857143 -132.8678571428571 570.63000000000011 15.500000000000002 -147.84107142857138 4365.0000000000009 30.500000000000004 1.0000000180025095e-35 -408.97999999999996 41575.000000000007 1508.7500000000002 -20.384642857142886 42765.000000000007 -436.32142857142856 1983.0357142857144 525.00000000000011 2347.3214285714289 2037.5000000000002 1.0000000180025095e-35 29.500000000000004 4865.0000000000009 -1145.6764285714282 910.74571428571437 66690.690000000017 12275.000000000002 2011.2500000000002 1833.7500000000002 2.5000000000000004 51.671428571428542 120.71428571428574 20645.000000000004 71.04553571428572 2623.6650000000004 1448.0357142857144 1395.7873214285717 1963.214285714286 1087.2075000000002 23.500000000000004 -191.42714285714283 12635.000000000002 260.00714285714292 1728.3928571428576 9020.0000000000018 10.500000000000002 11865.000000000002 11809.840000000002 618.03571428571433 11585.000000000002 2037.5000000000002 1730.8928571428576 1330.9321428571432 2214.1071428571436 1690.1785714285718 6354.6200000000008 6835.0000000000009 523.81571428571442 219.99232142857147 -69.926785714285657
decision_type=2 2 2 2 2 2 2 2 2 2 2 2 2 2 2 2 2 2 2 2 2 2 2 2 2 2 2 2 2 2 2 2 2 2 2 2 2 2 2 2 2 2 2 2 2 2 2 2 2 2 2 2 2 2 2 2 2 2 2 2 2 2
left_child=1 4 3 9 7 10 -4 8 -1 22 11 -6 -12 18 15 -15 -16 -8 37 20 -5 -21 23 25 -25 -2 -27 28 29 30 -18 36 33 34 -33 44 42 -13 -39 -31 41 -34 -9 -44 45 -3 -47 48 -23 52 -51 -52 53 59 -54 57 -55 -56 -58 60 -24 -62
right_child=2 35 6 19 5 -7 17 31 -10 -11 12 13 -14 14 16 -17 27 -19 -20 21 -22 47 49 24 -26 26 -28 -29 -30 39 -32 32 40 -35 -36 -37 -38 38 -40 -41 -42 -43 43 -45 -46 46 -48 -49 -50 50 51 -53 54 56 55 -57 58 -59 -60 -61 61 -63
leaf_value=-57.057678314107378 26.846479254447573 1.2440363819620843 4.0346491814673149 -6.0262287520664923 44.672004552579182 78.67250367143329 -68.074754552552037 5.0670673821528913 8.1029385292563774 -14.28761133375464 7.1204612600569952 7.7026131668466071 -41.883273204941588 37.846953114645309 -29.124696907106625 153.35108508468417 6.876476858666571 -27.92713928767127 -24.043539440616989 -4.329741217327598 -33.117177308165473 0.69711202610866252 0.96325219832537423 40.327115142593584 -6.0138509426190261 -3.0540038360867312 -13.957929830212354 29.25022417120978 -17.738766004739023 -25.600120499071565 45.531537745263201 59.645852053639032 24.705871627364591 7.9278536525599623 11.423517496831117 -1.9732592273568288 -2.6404598408821371 -24.463104323251883 12.004024202993396 7.5805837204989137 -9.2851569902588889 2.2173993408227441 1.6935943533525704 -23.569548432963785 6.9914806780209053 -17.490175312313319 2.1593481535739891 29.413953597703468 20.655575351873917 -15.937603700153147 9.4952628650047988 1.7251438358091595 -12.464660644920109 -1.3095748142223596 36.761210672342166 1.9368894135156218 -36.174340932713534 11.185284578204614 -9.0442467104286877 -2.3521824454854898 -21.056027926308616 -2.8140118011420512
leaf_weight=45 40 5275 47 4393 52 47 42 2653 53 259 74 1075 40 53 46 40 387 56 40 527 50 198 8149 60 91 2629 349 49 48 40 41 44 74 420 120 3550 713 56 47 40 118 349 895 81 579 190 193 43 66 57 467 2036 49 105 55 152 46 65 60 3083 87 562
leaf_count=45 40 5275 47 4393 52 47 42 2653 53 259 74 1075 40 53 46 40 387 56 40 527 50 198 8149 60 91 2629 349 49 48 40 41 44 74 420 120 3550 713 56 47 40 118 349 895 81 579 190 193 43 66 57 467 2036 49 105 55 152 46 65 60 3083 87 562
internal_value=-0.00190577 2.34766 -1.73053 -1.56214 5.22596 10.3849 -29.2177 3.2096 -21.8315 -0.507798 8.8748 9.9482 -10.0846 9.02678 15.0522 87.5819 4.68491 -45.1593 5.34574 -5.23861 -6.33147 0.583477 -0.311035 -3.14033 12.407 -3.91841 -4.33208 7.25776 5.31711 7.49716 10.5843 3.65868 7.85409 12.5484 24.3755 0.0713654 2.57158 6.34466 -7.82497 -9.01533 2.78595 6.15402 3.59563 -0.404134 1.23514 0.646019 -7.58945 9.01692 5.68971 0.287787 2.74917 3.17503 -0.219845 -0.427006 7.5827 11.1958 -11.1183 22.9181 -20.8292 -0.237088 0.504093 -5.26084
internal_weight=41350 17527 23823 23678 7740 2175 145 5565 98 18401 2128 2014 114 1962 744 93 651 98 1218 5277 4443 834 18142 3169 151 3018 2978 605 556 508 428 5467 1125 584 164 9787 4342 1178 103 80 541 423 3629 976 6237 5658 383 307 264 14973 2560 2503 12413 12092 321 272 211 120 106 11881 8798 649
internal_count=41350 17527 23823 23678 7740 2175 145 5565 98 18401 2128 2014 114 1962 744 93 651 98 1218 5277 4443 834 18142 3169 151 3018 2978 605 556 508 428 5467 1125 584 164 9787 4342 1178 103 80 541 423 3629 976 6237 5658 383 307 264 14973 2560 2503 12413 12092 321 272 211 120 106 11881 8798 649
is_linear=0
shrinkage=0.1


Tree=31
num_leaves=63
num_cat=0
split_feature=25 35 4 18 28 24 28 30 35 16 30 35 28 35 28 28 35 28 25 25 26 18 0 28 28 31 21 30 29 28 30 35 30 30 24 28 28 18 4 28 22 21 22 30 7 5 11 0 29 25 34 22 25 25 21 18 30 4 0 30 30 30
split_gain=1.44863e+07 1.736e+07 1.28683e+07 9.82254e+06 8.17108e+06 6.30977e+06 5.66523e+06 1.7055e+07 1.78643e+07 1.2679e+07 5.6151e+06 2.55792e+07 9.39726e+06 5.89047e+06 4.95941e+06 4.93478e+06 4.86811e+06 4.68866e+06 4.18487e+06 4.44908e+06 3.94968e+06 3.87187e+06 3.73633e+06 3.46883e+06 6.8353e+06 3.83424e+06 2.92511e+06 2.81093e+06 4.15573e+06 3.62007e+06 7.0363e+06 3.46358e+06 2.60304e+06 2.93897e+06 3.28081e+06 2.86038e+06 2.58482e+06 2.56658e+06 4.90897e+06 9.86602e+06 2.7642e+06 2.70493e+06 2.55811e+06 2.34606e+06 2.21131e+06 2.90011e+06 2.14367e+06 2.36779e+06 1.79662e+06 1.77487e+06 2.6537e+06 1.66664e+06 1.61861e+06 1.57388e+06 1.81472e+06 2.85273e+06 2.67829e+06 1.63352e+06 1.52633e+06 1.53605e+06 2.0824e+07 2.32353e+06
threshold=1207.6785714285716 110465.84000000001 13.500000000000002 1.0000000180025095e-35 27425.000000000004 1236.6071428571429 38125.000000000007 4905.0000000000009 1.0000000180025095e-35 115.00000000000001 14455.000000000002 11016.500000000002 48325.000000000007 34673.24500000001 37755.000000000007 54560.000000000007 96433.185000000012 5465.0000000000009 624.94035714285724 823.29053571428574 2372.0800000000004 4365.0000000000009 15.500000000000002 41575.000000000007 42325.000000000007 3.5000000000000004 3102.5000000000005 11700.000000000002 29885.000000000004 34455.000000000007 26290.435000000001 7095.2850000000008 17060.000000000004 19265.000000000004 1461.1592857142859 44295.000000000007 38815.000000000007 1.0000000180025095e-35 29.500000000000004 4865.0000000000009 -1145.6764285714282 942.50000000000011 -1840.618214285714 4275.0000000000009 180.10000000000002 363.61500000000007 222.83500000000001 30.500000000000004 19075.000000000004 -63.178750000000001 1.0000000180025095e-35 3512.4357142857148 -392.85696428571424 -58.684464285714235 2304.6428571428573 1956.4285714285718 25350.000000000004 5.5000000000000009 15.500000000000002 1835.0000000000002 1665.0000000000002 1185.0000000000002
decision_type=2 2 2 2 2 2 2 2 2 2 2 2 2 2 2 2 2 2 2 2 2 2 2 2 2 2 2 2 2 2 2 2 2 2 2 2 2 2 2 2 2 2 2 2 2 2 2 2 2 2 2 2 2 2 2 2 2 2 2 2 2 2
left_child=2 17 3 6 21 -3 14 -8 -9 -10 11 -11 23 15 18 32 -15 20 27 -20 22 37 -2 25 -25 36 42 28 46 30 -29 -31 35 -34 -35 -12 -13 38 40 -40 -4 -42 -6 -39 48 -46 47 -1 -44 50 -48 -19 -36 54 55 -5 -57 -56 -51 60 61 -60
right_child=1 5 4 53 26 -7 7 8 9 10 13 12 -14 16 -16 -17 -18 51 19 -21 -22 -23 -24 24 -26 -27 -28 29 -30 31 -32 -33 33 34 52 -37 -38 43 39 -41 41 -43 44 -45 45 -47 49 -49 -50 58 -52 -53 -54 -55 57 56 -58 -59 59 -61 -62 -63
leaf_value=2.2855071240388507 -2.1405630338205222 -34.741654261525262 21.332061587235177 2.4198151836419584 17.336227599974361 -85.850079821494845 71.973150963842812 66.163737856711947 -40.549192841241414 91.557729493860208 -17.299438834758362 -14.748670405237414 48.689044267465562 -26.634648911136384 -30.562539982200384 41.302458667174335 5.501723160534147 -37.166702902032903 -35.279302351394641 0.81082128242013995 -18.88308303778577 -12.974542456341434 38.59610540768945 -41.080596245659734 4.3559899414749372 35.428844053600358 -24.093119030540041 -3.9399995241148824 20.569844490367331 -36.116752452666468 36.028539377748679 0.5437960319640659 26.426231431578653 -20.95950379796885 22.892572941576447 14.034747055683722 12.322562196156428 -0.40822189709202023 45.219333996496729 -4.9128949244167872 -2.8427012464660297 -11.685787804609292 -5.1204670209493681 2.5356029877694208 -4.7651969402666658 11.034323738023531 33.952539667728608 -16.369781091899458 -11.383904455073591 -11.272572585901857 8.79918802847736 -9.3098886723467356 0.85413658769489753 -0.55850656588001757 4.3237725414446926 38.557342184157605 5.1134728232100537 -14.492244142866406 7.8750917369973283 3.6431190807303704 76.448326729343606 -5.1245096537904109
leaf_weight=1604 45 59 44 2128 51 41 44 52 55 41 86 44 56 109 42 41 83 44 55 90 42 244 45 40 191 60 81 321 165 57 51 47 81 42 62 44 177 11962 63 104 2939 392 3146 3499 315 184 45 71 536 58 610 42 72 7421 77 43 54 115 641 2098 43 175
leaf_count=1604 45 59 44 2128 51 41 44 52 55 41 86 44 56 109 42 41 83 44 55 90 42 244 45 40 191 60 81 321 165 57 51 47 81 42 62 44 177 11962 63 104 2939 392 3146 3499 315 184 45 71 536 58 610 42 72 7421 77 43 54 115 641 2098 43 175
internal_value=0.0173297 -21.2421 0.182443 2.2457 -1.34057 -55.7286 4.95802 10.7503 8.73138 6.40297 8.50573 15.3254 9.81514 1.80634 3.66305 8.33457 -12.7445 -5.41342 3.89776 -12.8859 6.42392 -0.458984 18.2378 5.55896 -3.51898 13.0209 -5.27463 4.30442 4.94134 -3.06806 1.54365 -19.5567 4.83695 10.6692 3.41197 -6.69267 6.93067 -0.29825 -2.7263 14.0071 -3.55449 -3.88354 -4.91416 0.258005 -5.18578 1.06119 4.4587 1.49428 -6.0324 5.81163 10.5297 -23.5756 11.0558 0.163333 2.37959 3.18455 19.9514 -6.94705 4.78647 5.10165 8.6635 5.08704
internal_weight=41269 318 40951 17391 23560 100 7553 1380 1336 1284 1229 609 568 620 6173 428 192 218 6131 145 132 19247 90 512 231 281 4313 5986 5510 476 372 104 387 257 176 130 221 19003 3542 167 3375 3331 4232 15461 4181 499 5345 1675 3682 3670 655 86 134 9838 2417 2225 97 192 3015 2957 859 816
internal_count=41269 318 40951 17391 23560 100 7553 1380 1336 1284 1229 609 568 620 6173 428 192 218 6131 145 132 19247 90 512 231 281 4313 5986 5510 476 372 104 387 257 176 130 221 19003 3542 167 3375 3331 4232 15461 4181 499 5345 1675 3682 3670 655 86 134 9838 2417 2225 97 192 3015 2957 859 816
is_linear=0
shrinkage=0.1


Tree=32
num_leaves=63
num_cat=0
split_feature=25 35 4 28 22 17 25 24 0 13 13 26 33 20 28 2 34 19 33 28 33 35 22 25 19 28 28 28 26 33 28 28 16 25 7 8 11 4 25 15 33 1 22 29 35 28 35 24 28 24 33 26 26 25 33 28 28 35 35 28 20 24
split_gain=1.14957e+07 1.14303e+07 1.1281e+07 6.64272e+06 5.85067e+06 4.74148e+06 4.61679e+06 4.13025e+06 3.65935e+06 1.27005e+07 3.76537e+06 3.45381e+06 5.27596e+06 4.75839e+06 5.06311e+06 6.79354e+06 3.40773e+06 8.09344e+06 3.31875e+06 3.86014e+06 3.02494e+06 2.42805e+06 2.20182e+06 2.15061e+06 1.95947e+06 3.90972e+06 2.62686e+07 3.73179e+06 2.71633e+06 2.55562e+06 2.35531e+06 1.99569e+06 1.88401e+06 1.78412e+06 1.78183e+06 1.95188e+06 1.75879e+06 1.73306e+06 4.49738e+06 2.10096e+06 3.55496e+06 1.71326e+06 1.77272e+06 1.6597e+06 2.18021e+06 1.56718e+06 4.48763e+06 1.16472e+07 4.62527e+06 2.98189e+06 4.04484e+06 2.72112e+06 4.29805e+06 2.50958e+06 2.44002e+06 2.31724e+06 3.63632e+06 1.93606e+06 1.90533e+06 2.80453e+06 2.76707e+06 2.02626e+06
threshold=1207.6785714285716 110465.84000000001 13.500000000000002 29355.000000000004 -862.2032142857139 -529.9999999999992 2111.1917857142857 634.01410714285726 28.500000000000004 103.67500000000001 5125.0000000000009 3395.0000000000005 1429.464285714286 -534.18999999999983 33475.000000000007 1.0000000180025095e-35 16.500000000000004 1024.5835714285715 390.1785714285715 32345.000000000004 2123.3928571428573 0.20000000000000004 -1058.5242857142855 675.68732142857152 786.42857142857144 21195.000000000004 20615.000000000004 19625.000000000004 1954.2850000000001 15.178571428571431 24305.000000000004 23065.000000000004 5871.666666666667 823.29053571428574 135.00000000000003 135.00000000000003 360.38000000000005 29.500000000000004 -469.73107142857151 1.0000000180025095e-35 714.46428571428589 1.5000000000000002 357.39964285714296 25175.000000000004 10523.220000000003 38125.000000000007 18321.685000000001 1385.5312500000002 40525.000000000007 1404.3982142857146 484.82142857142861 2794.4400000000005 4365.0000000000009 203.02089285714285 930.17857142857156 40525.000000000007 44295.000000000007 42667.910000000011 24443.430000000004 33135.000000000007 -1129.4099999999999 1094.7562500000001
decision_type=2 2 2 2 2 2 2 2 2 2 2 2 2 2 2 2 2 2 2 2 2 2 2 2 2 2 2 2 2 2 2 2 2 2 2 2 2 2 2 2 2 2 2 2 2 2 2 2 2 2 2 2 2 2 2 2 2 2 2 2 2 2
left_child=2 6 4 20 8 -3 7 -2 16 -10 18 12 13 14 24 -16 21 -18 19 -11 37 -1 36 -15 25 26 27 28 -6 -26 31 -27 34 -25 -5 -36 -20 39 -39 40 -4 -42 -43 44 -32 54 47 48 -47 50 51 -48 -53 -51 58 -52 -57 -55 59 -23 61 -60
right_child=1 5 3 32 11 -7 -8 -9 9 10 -12 -13 -14 23 15 -17 17 -19 22 -21 -22 45 -24 33 29 30 -28 -29 -30 -31 43 -33 -34 -35 35 -37 -38 38 -40 -41 41 42 -44 -45 -46 46 49 -49 -50 53 55 52 -54 57 -56 56 -58 -59 60 -61 -62 -63
leaf_value=-9.1942150449289866 0.50183520250509639 -65.973132371179346 -1.5000908816159493 -5.686490405759506 20.607830799609658 -22.352214244203225 11.955527650371906 -33.632105140505736 64.71550121415622 6.3748113667880864 37.731710437531994 -1.4055234703439432 32.766973423045947 1.2023958484694681 10.663489810013761 59.128885237104868 -3.0502723226448372 55.698818686912809 -23.026154967162949 33.305845229494508 -26.404246192026093 4.4005113503559272 19.373947867966123 -27.735222313051906 -17.2075517618178 2.6242620086903217 86.51272916990564 -8.3354428098223163 -1.1378250928119571 2.9520592176214722 32.709080992058922 -13.357211872697235 -21.924989536005295 -0.73389977913762172 -3.9702903676610184 10.414188951534932 -0.62942264607834841 28.872741371388955 1.4933905614361982 0.1783841379151441 0.7568883345652867 -28.928235766767006 -10.520373257748252 -7.4614267991377519 8.3229563604449339 25.642970679186732 -11.666959519194933 4.8283022599194476 72.893618324452163 4.6322560612235177 2.4720993717466393 36.230574699826938 -0.68791398602973519 39.809012167405577 -18.774628692612577 -47.286531580359139 -8.0578818426211605 9.9501110360572138 -17.46924282745476 -7.1485083865982695 23.078307893421226 14.14635797644649
leaf_weight=139 68 56 6802 3122 169 45 87 74 44 163 42 3625 56 8680 98 41 53 42 43 79 45 853 45 47 71 235 46 117 87 547 44 117 66 51 254 150 189 70 418 12354 75 78 159 50 219 41 61 194 42 247 44 52 80 42 53 42 54 45 40 279 106 41
leaf_count=139 68 56 6802 3122 169 45 87 74 44 163 42 3625 56 8680 98 41 53 42 43 79 45 853 45 47 71 235 46 117 87 547 44 117 66 51 254 150 189 70 418 12354 75 78 159 50 219 41 61 194 42 247 44 52 80 42 53 42 54 45 40 279 106 41
internal_value=0.0445506 -18.5437 0.194011 -1.23191 2.12135 -46.5588 -6.18017 -17.2918 6.01905 13.0107 8.94999 1.26139 2.16702 2.00549 6.62774 24.9752 4.36002 22.9386 6.61741 15.1714 -0.520817 3.64064 -0.857145 1.03604 5.12863 7.69047 15.2558 6.45767 13.2189 0.634775 2.92295 -2.68889 -5.19137 -13.6911 -4.87784 1.3711 -4.78463 -0.462385 5.42332 -0.609935 -1.9789 -12.4157 -16.5835 9.23346 12.4082 4.41114 7.54708 18.2449 49.5825 3.1033 -3.59276 5.79361 13.8639 9.77887 2.25326 -16.53 -25.2361 24.3794 3.09889 1.55387 12.4486 -1.46737
internal_weight=41378 330 41048 23593 17455 101 229 142 3155 605 561 14300 10675 10619 1841 139 2550 95 519 242 20001 2455 277 8778 1702 1084 419 373 256 618 665 352 3592 98 3526 404 232 19956 488 19468 7114 312 237 313 263 2316 944 277 83 667 333 193 132 334 1372 140 96 87 1319 1132 187 81
internal_count=41378 330 41048 23593 17455 101 229 142 3155 605 561 14300 10675 10619 1841 139 2550 95 519 242 20001 2455 277 8778 1702 1084 419 373 256 618 665 352 3592 98 3526 404 232 19956 488 19468 7114 312 237 313 263 2316 944 277 83 667 333 193 132 334 1372 140 96 87 1319 1132 187 81
is_linear=0
shrinkage=0.1


Tree=33
num_leaves=63
num_cat=0
split_feature=23 35 0 35 18 23 23 23 21 33 23 18 33 21 23 23 23 34 0 23 26 24 20 35 26 25 23 23 7 26 35 31 23 21 5 35 24 29 26 19 25 23 23 10 24 25 1 18 23 33 32 26 8 5 23 0 35 34 32 25 19 33
split_gain=9.40596e+06 1.6221e+07 7.23703e+06 5.01985e+06 4.52128e+06 4.65621e+06 3.14064e+07 4.79976e+06 5.36528e+06 5.4005e+06 4.4804e+06 4.17441e+06 3.82722e+06 3.80478e+06 3.53386e+06 3.38448e+06 3.2428e+06 2.96491e+06 2.82688e+06 2.77083e+06 2.99682e+06 2.70014e+06 2.6548e+06 2.75231e+06 3.74852e+06 2.71271e+06 2.42295e+06 2.33007e+06 2.22527e+06 2.10874e+06 7.90303e+06 3.21537e+06 2.61136e+06 3.24751e+06 2.52197e+06 3.13362e+06 2.48635e+06 2.03762e+06 1.98089e+06 2.57525e+06 1.96697e+06 2.21217e+06 1.7251e+06 1.71176e+06 1.79529e+06 2.82842e+06 2.54003e+06 1.66719e+06 3.03706e+06 1.75866e+06 1.6417e+06 1.6509e+06 1.62919e+06 2.05012e+06 2.01675e+06 1.671e+06 1.6082e+06 1.59378e+06 2.36266e+06 1.89248e+06 2.07671e+06 1.56611e+06
threshold=2666.9642857142862 110465.84000000001 15.500000000000002 33146.460000000006 1.0000000180025095e-35 1497.6785714285718 1514.8214285714287 1461.964285714286 1862.5000000000002 1295.0458928571431 3657.8571428571436 1.0000000180025095e-35 1877.3214285714287 2743.2142857142858 2011.2500000000002 2153.7500000000005 1706.2500000000002 1.0000000180025095e-35 16.500000000000004 1740.5357142857144 13805.000000000002 2347.3214285714289 403.08428571428573 22607.355000000007 1055.0000000000002 -18.719999999999999 289.10714285714295 1107.6785714285718 -618.59999999999991 275.00000000000006 16527.400000000005 2.5000000000000004 1.0000000180025095e-35 496.52464285714296 -19.999999999999993 26977.480000000003 637.87071428571437 15322.270000000002 4025.0000000000005 1140.3478571428575 -58.684464285714235 2288.0357142857147 828.39285714285722 1205.0000000000002 1404.3982142857146 1207.6785714285716 4.5000000000000009 1956.4285714285718 1770.8928571428576 1180.1785714285718 1284.2857142857144 3825.0000000000005 260.20000000000005 745.00000000000011 1833.7500000000002 13.500000000000002 22607.355000000007 20.500000000000004 237.85714285714289 207.34875000000005 1824.5314285714287 208.68446428571431
decision_type=2 2 2 2 2 2 2 2 2 2 2 2 2 2 2 2 2 2 2 2 2 2 2 2 2 2 2 2 2 2 2 2 2 2 2 2 2 2 2 2 2 2 2 2 2 2 2 2 2 2 2 2 2 2 2 2 2 2 2 2 2 2
left_child=2 10 3 11 5 7 -7 8 29 -10 18 16 17 42 19 56 26 28 -2 20 22 43 23 25 -25 -13 -1 -24 -8 30 31 37 33 -31 35 36 -35 -4 39 -29 41 47 -5 44 45 -19 50 48 -6 -49 51 -46 54 -54 -44 -56 -16 58 -42 -60 -61 -27
right_child=1 -3 4 13 40 6 12 -9 9 -11 -12 14 -14 -15 15 -17 -18 21 -20 -21 -22 -23 27 24 -26 61 -28 38 -30 32 -32 -33 -34 34 -36 -37 -38 -39 -40 -41 57 -43 52 -45 46 -47 -48 49 -50 -51 -52 -53 53 -55 55 -57 -58 -59 59 60 -62 -63
leaf_value=1.5848615025359569 -22.804297417296141 -56.663792481926102 -0.23061695051722153 1.5536536708123874 3.1405066312480665 74.430222996909819 35.178178682236066 -21.539642838949405 39.915645588163741 0.26741728555954436 24.751915171090829 2.9541522945719083 33.394913156944561 -27.403131710266923 12.264053433735546 2.7415473695774573 -31.669011260567238 -5.1510015417530894 5.4033742569566865 -8.0361917228867945 -23.485980040525966 -24.004297103603058 -3.0461531583615158 35.920142843026156 5.8679634102584011 1.1027113939025561 -4.4163000196254174 2.5012933262484811 4.068862316108306 30.139467742134464 -45.25951748660944 25.418997511309733 2.3343254743247157 29.80312267772754 -17.175212495829388 35.441815035054454 4.035594982660399 -20.149886411518846 -7.0747537071059998 23.495719144540772 1.616561549430735 -14.436563923196324 -5.0113213307308238 -7.5044845170498071 2.5076881548712686 23.411657752014982 28.468068173081043 29.532695576008191 -15.781305987018541 6.2208195624248752 -8.7164146515339436 25.334744945749659 -3.9207003363192778 11.831215544349755 -10.833935859981473 -32.653608898762229 31.68290958845644 -4.9470248162341974 -0.87832635730274333 -10.543551115487245 2.0536866447518163 -2.420692330283408
leaf_weight=868 87 79 613 453 2317 70 47 82 77 62 45 3857 44 72 128 424 40 223 60 417 53 41 3299 48 305 2663 2991 1001 45 66 41 46 5760 41 41 40 427 56 202 62 3841 74 2102 137 81 41 63 46 88 109 58 52 270 119 243 41 64 746 2862 453 184 2397
leaf_count=868 87 79 613 453 2317 70 47 82 77 62 45 3857 44 72 128 424 40 223 60 417 53 41 3299 48 305 2663 2991 1001 45 66 41 46 5760 41 41 40 427 56 202 62 3841 74 2102 137 81 41 63 46 88 109 58 52 270 119 243 41 64 746 2862 453 184 2397
internal_value=0.0289184 -18.5384 0.151389 -1.07773 1.58423 3.34343 10.1241 2.51146 2.78289 22.2373 -2.84071 -0.446878 4.70956 -4.67522 0.314487 7.73032 -3.3603 3.10582 -11.293 -0.00490059 0.236291 0.875069 0.32726 1.29928 9.9589 0.956411 -3.06646 -1.64701 19.9722 2.40352 -2.58997 -0.14018 2.99571 9.1894 6.66829 8.59418 6.29596 -1.89939 2.0018 3.72686 0.229707 2.60303 -4.16786 2.43412 5.06316 -0.711522 11.0642 3.09585 2.44783 13.1465 5.31763 11.4388 -5.10187 0.898898 -6.08021 -13.9892 18.7436 -0.543408 -0.0958154 -1.97556 -6.90491 -0.566386
internal_weight=41364 271 41093 22119 18974 8254 902 7352 7270 139 192 18819 832 3300 14920 616 3899 788 147 14304 13887 696 13834 9270 353 8917 3859 4564 92 7131 756 715 6375 615 549 508 468 669 1265 1063 10720 2634 3228 655 518 264 254 2560 2405 155 191 133 2775 389 2386 284 192 8086 7340 3499 637 5060
internal_count=41364 271 41093 22119 18974 8254 902 7352 7270 139 192 18819 832 3300 14920 616 3899 788 147 14304 13887 696 13834 9270 353 8917 3859 4564 92 7131 756 715 6375 615 549 508 468 669 1265 1063 10720 2634 3228 655 518 264 254 2560 2405 155 191 133 2775 389 2386 284 192 8086 7340 3499 637 5060
is_linear=0
shrinkage=0.1


Tree=34
num_leaves=63
num_cat=0
split_feature=25 35 4 25 35 34 16 35 28 24 35 21 0 22 29 18 18 28 28 16 28 21 30 25 4 28 25 33 25 1 18 33 28 32 9 28 29 18 25 33 24 24 25 9 11 24 33 28 22 17 24 22 25 25 25 25 17 22 33 25 30 5
split_gain=7.41485e+06 1.01313e+07 6.54326e+06 6.30794e+06 9.96068e+06 1.60836e+07 6.98739e+06 7.00711e+06 5.39067e+06 4.77618e+06 4.27059e+06 3.27894e+06 3.18341e+06 1.07497e+07 4.84083e+06 2.75591e+06 2.3893e+06 2.87935e+06 3.675e+07 3.77268e+07 1.26081e+07 4.42308e+06 5.25207e+06 3.79557e+06 3.62754e+06 5.08076e+06 3.2982e+06 3.42812e+06 2.99712e+06 2.80579e+06 2.13734e+06 3.53989e+06 2.10147e+06 3.55899e+06 1.99206e+06 2.71873e+06 1.85588e+06 1.79904e+06 1.77199e+06 2.16964e+06 7.68216e+06 1.77181e+06 1.76535e+06 1.69727e+06 2.85666e+06 1.68292e+06 1.62657e+06 1.5204e+06 6.11494e+06 1.48615e+06 1.44942e+06 1.4356e+06 1.34792e+06 1.31062e+06 1.30384e+06 1.37234e+06 1.26072e+06 1.60778e+06 1.59912e+06 1.43666e+06 1.27353e+06 1.25082e+06
threshold=952.44446428571439 110465.84000000001 14.500000000000002 -425.61160714285705 1.0000000180025095e-35 9.5000000000000018 74.27833333333335 11117.260000000002 33135.000000000007 1193.9089285714288 110465.84000000001 2743.2142857142858 15.500000000000002 2226.7857142857151 15443.135000000002 7662.857142857144 1.0000000180025095e-35 40860.000000000007 41980.000000000007 1291.6666666666667 42325.000000000007 1833.9285714285718 22075.000000000004 587.27803571428592 13.500000000000002 5805.0000000000009 624.94035714285724 930.17857142857156 823.29053571428574 1.5000000000000002 1.0000000180025095e-35 994.64285714285722 48925.000000000007 629.17428571428582 -649.43999999999994 47855.000000000007 2432.4650000000006 3345.7142857142858 -13.440714285714321 703.39285714285722 1562.3214285714287 511.48107142857151 2111.1917857142857 -1202.7649999999996 570.63000000000011 634.01410714285726 630.72125000000005 4055.0000000000005 -202.14285714285708 -563.33166666666659 1549.1071428571429 45.00821428571431 -1249.4976785714282 -65.547142857142831 476.79500000000013 385.83892857142865 233.33333333333346 614.20642857142855 606.607142857143 142.62857142857146 20015.000000000004 -727.30999999999983
decision_type=2 2 2 2 2 2 2 2 2 2 2 2 2 2 2 2 2 2 2 2 2 2 2 2 2 2 2 2 2 2 2 2 2 2 2 2 2 2 2 2 2 2 2 2 2 2 2 2 2 2 2 2 2 2 2 2 2 2 2 2 2 2
left_child=2 12 3 4 5 -1 7 -6 15 -3 34 -10 13 -2 -14 30 17 21 19 -19 -20 22 23 24 54 29 27 32 -25 -26 31 36 46 -34 35 43 47 41 39 40 -18 -32 -15 -8 -45 -36 49 48 -4 -22 -48 -33 -47 -27 55 -5 59 -58 -59 -40 -60 -46
right_child=1 9 8 16 6 -7 10 -9 11 -11 -12 -13 14 42 -16 -17 38 18 20 -21 26 -23 -24 28 25 53 -28 -29 -30 -31 37 51 33 -35 45 -37 -38 -39 56 -41 -42 -43 -44 44 61 52 50 -49 -50 -51 -52 -53 -54 -55 -56 -57 57 58 60 -61 -62 -63
leaf_value=9.0054643233466347 -59.475660531738143 -22.595105081508315 44.107412855529908 2.9027147590788487 8.5700595041339316 84.985433037300425 1.6337337291642056 -48.9287720217689 -4.793525805065733 -66.461292548417759 39.62575583789004 -23.389922338215651 24.752699715088223 -8.1969121691147588 -9.7630386473800286 -26.06530878563699 2.3387657341892796 4.7821723050671325 -49.364871265594147 122.46630372416851 -8.751036478802952 34.481121402884519 -31.04610606863351 -30.340071361052082 31.715997824634862 -22.487122032080531 27.390900639727302 -13.921926746821217 1.3709756246596225 -1.94486986021181 -1.7242270626223009 -34.636220903908573 37.910931903066853 0.60131178576429445 22.487037930625512 36.182369883910575 -3.2231758023568897 -3.2820577993393893 -1.066577535360379 -2.7372523670396132 37.898230436557157 0.98579498519908371 13.931623575908572 38.137457158481638 20.221931374058148 -13.57441205324421 25.081537407345728 -1.0970931390321703 2.2835784055345427 9.6666356438502596 2.5896824449900082 -11.744537588181956 3.0491898527463985 -7.8864059576169296 19.279282984103428 -11.818362780533016 -0.26460382815069444 0.85682127280017706 23.200289441804564 -5.8194868504091311 6.0360352471708829 -3.4917003859768623
leaf_weight=79 40 63 40 5616 40 43 144 45 2220 41 41 99 74 136 90 42 2909 56 49 53 162 41 49 65 49 74 52 120 55 50 3061 40 47 56 40 43 2855 1451 2798 817 62 11387 49 44 40 55 44 555 275 60 82 87 428 363 48 64 2751 218 78 823 97 50
leaf_count=79 40 63 40 5616 40 43 144 45 2220 41 41 99 74 136 90 42 2909 56 49 53 162 41 49 65 49 74 52 120 55 50 3061 40 47 56 40 43 2855 1451 2798 817 62 11387 49 44 40 55 44 555 275 60 82 87 428 363 48 64 2751 218 78 823 97 50
internal_value=-0.00518814 -12.1954 0.141363 1.50759 8.88492 35.8092 5.49689 -21.8813 -1.02641 -39.9122 8.12753 -5.58791 -4.78105 -12.5032 5.8139 -0.491958 1.05519 2.45218 8.18774 62.0347 -0.550322 1.76021 1.5514 1.80184 2.13938 -5.72709 3.29267 1.09587 -15.8113 14.7231 -0.437511 -2.55091 5.09285 17.6363 6.59514 12.7958 -1.99102 0.0745272 0.0947693 1.82645 3.08146 0.411637 -2.33363 9.17255 17.2703 2.78853 1.37827 2.05236 7.60071 -3.77221 10.4509 -18.9653 1.15501 -10.3611 2.87553 2.73674 -0.874877 0.590155 6.57275 -2.14691 13.6909 7.05301
internal_weight=41505 493 41012 18900 1092 122 970 85 22112 104 885 2319 389 225 164 19793 17808 7255 781 109 672 6474 6433 6384 6264 536 623 571 120 99 19751 3852 451 103 844 321 3725 15899 10553 3788 2971 14448 185 278 134 523 348 870 315 222 126 127 483 437 5728 5680 6765 3144 393 3621 175 90
internal_count=41505 493 41012 18900 1092 122 970 85 22112 104 885 2319 389 225 164 19793 17808 7255 781 109 672 6474 6433 6384 6264 536 623 571 120 99 19751 3852 451 103 844 321 3725 15899 10553 3788 2971 14448 185 278 134 523 348 870 315 222 126 127 483 437 5728 5680 6765 3144 393 3621 175 90
is_linear=0
shrinkage=0.1


Tree=35
num_leaves=63
num_cat=0
split_feature=4 23 35 18 9 0 18 21 18 23 8 29 19 30 21 29 0 11 33 24 23 32 23 22 19 23 18 30 35 35 24 4 33 22 24 0 23 35 33 25 33 4 35 19 25 32 19 33 30 31 23 29 33 23 23 4 1 24 21 24 24 24
split_gain=6.65945e+06 4.86821e+06 7.20246e+06 4.32546e+06 3.99971e+06 2.30626e+07 2.96483e+06 4.17541e+06 3.94699e+06 3.2345e+06 2.93408e+06 4.93396e+06 1.22979e+07 4.56296e+06 4.1838e+06 9.0185e+06 3.1461e+06 2.69796e+06 7.15582e+06 8.6384e+06 2.69693e+06 2.54375e+06 2.18372e+06 3.44987e+06 2.16731e+06 2.04759e+06 2.83745e+06 2.07849e+06 2.02467e+06 1.97761e+06 1.91062e+06 2.52554e+06 1.40843e+07 6.14696e+06 1.99082e+06 1.86415e+06 1.83873e+06 2.13099e+06 1.82367e+06 1.79848e+06 2.87439e+06 1.91305e+06 1.77526e+06 3.73554e+06 3.23656e+06 1.77826e+06 3.01345e+06 1.74044e+06 1.73398e+06 1.72199e+06 1.81409e+06 1.70253e+06 1.70031e+06 3.96724e+06 6.34736e+06 1.69954e+06 5.53399e+06 1.64952e+06 1.63792e+06 1.52284e+06 1.46835e+06 1.38774e+06
threshold=13.500000000000002 2666.9642857142862 110465.84000000001 1.0000000180025095e-35 11080.000000000002 15.500000000000002 4365.0000000000009 2743.2142857142858 1.0000000180025095e-35 255.53571428571431 -596.87499999999989 48160.000000000007 1.0000000180025095e-35 21725.000000000004 834.42857142857156 40732.455000000009 17.500000000000004 3149.3900000000008 543.39285714285722 1133.0291071428574 2037.5000000000002 294.41857142857151 2237.3214285714289 1091.1039285714289 875.00000000000011 1758.0357142857144 1873.5714285714287 2715.0000000000005 30501.650000000005 26373.060000000005 1107.6594642857146 14.500000000000002 729.82142857142867 -470.34214285714285 1461.1592857142859 26.500000000000004 432.32142857142861 5550.4850000000015 639.59375000000011 457.18857142857149 279.82142857142861 4.5000000000000009 2747.7900000000004 1.0000000180025095e-35 80.359642857142873 756.42857142857144 1292.9742857142858 887.69803571428577 8085.0000000000009 1.5000000000000002 1313.3928571428576 9460.9600000000009 75.906607142857155 289.10714285714295 312.32142857142861 29.500000000000004 4.5000000000000009 936.46553571428581 1641.0714285714287 1944.9091071428572 1306.1733928571432 2506.5369642857149
decision_type=2 2 2 2 2 2 2 2 2 2 2 2 2 2 2 2 2 2 2 2 2 2 2 2 2 2 2 2 2 2 2 2 2 2 2 2 2 2 2 2 2 2 2 2 2 2 2 2 2 2 2 2 2 2 2 2 2 2 2 2 2 2
left_child=3 6 24 4 5 -1 8 -8 9 55 16 13 -13 39 -15 -16 21 -18 19 -19 25 -7 28 -24 -3 27 59 -10 -22 -28 -11 32 -32 34 -33 -14 -29 -38 48 42 41 -41 -12 -44 52 46 -46 -30 49 51 -51 -39 53 -45 -55 -2 -57 -50 -54 -27 -59 -5
right_child=1 2 -4 61 -6 10 7 -9 20 30 11 12 35 14 15 -17 17 18 -20 -21 22 -23 23 -25 -26 26 29 36 47 -31 31 33 -34 -35 -36 -37 37 38 -40 40 -42 -43 43 44 45 -47 -48 -49 57 50 -52 -53 58 54 -56 56 -58 60 -60 -61 -62 -63
leaf_value=-61.479030552092354 0.23678600157965757 11.046989747390992 -53.098203938231975 0.18475750344709727 26.210619127424778 35.184980407363987 -4.2917284955311894 -34.850488642424381 -0.80242090631871299 -2.7852575977218117 -1.3696238191238495 62.192007105763494 14.479892703951045 -43.524876495110426 -37.039267504144377 28.852405917949426 4.5746371022064896 5.8311068243870059 -3.1426718697905325 70.346684788863826 14.815226329850375 5.1080118877321459 -2.7674335992085259 23.573450754986432 -18.062404699266011 -10.218148771885513 -3.1082717907188031 -14.567248075582981 -12.064965406720626 20.972368834535601 -18.025372995303382 -12.533166274008291 45.297159384988205 -6.2934319302595023 -38.66981300018697 -14.35199257774234 5.6792876014572702 0.33692033471676774 -2.9787478847676168 -13.870525252828669 -26.620863289961918 8.5664489199469624 -19.706662026965208 2.6826100512696325 0.54527856976109423 -12.442655684862519 25.770186415408855 12.863350959669482 26.814215939952589 -0.25867566363035999 -12.766685590074589 7.9149921351257433 4.3640675121894112 50.604207826149889 11.793636462969557 -0.44696281754029066 37.09977425422975 0.34936594722942482 21.79722462449087 -30.797733870975932 15.528903009080588 -12.286185012480608
leaf_weight=55 817 47 44 9794 75 66 1541 46 10264 3415 955 47 42 41 42 41 2304 41 82 42 311 49 387 57 56 219 151 68 62 44 97 45 55 1060 83 48 1167 681 955 62 55 98 68 226 1374 99 49 51 45 785 136 525 1404 56 170 131 56 167 56 43 103 90
leaf_count=55 817 47 44 9794 75 66 1541 46 10264 3415 955 47 42 41 42 41 2304 41 82 42 311 49 387 57 56 219 151 68 62 44 97 45 55 1060 83 48 1167 681 955 62 55 98 68 226 1374 99 49 51 45 785 136 525 1404 56 170 131 56 167 56 43 103 90
internal_value=-0.0250807 -1.11761 -19.2561 1.45277 3.23857 3.01086 -1.00443 -5.17856 -0.70304 -2.952 3.48312 2.05319 20.7618 1.51856 -17.4108 -4.49253 6.21285 5.4595 17.8103 38.5003 0.0954226 22.3774 5.51817 0.616429 -4.78051 -0.211176 -6.80408 -0.00888687 10.6504 2.32927 -4.04098 -7.24097 4.89471 -8.79383 -29.4897 -0.896488 1.74949 1.99275 0.726216 2.02115 -6.91097 -0.129464 2.4521 3.49429 3.954 0.513007 1.41476 -0.813375 2.17516 1.14959 -2.10628 3.63603 6.69303 12.0524 21.4195 2.2054 10.8039 9.09889 5.03346 -13.601 6.1419 0.0711397
internal_weight=41245 23714 147 17531 7647 7572 23567 1587 21980 5759 7517 4933 137 4796 124 83 2584 2469 165 83 16221 115 868 444 103 15353 457 14896 424 195 4755 1340 152 1188 128 90 4632 4564 3397 4672 215 160 4457 3502 3434 1522 1423 113 2442 2127 921 1206 1912 452 226 1004 187 315 1460 262 270 9884
internal_count=41245 23714 147 17531 7647 7572 23567 1587 21980 5759 7517 4933 137 4796 124 83 2584 2469 165 83 16221 115 868 444 103 15353 457 14896 424 195 4755 1340 152 1188 128 90 4632 4564 3397 4672 215 160 4457 3502 3434 1522 1423 113 2442 2127 921 1206 1912 452 226 1004 187 315 1460 262 270 9884
is_linear=0
shrinkage=0.1


Tree=36
num_leaves=63
num_cat=0
split_feature=25 35 17 4 25 35 16 29 16 33 23 35 23 22 30 30 15 23 21 4 22 35 23 13 9 30 30 22 15 5 23 2 4 22 25 5 0 35 24 25 33 23 23 32 21 21 35 20 25 23 30 23 24 33 7 33 23 30 22 33 26 25
split_gain=5.8194e+06 7.07241e+06 6.58724e+06 5.45259e+06 4.70224e+06 6.8998e+06 1.27243e+07 1.52018e+07 7.92494e+06 4.47129e+06 4.08597e+06 3.79811e+06 3.37734e+06 3.02031e+06 2.48142e+06 4.49869e+06 2.40427e+06 4.89356e+06 2.16697e+06 2.317e+06 2.10072e+06 4.4493e+06 5.40181e+06 2.08687e+06 4.62026e+06 2.72831e+06 2.08207e+06 2.03417e+06 1.72238e+06 1.5875e+06 1.5688e+06 2.33629e+06 2.66087e+06 1.49572e+06 1.43465e+06 2.79768e+06 3.00441e+06 1.64824e+06 2.26408e+06 1.85009e+06 1.63913e+06 2.91379e+06 2.48226e+06 1.53758e+06 1.43056e+06 2.9316e+06 2.1017e+06 1.8819e+06 1.97679e+06 1.41455e+06 1.0003e+07 3.08163e+06 2.25779e+06 3.15807e+06 1.46838e+06 1.43981e+06 1.41856e+06 3.81339e+06 2.77917e+06 1.65978e+06 2.42394e+06 1.62253e+06
threshold=1207.6785714285716 110465.84000000001 -563.33166666666659 14.500000000000002 -278.15678571428566 1.0000000180025095e-35 97.16166666666669 40732.455000000009 74.27833333333335 2123.3928571428573 3657.8571428571436 11117.260000000002 1770.8928571428576 1620.2642857142862 1935.0000000000002 2795.0000000000005 1.0000000180025095e-35 1570.1785714285718 814.35785714285737 12.500000000000002 -1696.8382142857138 10158.590000000002 1833.7500000000002 935.00000000000011 -649.43999999999994 14865.000000000002 11330.000000000002 654.3767857142858 2758.3333333333335 -758.68999999999994 1.0000000180025095e-35 1.0000000180025095e-35 29.500000000000004 673.50214285714299 526.83160714285725 -649.43999999999994 19.500000000000004 15424.285000000002 1881.2019642857147 83.628392857142842 330.05535714285719 742.32142857142867 753.39285714285722 820.71428571428589 569.31464285714299 834.42857142857156 9584.965000000002 -766.96428571428555 -1249.4976785714282 1497.6785714285718 4485.0000000000009 1448.0357142857144 1330.8928571428576 538.39285714285722 -436.86999999999995 674.32964285714297 1154.464285714286 3878.6250000000005 -1186.1992857142857 279.82142857142861 2255.0000000000005 130.36678571428567
decision_type=2 2 2 2 2 2 2 2 2 2 2 2 2 2 2 2 2 2 2 2 2 2 2 2 2 2 2 2 2 2 2 2 2 2 2 2 2 2 2 2 2 2 2 2 2 2 2 2 2 2 2 2 2 2 2 2 2 2 2 2 2 2
left_child=3 10 -3 4 5 6 7 -1 11 16 18 -7 14 20 -10 -16 17 26 19 -2 21 -6 -23 44 25 -25 30 -19 33 -24 31 -5 -33 -18 37 36 -36 38 39 40 41 -22 -43 -40 -17 -46 -47 48 -48 51 -51 55 -52 -54 -53 56 58 -58 -39 60 -59 -60
right_child=1 2 -4 9 13 8 -8 -9 12 -11 -12 -13 -14 -15 15 23 28 27 -20 -21 34 22 29 24 -26 -27 -28 -29 -30 -31 -32 32 -34 -35 35 -37 -38 49 43 -41 -42 42 -44 -45 45 46 47 -49 -50 50 52 54 53 -55 -56 -57 57 59 61 -61 -62 -63
leaf_value=6.7846909827573514 12.9154006620878 -61.249463654326632 -8.5130392707545273 0.25799373064846365 37.744262863473971 -6.657356207112203 -14.479491443042949 79.221626728321496 -6.6868860877858287 -27.985293799516711 22.092861056352632 -41.115514186084852 -7.1779724668959295 27.96984991916931 42.641184830520395 24.617115521728625 0.31164205197554506 -24.423593614698433 -26.238029802689251 -15.11402629835478 0.8336311896870614 -7.7054305804550784 11.299332322004716 54.142831978607425 5.7133836132716889 19.385914701229101 -9.6388744729321658 -8.3051938080388066 -2.7412731930660037 37.51183786798773 -1.5492226925168959 3.1398733982685787 32.199201188610672 7.8896431387062265 27.473538602080733 -9.7775838200229046 -5.1897100679844641 -23.203463111901769 -27.275573454633545 -1.7051210334635745 -0.81559913396932593 29.547373828341371 5.4058825275909896 -5.5038189824158543 -6.8470420512983061 3.3318636234917145 4.31034830716741 1.9957087296321934 28.842379117063832 51.941914544230023 -5.7773762123466659 -20.794851098520741 25.72124188615771 3.9554970170503903 -2.7217691265723194 -8.996062411955263 -9.840443284558738 35.722027752766436 3.8101569504504766 6.054550427163468 6.4590364995240996 -2.0689621247189924
leaf_weight=56 52 50 45 383 46 100 54 60 95 61 48 47 151 41 41 40 10556 92 60 68 4174 153 53 40 141 52 303 525 1934 41 7908 72 56 267 48 322 68 47 45 3192 2865 44 1289 116 157 312 46 68 115 44 219 87 71 1080 93 115 144 49 1142 823 67 797
leaf_count=56 52 50 45 383 46 100 54 60 95 61 48 47 151 41 41 40 10556 92 60 68 4174 153 53 40 141 52 303 525 1934 41 7908 72 56 267 48 322 68 47 45 3192 2865 44 1289 116 157 312 46 68 115 44 219 87 71 1080 93 115 144 49 1142 823 67 797
internal_value=-0.00147618 -13.3705 -36.2867 0.103844 1.35402 6.5847 25.6097 44.2701 4.28191 -0.959741 -3.81622 -17.6849 6.84938 0.877111 8.76302 10.2136 -0.885069 -2.10422 -10.7296 -2.96758 0.812575 9.20697 3.88575 8.84225 17.0922 34.5189 -1.49536 -10.7104 0.00743737 22.7464 -1.20221 4.16755 15.861 0.498625 0.667365 -4.981 8.33209 0.817291 0.179323 0.343311 1.12433 2.13356 6.20383 -11.5957 6.2366 5.18158 8.67265 15.9468 21.8368 2.38281 5.0367 1.26724 3.52841 5.29919 -11.4605 1.98694 2.39863 5.30994 0.810952 7.63373 18.8302 1.39363
internal_weight=41330 323 95 41007 18850 1575 170 116 1405 22157 228 147 1258 17275 1107 1012 22096 9339 180 120 17234 293 247 971 233 92 8722 617 12757 94 8419 511 128 10823 16941 438 116 16503 11725 11564 8372 5507 1333 161 738 698 541 229 161 4778 1414 3364 1370 1151 180 3184 3069 1083 1986 939 116 1939
internal_count=41330 323 95 41007 18850 1575 170 116 1405 22157 228 147 1258 17275 1107 1012 22096 9339 180 120 17234 293 247 971 233 92 8722 617 12757 94 8419 511 128 10823 16941 438 116 16503 11725 11564 8372 5507 1333 161 738 698 541 229 161 4778 1414 3364 1370 1151 180 3184 3069 1083 1986 939 116 1939
is_linear=0
shrinkage=0.1


Tree=37
num_leaves=63
num_cat=0
split_feature=23 35 35 25 23 21 28 4 22 33 34 35 28 35 31 16 28 25 30 29 13 35 28 34 17 25 0 30 21 23 23 23 35 23 16 29 30 10 6 18 4 28 23 30 23 23 23 22 35 33 5 0 33 35 23 28 33 18 4 30 23 23
split_gain=4.91554e+06 7.95931e+06 4.23484e+06 1.89611e+07 4.15217e+06 1.16328e+07 4.12177e+06 2.83531e+06 3.77322e+06 5.67231e+06 6.84749e+06 3.37975e+06 5.07982e+06 3.73814e+06 3.22337e+06 3.00067e+06 5.19411e+06 2.86024e+06 3.04589e+06 4.1727e+06 3.15811e+06 2.59786e+06 2.39139e+06 2.26922e+06 3.50988e+06 2.23157e+06 2.61707e+06 2.67375e+06 2.15452e+06 2.0926e+06 2.38661e+06 2.33663e+06 1.98107e+06 2.16037e+06 2.5782e+06 1.76259e+06 1.64724e+06 1.63386e+06 2.34108e+06 1.39255e+06 2.48353e+06 3.25996e+06 2.787e+06 2.06365e+07 3.99398e+06 2.44608e+06 1.34552e+06 1.65676e+06 1.34172e+06 3.44216e+06 1.64228e+06 1.39043e+06 1.33709e+06 2.466e+06 1.31703e+06 1.81467e+06 1.71873e+06 1.2995e+06 1.23563e+06 1.22724e+06 1.37626e+06 1.20154e+06
threshold=3657.8571428571436 161154.62500000003 1.0000000180025095e-35 -1097.8932142857141 525.53571428571433 985.82535714285723 34790.000000000007 14.500000000000002 -1696.8382142857138 528.03571428571433 9.5000000000000018 35298.930000000008 60820.000000000007 8109.5100000000011 3.5000000000000004 1.0000000180025095e-35 42325.000000000007 -162.97946428571427 17915.970000000005 38965.000000000007 322.02500000000003 33146.460000000006 30855.000000000004 1.0000000180025095e-35 -1698.0599999999997 526.83160714285725 15.500000000000002 4391.1650000000009 2743.2142857142858 2011.2500000000002 1740.5357142857144 2153.7500000000005 23937.610000000004 1833.7500000000002 551.66666666666686 44550.000000000007 20405.000000000004 95.000000000000014 -259.80499999999995 1.0000000180025095e-35 13.500000000000002 4055.0000000000005 1497.6785714285718 8873.1300000000028 1453.3928571428576 1728.3928571428576 326.96428571428578 -789.72892857142836 6012.8800000000001 72.678571428571445 -879.06999999999982 17.500000000000004 748.63285714285723 22607.355000000007 2259.8214285714289 43625.000000000007 994.64285714285722 1823.5714285714287 1.0000000180025095e-35 10665.000000000002 1623.3928571428576 289.10714285714295
decision_type=2 2 2 2 2 2 2 2 2 2 2 2 2 2 2 2 2 2 2 2 2 2 2 2 2 2 2 2 2 2 2 2 2 2 2 2 2 2 2 2 2 2 2 2 2 2 2 2 2 2 2 2 2 2 2 2 2 2 2 2 2 2
left_child=2 -2 3 -1 -5 -6 -7 8 9 -4 11 13 -13 35 -15 16 58 18 19 48 -20 29 -22 24 -19 39 -27 32 46 30 36 52 -28 34 -34 -11 -9 38 -26 40 42 -42 44 -44 61 59 -23 -48 51 -50 -51 -17 -31 -54 55 -24 -57 -29 -10 -45 -61 -25
right_child=1 -3 7 4 5 6 -8 21 15 10 -12 12 -14 14 -16 17 -18 23 20 -21 22 28 54 25 37 26 27 57 -30 31 -32 -33 33 -35 -36 -37 -38 -39 -40 -41 41 -43 43 45 -46 -47 47 -49 49 50 -52 -53 53 -55 -56 56 -58 -59 -60 60 -62 -63
leaf_value=74.765134861883013 3.6713693747941072 -48.186071131166614 39.56994436300419 -1.7132805780267804 50.488501521519254 13.646570907392826 -25.979577933693555 -0.34553213337707245 -16.418601976435493 5.2309271928547076 44.635979601758997 5.1916160298466014 -33.861897092885251 5.8334109632832867 32.367938432815833 13.920351242521491 -41.714668864047212 26.513621244423213 -28.007187416171924 35.405599264947895 -18.591553314493233 4.4397019060106038 -0.88264451994505555 -2.1013718934315984 31.770944960109581 -30.672146907629504 -10.305885316426689 -19.860043587082682 -18.401355643172476 -1.9612796123852299 -7.8881306841531371 1.2759522552789957 36.304831940273075 -4.3411167141887654 2.0694209046757046 -22.001130924366745 -15.602767922792697 2.0706612942948168 0.51982503935292768 -0.6731755124326082 13.403601878338131 -9.5824397925725897 72.095977181607935 -19.116225731047006 -21.709365461820781 19.263394120041042 -20.875046583271271 -3.2108010408805749 30.735720280821983 15.039500196131307 3.9038342900880716 -0.18796888764088948 11.094423372566261 39.915509813763535 -11.361674694657658 31.446094450532453 6.8335130078192963 -3.4701938786469335 -0.55542937554477756 7.3727248205176039 -15.056463227067121 2.5396211021618873
leaf_weight=40 64 55 55 418 64 61 46 17512 63 48 41 80 57 120 74 82 42 65 44 49 59 228 185 653 46 42 77 116 93 40 437 460 45 66 43 47 71 1583 50 8311 74 370 47 53 73 47 54 3018 63 171 587 470 115 40 54 41 92 83 222 75 43 3827
leaf_count=40 64 55 55 418 64 61 46 17512 63 48 41 80 57 120 74 82 42 65 44 49 59 228 185 653 46 42 77 116 93 40 437 460 45 66 43 47 71 1583 50 8311 74 370 47 53 73 47 54 3018 63 171 587 470 115 40 54 41 92 83 222 75 43 3827
internal_value=-0.0158894 -20.3065 0.0426959 8.18482 3.65726 16.7819 -3.3931 -0.0834473 0.828366 9.20938 5.62986 1.87094 -11.0633 8.00327 15.9606 0.585466 -8.90579 0.760977 4.42978 6.74562 -2.5031 -0.849283 0.103501 0.320169 3.72223 -0.102284 -6.86137 -4.53236 -3.39471 -0.386804 -0.588626 5.16523 2.78648 9.33392 19.5869 -8.24621 -0.407185 2.83913 15.5031 0.132787 1.40575 -5.75034 2.06527 12.0335 1.48496 -0.929263 -2.97152 -3.52164 5.72154 8.2847 6.4168 1.90889 14.3372 18.5426 3.07069 5.52289 14.4299 -13.0267 -4.06431 -6.48333 -0.803496 1.86314
internal_weight=41351 119 41232 629 589 171 107 40603 18535 522 467 426 137 289 194 18013 327 17686 1897 1422 475 22068 431 15789 1744 14045 472 430 3393 18675 18020 655 231 154 88 95 17583 1679 96 13573 5262 444 4818 265 4553 218 3300 3072 1373 821 758 552 195 155 372 318 133 199 285 171 118 4480
internal_count=41351 119 41232 629 589 171 107 40603 18535 522 467 426 137 289 194 18013 327 17686 1897 1422 475 22068 431 15789 1744 14045 472 430 3393 18675 18020 655 231 154 88 95 17583 1679 96 13573 5262 444 4818 265 4553 218 3300 3072 1373 821 758 552 195 155 372 318 133 199 285 171 118 4480
is_linear=0
shrinkage=0.1


Tree=38
num_leaves=63
num_cat=0
split_feature=25 34 22 4 22 4 30 28 28 35 25 35 35 30 25 35 30 30 13 14 31 30 25 35 13 34 20 23 28 16 22 23 23 18 26 20 24 25 0 18 35 17 2 25 23 28 30 1 20 23 19 4 18 35 24 20 28 28 23 35 35 35
split_gain=5.1036e+06 5.46252e+06 5.88395e+06 3.36144e+06 4.13398e+06 4.92391e+06 6.02787e+06 1.25555e+07 2.85883e+06 2.57804e+06 3.34489e+06 3.38553e+06 3.17038e+06 2.54733e+06 2.24847e+06 3.45399e+06 1.10366e+07 4.58694e+06 4.06551e+06 2.98871e+06 2.88301e+06 2.19009e+06 2.38875e+06 2.11773e+06 2.06725e+06 1.90423e+06 3.08424e+06 5.82185e+06 1.84231e+06 2.95461e+06 1.76503e+06 1.69904e+06 2.23175e+06 1.92211e+06 1.67516e+06 2.04725e+06 3.12214e+06 2.03085e+06 2.89255e+06 2.2398e+06 1.69417e+06 5.38976e+06 1.66264e+06 1.63365e+06 1.60024e+06 1.57565e+06 1.51329e+06 1.49393e+06 1.4812e+06 1.5468e+06 5.89189e+06 1.41958e+06 2.13872e+06 1.85941e+06 1.4723e+06 1.51855e+06 1.38469e+06 1.34143e+06 1.56027e+06 1.61825e+06 2.01736e+06 1.3049e+06
threshold=1207.6785714285716 17.500000000000004 886.83464285714297 14.500000000000002 -1696.8382142857138 13.500000000000002 14455.000000000002 41575.000000000007 62725.000000000007 35298.930000000008 -1249.4976785714282 11527.440000000001 62309.450000000004 31355.000000000004 -162.97946428571427 1.0000000180025095e-35 27265.000000000004 17915.970000000005 260.96000000000009 2005.0000000000002 4.5000000000000009 44715.000000000007 -207.97071428571425 33146.460000000006 705.00000000000011 1.0000000180025095e-35 -1155.2114285714285 1453.3928571428576 9435.0000000000018 157.01500000000001 -486.15107142857136 2011.2500000000002 2153.7500000000005 2082.1428571428573 3545.0000000000005 -1299.3328571428569 1057.3214285714287 327.12232142857141 21.500000000000004 2542.1428571428573 24958.645000000004 -1278.843333333333 1.0000000180025095e-35 145.33750000000001 2346.9642857142862 5875.0000000000009 2285.0000000000005 5.5000000000000009 -1529.3278571428571 1289.1071428571429 1670.6228571428574 13.500000000000002 765.00000000000011 5400.005000000001 646.09839285714304 -1359.6599999999999 23205.000000000004 31665.000000000004 2288.0357142857147 24443.430000000004 18321.685000000001 5089.4750000000013
decision_type=2 2 2 2 2 2 2 2 2 2 2 2 2 2 2 2 2 2 2 2 2 2 2 2 2 2 2 2 2 2 2 2 2 2 2 2 2 2 2 2 2 2 2 2 2 2 2 2 2 2 2 2 2 2 2 2 2 2 2 2 2 2
left_child=3 2 -2 4 5 6 7 -1 -4 10 -8 21 -11 23 15 16 -6 19 30 20 28 22 -12 31 -3 26 27 -16 42 -30 -19 56 33 -33 35 36 -27 39 -39 44 43 -42 61 -37 48 46 -25 -43 49 -36 -51 53 -53 -31 -55 -56 -5 -20 59 60 -59 -17
right_child=1 24 8 13 14 -7 9 -9 -10 12 11 -13 -14 -15 25 17 -18 18 57 -21 -22 -23 -24 45 -26 34 -28 -29 29 51 -32 32 -34 -35 37 40 -38 38 -40 -41 41 47 -44 -45 -46 -47 -48 -49 -50 50 -52 52 -54 54 55 -57 -58 58 -60 -61 -62 -63
leaf_value=-4.8280255274108823 -56.144618897432764 8.3368356618242832 -31.792237850955203 -0.093852103566128248 3.645573879938921 39.763612240121518 31.733470470353918 70.863786393512925 -0.30208199723164531 -28.17624135619397 13.737290094964321 15.423132469567134 3.0022830420475617 -20.200831982131152 0.74705158974450026 12.122908960289784 61.174221800207128 -38.809795395938998 -13.969167493468357 28.656688036410795 28.613838735554648 -26.734700161294796 -18.241201361347823 -4.9662426347131134 -16.741896646841173 -1.7352061011762758 2.4654510456792869 48.950581908254371 -12.288041433284766 -0.9492785899256424 -10.468759559338933 4.5644760064133623 0.95774110142137892 24.689705742224589 -2.763929823157885 0.77673894287286327 36.450408493118196 1.3069913444532013 -17.416627186570068 22.459212226248567 31.945481247300986 0.90283998825138179 -3.3827453779475314 -2.6045342208347333 -20.263827808219922 -2.2071519424230002 -18.52769015212349 13.486337980767303 -1.852576353681366 40.213484038506358 1.7506511513681418 -24.970174970885292 4.9631750635051812 23.50012707978248 18.677561053277916 4.6974889771867483 -2.5985759577997771 2.7920436295738131 -16.077301669344077 -12.207656436923511 26.753669564994045 33.259940344031449
leaf_weight=47 45 109 50 15558 148 49 46 41 68 55 56 111 80 67 62 96 43 45 73 53 48 43 40 283 47 46 1616 42 124 351 43 103 454 88 172 7708 40 147 188 40 67 744 46 1754 44 2890 116 108 3025 50 195 41 57 56 90 567 2572 244 48 57 41 42
leaf_count=47 45 109 50 15558 148 49 46 41 68 55 56 111 80 67 62 96 43 45 73 53 48 43 40 283 47 46 1616 42 124 351 43 103 454 88 172 7708 40 147 188 40 67 744 46 1754 44 2890 116 108 3025 50 195 41 57 56 90 567 2572 244 48 57 41 42
internal_value=-5.73478e-05 -12.5988 -25.3976 0.0978391 1.07618 9.47802 6.61513 30.4576 -13.6532 1.74407 6.9669 2.4044 -9.70577 -0.738951 0.816241 3.73107 16.6097 2.57151 -5.27873 5.32492 4.50938 -7.99363 0.410307 -0.679806 0.778088 0.396116 3.54003 20.2281 3.72135 2.38199 -24.9752 -0.269754 4.77354 13.8409 0.018694 0.675406 16.0363 -1.76161 -9.20161 -1.05462 0.548073 4.64709 13.0791 0.149931 -1.32475 -3.02051 -8.91076 2.49863 -1.08235 4.50453 9.60683 3.94793 -7.56626 5.00876 7.94168 6.61385 -0.449189 -1.53282 0.796488 3.16676 6.24326 18.5657
internal_weight=41379 319 163 41060 18929 568 519 88 118 431 296 250 135 22131 18361 2313 191 2122 551 1571 1518 139 96 22064 156 16048 1720 104 1470 1286 88 18775 645 191 14328 10467 86 3861 335 3526 10381 919 184 9462 3486 3289 399 852 3442 417 245 1162 98 1064 713 657 18130 463 390 342 285 138
internal_count=41379 319 163 41060 18929 568 519 88 118 431 296 250 135 22131 18361 2313 191 2122 551 1571 1518 139 96 22064 156 16048 1720 104 1470 1286 88 18775 645 191 14328 10467 86 3861 335 3526 10381 919 184 9462 3486 3289 399 852 3442 417 245 1162 98 1064 713 657 18130 463 390 342 285 138
is_linear=0
shrinkage=0.1


Tree=39
num_leaves=63
num_cat=0
split_feature=23 35 24 17 28 35 1 28 21 29 23 23 23 18 35 29 16 30 30 28 28 16 23 32 20 18 23 35 35 23 5 7 34 23 35 34 22 9 22 22 33 26 30 29 20 29 26 16 28 24 23 34 18 22 23 35 4 12 28 30 29 30
split_gain=3.30404e+06 4.45048e+06 9.88628e+06 7.59964e+06 3.83794e+06 2.65998e+06 2.31702e+06 5.51339e+06 2.11533e+06 1.95154e+06 1.79436e+06 3.20426e+06 3.95596e+06 3.13514e+06 3.03052e+06 2.98835e+06 4.8676e+06 3.7406e+06 2.77968e+06 2.41164e+06 3.113e+07 2.82081e+07 6.00099e+06 2.21101e+06 2.09173e+06 2.0178e+06 1.95124e+06 1.64142e+06 4.68432e+06 1.60561e+06 1.59283e+06 1.5309e+06 2.6354e+06 2.08262e+06 3.56871e+06 4.80088e+06 5.35861e+06 2.49829e+06 2.30752e+06 1.74752e+06 1.65146e+06 1.45994e+06 1.45802e+06 1.44378e+06 1.36854e+06 2.35962e+06 1.27643e+06 1.24245e+06 1.22017e+06 1.20185e+06 1.1808e+06 1.44764e+06 1.17634e+06 2.37018e+06 1.70923e+06 1.52118e+06 1.29358e+06 1.19495e+06 1.21753e+06 1.14227e+06 2.34595e+06 1.85995e+06
threshold=1.0000000180025095e-35 0.20000000000000004 991.08714285714302 -6.5716666666666574 4055.0000000000005 32643.635000000006 4.5000000000000009 48925.000000000007 3487.886428571429 17561.740000000002 2346.9642857142862 2011.2500000000002 1809.1071428571429 1873.5714285714287 18667.950000000001 39762.455000000009 165.00000000000003 16540.000000000004 21055.000000000004 41980.000000000007 41575.000000000007 970.22333333333347 1514.8214285714287 2023.5714285714287 -827.48071428571427 2796.428571428572 1912.3214285714287 6688.7750000000005 6012.8800000000001 1380.1785714285718 -669.43999999999994 781.84500000000014 14.500000000000002 2011.2500000000002 110465.84000000001 10.500000000000002 -582.22821428571422 -558.29499999999996 -2063.4671428571423 -1270.0753571428568 547.71089285714299 1645.0000000000002 9087.4350000000013 44550.000000000007 -277.14285714285705 3875.0000000000005 11515.000000000002 1238.3333333333337 43280.000000000007 2069.4642857142862 2237.3214285714289 9.5000000000000018 1843.5714285714287 563.50928571428574 784.82142857142867 9584.965000000002 19.500000000000004 431.00500000000005 23065.000000000004 16540.000000000004 31135.120000000003 19545.000000000004
decision_type=2 2 2 2 2 2 2 2 2 2 2 2 2 2 2 2 2 2 2 2 2 2 2 2 2 2 2 2 2 2 2 2 2 2 2 2 2 2 2 2 2 2 2 2 2 2 2 2 2 2 2 2 2 2 2 2 2 2 2 2 2 2
left_child=1 2 -1 4 -3 10 7 27 31 -5 11 12 15 -14 -13 18 -17 -18 19 20 52 -22 24 44 -21 47 -15 28 -6 43 -31 33 -33 38 35 39 -37 -36 -7 -35 -38 -20 -24 -19 46 -46 -16 -12 -8 -32 51 -47 57 54 -54 -56 -55 58 -2 60 -40 -61
right_child=5 3 -4 9 6 8 48 -9 -10 -11 25 14 13 26 23 16 17 29 41 22 21 -23 42 -25 -26 -27 -28 -29 -30 30 49 32 -34 34 37 36 40 -39 59 -41 -42 -43 -44 -45 45 50 -48 -49 -50 -51 -52 -53 53 56 55 -57 -58 -59 -60 61 -62 -63
leaf_value=3.1162859781212782 -0.0049322951706200976 32.261329798892248 61.041882542448882 -11.759367242773287 5.5370933281334063 20.591770395348792 -0.2626857975615346 42.50413335194628 -24.666720370361841 -39.462202520986139 -2.1112314900599785 -0.0041207582561029231 -14.94739479344496 -7.399136397700933 -13.239937295827952 36.133407737885847 30.059884480761294 2.4123513121609785 -27.391480907063279 -46.52388510820343 3.1668066390891205 121.89439128057639 -18.846805626526056 27.08148908801855 -14.936536208023833 12.097196401398758 13.561547148861543 1.7788010047278271 42.722295890510743 -4.1877743952284581 5.990515967283101 0.45068655959123954 23.529612594815347 -29.911480252042544 -9.4548348980119012 39.090694692986546 -16.954265289218032 -38.083097096108879 -2.205376518919159 -8.1447577248457517 9.4071952951954412 -6.9826527160351395 0.45421605772008383 -21.980466849994961 31.124486304485369 7.5833489851027851 10.55061619511185 -17.573801172126846 -17.768995717760017 24.404361978928549 0.40219707172520397 27.317315640598977 -19.500789020177208 14.18840718241556 11.568412980502405 -7.3599307731902206 -0.79263309980607177 0.89385925360936336 -2.6911614062250377 -26.497884944626147 17.7528906221096 -1.6046334967463913
leaf_weight=89 12523 51 44 67 194 45 294 42 42 41 83 466 308 103 50 52 52 49 46 43 40 40 44 74 41 42 78 465 41 151 309 585 54 42 62 46 43 60 3061 301 53 147 351 48 51 137 41 139 46 40 125 51 104 60 48 365 1435 15645 1950 50 60 75
leaf_count=89 12523 51 44 67 194 45 294 42 42 41 83 466 308 103 50 52 52 49 46 43 40 40 44 74 41 42 78 465 41 151 309 585 54 42 62 46 43 60 3061 301 53 147 351 48 51 137 41 139 46 40 125 51 104 60 48 365 1435 15645 1950 50 60 75
internal_value=0.092717 4.91409 22.2954 3.05048 5.46684 -0.0732766 4.20244 7.33477 -2.34099 -22.2896 0.220628 0.282468 0.119111 -8.81003 5.87606 0.249141 6.70956 4.34941 0.111403 0.18206 0.286808 62.5697 -6.86098 11.0555 -31.1244 -7.992 1.63487 5.22172 12.0325 2.10764 4.39196 -2.13405 2.40271 -2.87778 -8.25967 -4.41286 11.0475 -23.5442 -1.88502 -10.8141 -2.40317 -11.8528 -1.69787 -9.66338 8.44634 11.1882 -2.52115 -11.7946 -2.63347 8.10419 7.93532 12.9426 0.131634 -2.20938 -8.04552 -5.15888 -0.19093 0.288026 -0.366866 -2.19693 -1.82141 -11.5686
internal_weight=41284 1374 133 1241 1133 39910 1082 742 4579 108 35331 35067 34072 489 995 33583 701 649 32882 32689 32210 80 479 529 84 264 181 700 235 597 500 4537 639 3898 607 485 142 122 3291 343 96 193 395 97 455 364 91 222 340 349 313 188 32130 2012 517 413 1495 30118 14473 3246 3121 125
internal_count=41284 1374 133 1241 1133 39910 1082 742 4579 108 35331 35067 34072 489 995 33583 701 649 32882 32689 32210 80 479 529 84 264 181 700 235 597 500 4537 639 3898 607 485 142 122 3291 343 96 193 395 97 455 364 91 222 340 349 313 188 32130 2012 517 413 1495 30118 14473 3246 3121 125
is_linear=0
shrinkage=0.1


Tree=40
num_leaves=63
num_cat=0
split_feature=23 35 28 30 23 34 4 18 22 24 18 29 31 33 30 30 7 18 22 34 19 1 21 28 28 23 33 0 22 28 34 4 1 4 19 23 23 23 29 21 35 24 35 33 30 25 34 33 25 21 25 34 33 35 23 24 33 35 32 28 16 30
split_gain=2.96254e+06 3.79866e+06 3.74364e+06 3.03253e+06 2.7508e+06 6.78953e+06 2.31108e+06 2.82722e+06 4.84458e+06 2.70935e+06 1.92025e+06 3.2765e+06 6.05103e+06 8.96239e+06 5.25878e+06 2.49534e+06 1.91414e+06 1.83283e+06 2.93145e+06 1.75229e+06 3.25925e+06 1.87096e+06 1.63097e+06 1.60653e+06 3.04495e+07 7.51442e+06 2.74057e+06 2.15877e+06 7.15236e+06 2.18178e+06 8.31753e+06 2.54237e+06 2.31248e+06 2.03745e+06 1.63873e+06 2.40586e+06 1.97851e+06 1.78266e+06 4.01764e+06 1.62029e+06 1.56756e+06 1.41868e+06 1.4076e+06 3.80815e+06 1.18127e+07 3.15843e+06 4.39863e+06 1.68592e+06 1.82325e+06 1.90813e+06 1.75269e+06 1.59894e+06 1.43375e+06 1.81737e+06 1.62004e+06 1.50394e+06 2.29684e+06 1.56428e+06 1.37709e+06 1.37267e+06 1.35986e+06 1.34289e+06
threshold=1.0000000180025095e-35 1.0000000180025095e-35 4055.0000000000005 34640.000000000007 3657.8571428571436 15.500000000000002 14.500000000000002 1.0000000180025095e-35 -823.91214285714284 1670.5062500000001 1.0000000180025095e-35 39762.455000000009 3.5000000000000004 975.38107142857154 22075.000000000004 31355.000000000004 -309.80499999999995 3756.428571428572 1443.4375000000002 1.5000000000000002 628.61214285714289 3.5000000000000004 1593.2135714285716 41980.000000000007 41110.000000000007 1514.8214285714287 714.46428571428589 15.500000000000002 -177.12249999999997 4055.0000000000005 23.500000000000004 13.500000000000002 4.5000000000000009 13.500000000000002 786.42857142857144 1434.1071428571429 1360.5357142857144 1181.2500000000002 10651.035000000002 791.78571428571433 13367.145000000002 1486.5164285714288 5010.005000000001 61.250000000000007 1635.0000000000002 60.489107142857158 13.500000000000002 108.75000000000001 400.37482142857158 507.92214285714289 154.8783928571429 6.5000000000000009 646.25000000000011 23937.610000000004 1394.8214285714287 899.46428571428589 313.39285714285717 37438.345000000008 2495.0000000000005 33135.000000000007 953.37000000000012 655.00000000000011
decision_type=2 2 2 2 2 2 2 2 2 2 2 2 2 2 2 2 2 2 2 2 2 2 2 2 2 2 2 2 2 2 2 2 2 2 2 2 2 2 2 2 2 2 2 2 2 2 2 2 2 2 2 2 2 2 2 2 2 2 2 2 2 2
left_child=1 -1 -3 19 6 -6 10 8 9 -8 11 14 13 41 23 22 -17 18 -9 20 -4 61 -14 24 26 -25 27 28 -2 30 -29 42 40 -27 35 37 -36 38 -32 -34 -33 -13 -31 44 45 46 -44 51 49 50 -49 -45 53 -51 55 -55 -57 -58 -19 -28 -23 -21
right_child=4 2 3 -5 5 -7 7 17 -10 -11 -12 12 15 -15 -16 16 -18 58 -20 21 -22 60 -24 25 -26 33 59 29 -30 31 34 32 39 -35 36 -37 -38 -39 -40 -41 -42 -43 43 47 -46 -47 -48 48 -50 52 -52 -53 -54 54 -56 56 57 -59 -60 -61 -62 -63
leaf_value=25.831758946968293 -46.158436176286116 27.856025339202496 36.946667283542745 -22.81694904159157 -48.208974327617099 2.6227314153327921 -12.083784288201054 0.086339478973821993 -2.3942800011627567 -41.189886717087298 -0.14246316878679313 17.149168112565484 1.7024108438973533 50.996003449336442 -24.542768416754388 -13.056014691162597 10.281575942158581 -2.5474233003219577 23.635089552840686 0.61439645004420296 5.3706753460552816 -6.5923797461245872 29.595604455307338 -40.500331625142898 74.24627847729009 2.8570086446439049 27.220918105369396 42.551820390331457 -0.06249072338227632 -1.6431574779918052 2.1144186064599348 -21.5269109675978 16.404404213307405 -18.024341873938361 4.4454828700965363 23.450379492494761 -24.229464673184108 -14.737243971886574 31.661844118475102 -9.1927814930429363 -6.0264790102893873 -8.5517769853759162 38.355778770873926 1.7085741826779774 58.210558226359389 -1.4993850101645829 5.0841902765003946 6.2944103341840645 -15.405394537503392 0.86810265159252575 30.13270067589508 -10.936781792193335 -13.414181879970698 1.9164753622303938 -7.7003930380178049 30.224113414680684 1.7994080385896316 21.234651385519161 -19.012562152082022 6.7921532514924525 4.9955116558782509 11.063561824077597
leaf_weight=79 41 59 40 47 41 73 117 14942 4461 44 10745 41 44 75 77 118 50 2112 53 258 178 341 40 50 58 392 58 59 187 1140 467 103 60 53 53 66 44 50 51 42 178 45 58 190 47 263 126 103 59 2116 44 211 61 140 58 70 114 65 52 76 144 235
leaf_count=79 41 59 40 47 41 73 117 14942 4461 44 10745 41 44 75 77 118 50 2112 53 258 178 341 40 50 58 392 58 59 187 1140 467 103 60 53 53 66 44 50 51 42 178 45 58 190 47 263 126 103 59 2116 44 211 61 140 58 70 114 65 52 76 144 235
internal_value=-0.00676709 4.54701 3.2546 2.08579 -0.163666 -15.6719 -0.119414 -0.814276 -3.00945 -20.0486 0.712717 1.94728 10.6031 25.7433 1.4387 0.926921 -6.10928 -0.22297 0.169652 3.06533 11.1716 1.25792 14.9946 1.7266 2.14744 -3.76354 1.49347 1.19079 -8.36 1.5515 6.45072 0.81395 -7.03 0.36826 3.53424 5.38629 -8.56744 3.28541 5.02631 5.865 -11.711 3.70379 1.43154 2.37253 10.5492 5.53182 15.5796 1.12222 1.9821 2.35259 13.4375 -4.94574 1.73135 2.09208 7.88534 10.2099 14.8715 8.86089 -2.94351 15.6413 -3.15168 5.59586
internal_weight=41464 1381 1302 1243 40083 114 39969 21781 4622 161 18188 7443 413 161 7030 252 168 17159 14995 1196 218 978 84 6953 6458 495 6400 6266 228 6038 790 5248 383 445 731 634 97 568 518 102 281 86 4865 3725 494 447 184 3231 2830 2771 147 401 2624 2563 447 389 249 179 2164 134 485 493
internal_count=41464 1381 1302 1243 40083 114 39969 21781 4622 161 18188 7443 413 161 7030 252 168 17159 14995 1196 218 978 84 6953 6458 495 6400 6266 228 6038 790 5248 383 445 731 634 97 568 518 102 281 86 4865 3725 494 447 184 3231 2830 2771 147 401 2624 2563 447 389 249 179 2164 134 485 493
is_linear=0
shrinkage=0.1


Tree=41
num_leaves=63
num_cat=0
split_feature=29 34 30 32 35 21 21 23 35 28 34 24 0 28 23 21 20 28 35 26 35 0 21 9 7 10 30 30 26 8 23 21 32 29 30 23 12 20 23 15 25 20 23 13 23 26 27 26 23 20 27 19 28 35 10 24 23 23 9 29 21 4
split_gain=2.88431e+06 5.71367e+06 3.79104e+06 1.42967e+07 3.53849e+06 3.30335e+06 9.58066e+06 3.06705e+06 3.8828e+06 5.37179e+06 2.84683e+06 2.17639e+06 2.6665e+06 2.06778e+06 1.69514e+06 1.48438e+06 1.44261e+06 1.43789e+06 1.37146e+06 2.77662e+06 2.1117e+06 2.06811e+06 1.9826e+06 1.94264e+06 2.28088e+06 1.72343e+06 1.65557e+06 1.65423e+06 1.99286e+06 1.93775e+06 1.41001e+06 2.42584e+06 2.63082e+06 1.66456e+06 2.15764e+06 2.40538e+06 1.50097e+06 1.2844e+06 1.26248e+06 1.75466e+06 1.18284e+06 1.48273e+06 1.6009e+06 1.40607e+06 1.35466e+06 2.30163e+06 1.88538e+06 1.16657e+06 1.16552e+06 1.96142e+06 1.65181e+06 1.14118e+06 1.06328e+06 1.05625e+06 1.03983e+06 1.38691e+06 3.37132e+06 2.93451e+06 1.65615e+06 1.56995e+06 1.37001e+06 1.61671e+06
threshold=33690.630000000012 17.500000000000004 16540.000000000004 1320.714285714286 28939.045000000002 697.60607142857145 942.50000000000011 2666.9642857142862 161154.62500000003 1865.0000000000002 5.5000000000000009 1152.1932142857145 23.500000000000004 33135.000000000007 2346.9642857142862 1563.9285714285718 -1040 39055.000000000007 24443.430000000004 9180.0000000000018 16231.280000000002 22.500000000000004 2743.2142857142858 -549.06999999999982 -579.15999999999997 755.00000000000011 22345.000000000004 52175.000000000007 14435.690000000002 -118.96499999999999 1809.1071428571429 1862.5000000000002 820.71428571428589 46340.000000000007 34640.000000000007 1565.0000000000002 212.61500000000004 5097.857142857144 2346.9642857142862 1845.0000000000002 116.63589285714299 826.32714285714292 2011.2500000000002 515.00000000000011 1226.964285714286 7095.6800000000012 1.0000000180025095e-35 7345.0000000000009 1690.1785714285718 274.47357142857146 1.0000000180025095e-35 1595.0000000000002 32695.000000000004 18490.860000000004 3395.0000000000005 1314.7933928571431 1809.1071428571429 1770.8928571428576 -468.05499999999995 23015.450000000004 640.29964285714289 5.5000000000000009
decision_type=2 2 2 2 2 2 2 2 2 2 2 2 2 2 2 2 2 2 2 2 2 2 2 2 2 2 2 2 2 2 2 2 2 2 2 2 2 2 2 2 2 2 2 2 2 2 2 2 2 2 2 2 2 2 2 2 2 2 2 2 2 2
left_child=7 2 3 4 11 -4 -7 13 9 -9 -11 -2 -13 37 15 -15 17 -14 20 21 27 26 25 24 -23 -21 -20 28 30 -30 33 -32 -33 36 35 -35 -8 40 39 -22 41 43 -43 -1 52 48 47 -47 50 53 -46 -41 -45 -50 55 56 57 59 -58 60 -42 -62
right_child=1 -3 5 -5 -6 6 18 8 -10 10 -12 12 16 14 -16 -17 -18 -19 19 22 38 23 -24 -25 -26 -27 -28 -29 29 -31 31 32 -34 34 -36 -37 -38 -39 -40 51 54 42 -44 44 45 46 -48 -49 49 -51 -52 -53 -54 -55 -56 -57 58 -59 -60 -61 61 -63
leaf_value=0.055082522913948467 19.211440711278271 37.132702658154095 -20.368011482703533 59.414634463102288 24.983987471149756 36.143489959692971 -17.101203797286221 21.904533933962714 -36.966775343347642 -3.3709619225113721 -36.636752060224431 23.581232318016358 -3.0054894772320879 -1.4274904526497505 15.517666040019652 -5.8739541157213475 0.83046895800570109 -25.271622655248308 -10.833293781999906 22.388766880226001 3.3541028325458919 -40.333418982750658 -6.6959736997919883 -6.27194311008809 -12.192423799053701 1.6664626066764576 15.018607520104409 15.851975640391371 -27.311772621816761 0.10963192796859177 10.87233662767887 -31.519812563344558 -5.3616878028735817 38.01552100116097 -5.6150443743238529 7.9873076029675678 0.94176526741187194 -9.5616436131719862 -8.1688353150997113 4.6344765300754398 0.241173486253801 -2.5084018637328658 14.773593289672409 2.1887035020600862 -2.6885295083005065 20.301041754952205 -11.515759298635318 4.4334642185953923 -29.21220159611536 2.5776023913816588 13.213784256091939 20.804859816073833 15.231047737744952 -8.7259076311114434 -6.9795945029922457 3.399365696755078 -30.686783150591385 25.556611414216508 -7.9785469642925095 5.0759301575267566 -9.3849053047335396 -1.9354494419164681
leaf_weight=13098 64 48 73 52 76 76 51 51 49 60 45 42 71 3199 53 981 306 49 49 70 298 50 113 126 68 94 50 56 57 47 63 50 166 40 57 80 476 137 52 65 3240 2038 55 7297 1209 50 71 625 53 67 69 133 63 48 269 764 52 42 84 411 317 3592
leaf_count=13098 64 48 73 52 76 76 51 51 49 60 45 42 71 3199 53 981 306 49 49 70 298 50 113 126 68 94 50 56 57 47 63 50 166 40 57 80 476 137 52 65 3240 2038 55 7297 1209 50 71 625 53 67 69 133 63 48 269 764 52 42 84 411 317 3592
internal_value=0.0124807 2.91166 2.3846 9.11402 4.80745 0.578993 1.22002 -0.228658 -12.4258 -4.70801 -17.6384 1.92301 -0.443013 -0.16264 -2.24567 -2.47109 -2.8141 -12.1043 0.0707568 -3.95222 1.54584 -9.96549 3.49426 -14.9108 -24.1286 10.5155 2.22416 -0.901064 -1.76484 -14.9253 -0.371793 -6.38729 -11.4227 2.01247 10.4014 18.0084 -0.805776 0.09939 6.64915 8.20333 0.138897 0.492608 -2.05392 0.727927 1.65055 -0.531603 3.97964 5.61026 -2.85904 -10.6882 -1.82947 15.4989 2.30045 -19.4853 -0.858917 -0.665221 -1.06655 -0.787311 -16.6692 -0.933834 -1.27937 -2.53968
internal_weight=41257 3168 3120 660 608 2460 2387 38089 205 156 105 532 468 37884 4233 4180 426 120 2311 620 1691 343 277 244 118 164 99 1143 1087 104 983 279 216 704 177 120 527 33651 548 496 33514 24743 2093 22650 9552 2192 746 675 1446 168 1278 198 7360 101 8771 8502 7738 7602 136 7560 7149 3909
internal_count=41257 3168 3120 660 608 2460 2387 38089 205 156 105 532 468 37884 4233 4180 426 120 2311 620 1691 343 277 244 118 164 99 1143 1087 104 983 279 216 704 177 120 527 33651 548 496 33514 24743 2093 22650 9552 2192 746 675 1446 168 1278 198 7360 101 8771 8502 7738 7602 136 7560 7149 3909
is_linear=0
shrinkage=0.1


Tree=42
num_leaves=63
num_cat=0
split_feature=23 35 23 35 30 17 28 28 13 33 21 25 19 22 4 17 32 35 35 18 29 26 9 30 28 28 21 23 22 35 23 16 35 28 26 22 22 22 23 23 23 18 0 9 17 23 30 24 33 30 30 28 22 35 32 23 5 19 35 20 31 30
split_gain=2.55601e+06 6.96891e+06 2.39044e+06 3.03423e+06 3.78586e+06 3.61541e+06 3.27663e+06 2.55545e+06 2.44144e+06 1.89078e+06 2.85097e+06 1.84038e+06 2.02643e+06 3.29614e+06 1.77062e+06 1.72511e+06 1.71055e+06 1.69192e+06 3.59805e+06 1.14683e+06 1.06504e+06 3.53315e+06 2.88115e+06 2.15066e+06 1.57974e+06 1.08017e+07 2.76694e+07 2.84645e+06 3.8306e+06 1.45299e+06 1.69933e+06 1.92144e+06 1.56296e+06 2.5222e+06 2.73908e+06 1.91615e+06 1.51877e+06 1.35574e+06 1.17628e+06 1.15126e+06 3.19421e+06 2.68088e+06 4.69793e+06 2.8576e+06 2.21873e+06 2.1222e+06 1.84023e+06 1.54347e+06 1.40006e+06 1.55855e+06 1.35384e+06 1.30167e+06 1.17142e+06 1.09143e+06 1.09131e+06 1.31017e+06 1.17354e+06 1.76758e+06 1.69964e+06 1.47975e+06 2.99245e+06 2.96883e+06
threshold=3657.8571428571436 110465.84000000001 1.0000000180025095e-35 1.0000000180025095e-35 10555.000000000002 -59.999999999999837 42325.000000000007 4055.0000000000005 4035.0000000000005 1.0000000180025095e-35 555.07392857142861 -993.66624999999988 2407.4300000000007 120.96999999999998 1.0000000180025095e-35 -1182.9800000000002 115.00000000000001 8649.4200000000001 6086.5150000000003 5794.2857142857147 40732.455000000009 1155.0000000000002 -49.334999999999994 16835.000000000004 41980.000000000007 41575.000000000007 1348.9285714285718 1514.8214285714287 -424.7589285714285 15962.340000000002 1728.3928571428576 3495.0000000000005 24726.795000000002 69245.000000000015 9425.0000000000018 -376.41214285714284 280.73500000000007 -1696.8382142857138 2309.8214285714289 1948.3928571428573 1809.1071428571429 1802.1428571428573 15.500000000000002 -1.0000000180025095e-35 1545.0000000000002 2259.8214285714289 21055.000000000004 2069.4642857142862 567.32142857142867 1465.0000000000002 22075.000000000004 2275.0000000000005 754.0328571428571 28573.085000000003 1284.2857142857144 1793.7500000000002 -1.0000000180025095e-35 970.71428571428589 27572.930000000004 -119.63142857142859 2.5000000000000004 14335.000000000002
decision_type=2 2 2 2 2 2 2 2 2 2 2 2 2 2 2 2 2 2 2 2 2 2 2 2 2 2 2 2 2 2 2 2 2 2 2 2 2 2 2 2 2 2 2 2 2 2 2 2 2 2 2 2 2 2 2 2 2 2 2 2 2 2
left_child=2 -2 3 4 -1 7 14 -5 9 10 -9 12 13 -4 -7 -14 17 18 -11 20 24 22 -22 -23 25 39 -27 28 -26 30 -25 36 38 34 35 -34 -32 -36 -31 40 46 42 43 -41 51 48 -13 52 -43 53 -51 -42 -47 -50 56 -56 59 58 -58 60 -29 -62
right_child=1 -3 11 5 -6 6 -8 8 -10 16 -12 19 15 -15 -16 -17 -18 -19 -20 -21 21 23 -24 29 27 26 -28 54 -30 32 31 -33 33 -35 37 -37 -38 -39 -40 41 44 45 -44 -45 -46 47 -48 -49 49 50 -52 -53 -54 -55 55 -57 57 -59 -60 -61 61 -63
leaf_value=2.1242369723790757 15.887958317859166 -33.78798824325969 -38.476924598924086 25.576924821684806 44.855332505420215 -12.150033906779605 -36.040900710697635 6.5274895727584807 28.077039646179642 7.0515686762938561 -24.289057215802579 0.048271186858140261 -11.567912927114749 -2.7729224521916009 14.143016177497703 16.670325844207508 1.5709362431398559 3.3037075724370122 40.947725030460418 -4.1116364264522076 36.539308738002731 22.890910169154775 1.3839013206537694 3.0842463083854419 -33.489234106035262 86.363155961309587 -25.447441425625509 -4.1023531685698442 -0.75367514514335632 10.832648343580757 -17.542121070278693 3.2135923790966405 -25.850018851231102 22.814698762691279 19.186893804295494 -4.3037152784474912 3.8710008247180343 -0.71351444662838581 -5.7374841387098012 -38.811120235847362 -25.187628854123865 -7.4413446015045146 21.489499084617808 -7.4707201061696784 11.367026901018322 -1.8567063299889988 -9.1673075913672228 -5.3496588315513733 13.007327800162825 5.4409374974717775 23.830170307718586 -9.3462337919867959 15.255540784250247 32.306022131740754 -0.73101233045158809 -17.392404524013934 2.8732232210112785 -3.7776122262770286 30.825322178679354 -17.128308148824804 27.622779632426866 -0.56718514113839047
leaf_weight=43 46 73 48 57 40 71 40 60 40 90 60 34582 47 56 40 40 628 142 48 669 54 45 41 246 70 48 41 573 73 298 172 103 65 40 52 113 41 100 50 41 69 44 42 100 42 74 218 232 71 307 46 209 87 50 98 91 43 77 44 60 66 86
leaf_count=43 46 73 48 57 40 71 40 60 40 90 60 34582 47 56 40 40 628 142 48 669 54 45 41 246 70 48 41 573 73 298 172 103 65 40 52 113 41 100 50 41 69 44 42 100 42 74 218 232 71 307 46 209 87 50 98 91 43 77 44 60 66 86
internal_value=0.0446885 -14.5869 0.0869437 4.21116 22.7322 3.00558 -11.5212 4.95582 3.8541 2.91025 -8.88444 -0.0536596 -9.8449 -19.2623 -2.67291 1.41725 4.46943 10.9689 18.8521 -0.00650866 0.0639079 2.75221 21.3757 1.41618 -0.0376652 0.084122 34.8695 -3.48893 -16.7842 0.660343 -3.1477 -7.99888 3.64103 -0.883825 -3.75941 -12.1768 -13.4204 6.09856 8.45139 -0.00141488 -0.10093 3.19311 -7.85036 -16.5944 -10.0455 5.41182 -0.00947153 -0.129456 9.61553 11.1995 7.84032 -13.2819 7.39212 20.9921 -1.81759 -8.75567 -0.435433 7.25683 17.0196 -2.04284 -0.79329 11.6782
internal_weight=41342 119 41223 1359 83 1276 151 1125 1068 1028 120 39864 191 104 111 87 908 280 138 39673 39004 1420 95 1325 37584 36303 89 1281 143 1280 562 316 718 370 330 178 213 152 348 36214 35120 1094 183 141 320 911 34800 393 518 474 353 278 161 121 1138 189 949 164 87 785 725 152
internal_count=41342 119 41223 1359 83 1276 151 1125 1068 1028 120 39864 191 104 111 87 908 280 138 39673 39004 1420 95 1325 37584 36303 89 1281 143 1280 562 316 718 370 330 178 213 152 348 36214 35120 1094 183 141 320 911 34800 393 518 474 353 278 161 121 1138 189 949 164 87 785 725 152
is_linear=0
shrinkage=0.1


Tree=43
num_leaves=63
num_cat=0
split_feature=25 33 4 23 19 0 24 19 28 4 18 29 29 0 23 28 23 33 30 30 19 35 19 35 23 18 29 18 19 23 30 16 33 25 30 30 33 21 0 30 30 28 19 23 33 25 19 29 28 30 23 30 16 30 30 25 33 25 7 23 23 23
split_gain=2.01928e+06 1.92292e+06 2.04881e+06 2.71684e+06 3.05293e+06 2.52817e+06 1.86409e+06 2.11775e+06 2.42771e+06 1.67109e+06 2.02033e+06 2.25918e+06 7.29716e+06 1.09155e+07 3.0873e+06 3.22537e+07 8.40328e+06 2.52684e+06 5.60022e+06 3.785e+06 2.09682e+06 1.97758e+06 1.9889e+06 1.73686e+06 1.56759e+06 1.54071e+06 1.58072e+06 1.39855e+06 1.35711e+06 1.67131e+06 3.99905e+06 1.35807e+06 1.5034e+06 1.2442e+06 1.1874e+06 2.64536e+06 2.23038e+07 3.51496e+06 2.64897e+06 2.75969e+06 2.71506e+06 3.02555e+06 1.04562e+07 2.54026e+06 2.22452e+06 2.18104e+06 2.11342e+06 2.06867e+06 1.80374e+06 2.91084e+06 1.76883e+06 1.68902e+06 2.04221e+06 1.68876e+06 1.86099e+06 1.56283e+06 1.46603e+06 2.8e+06 1.99684e+06 1.65916e+06 2.4078e+06 1.9225e+06
threshold=745.4953571428573 155.71803571428575 12.500000000000002 1434.1071428571429 725.77214285714297 12.500000000000002 919.74714285714288 2112.1428571428573 56880.000000000007 13.500000000000002 1.0000000180025095e-35 56575.000000000007 48160.000000000007 28.500000000000004 1497.6785714285718 42325.000000000007 1470.8928571428576 1074.464285714286 26290.435000000001 21725.000000000004 1745.9307142857144 96433.185000000012 2273.4207142857144 35985.255000000005 2666.9642857142862 1.0000000180025095e-35 7075.0000000000009 7662.857142857144 2595.0000000000005 1770.8928571428576 17340.000000000004 463.82333333333338 630.72125000000005 675.68732142857152 2325.0000000000005 1665.0000000000002 61.250000000000007 225.25964285714289 15.500000000000002 1185.0000000000002 655.00000000000011 8125.0000000000009 538.63571428571447 757.67857142857156 50.892857142857146 385.83892857142865 671.69642857142867 15885.000000000002 24305.000000000004 2715.0000000000005 695.17857142857156 3305.0000000000005 665.00000000000011 1935.0000000000002 2095.0000000000005 16.790892857142893 252.32142857142858 16.790892857142893 -518.41999999999996 1289.1071428571429 1313.3928571428576 1185.5357142857144
decision_type=2 2 2 2 2 2 2 2 2 2 2 2 2 2 2 2 2 2 2 2 2 2 2 2 2 2 2 2 2 2 2 2 2 2 2 2 2 2 2 2 2 2 2 2 2 2 2 2 2 2 2 2 2 2 2 2 2 2 2 2 2 2
left_child=9 2 3 -2 -5 -4 24 8 -8 10 11 12 14 -14 16 -16 17 18 19 21 -13 22 34 -22 -3 26 -11 33 29 31 -31 -17 -33 -27 35 38 -37 -38 -1 40 43 -42 -43 50 -45 48 47 55 -36 -50 -40 52 -51 -48 -55 -39 57 58 -53 61 -61 -58
right_child=1 6 5 4 -6 -7 7 -9 -10 25 -12 20 13 -15 15 28 -18 -19 -20 -21 23 -23 -24 -25 -26 27 -28 -29 -30 30 -32 32 -34 -35 45 36 37 46 39 -41 41 42 -44 44 -46 -47 53 -49 49 51 -52 56 -54 54 -56 -57 59 -59 -60 60 -62 -63
leaf_value=-20.642302162617479 -11.235768158222825 -11.015383598939042 -0.10696070361165762 30.167933828255826 -0.66901872271205076 -28.176802525979998 -7.130543804781226 -23.462319608760296 14.195823338625857 0.031084289879712387 -0.15084074648643186 -21.616986441126318 3.2704554829193491 67.909044302487914 77.642113780428602 14.621257378481927 -41.721175239723884 -22.531754318042363 38.59461116488756 -20.205870593461263 10.827748004752998 16.957572746473087 23.282576839251984 -14.561749206871333 -31.775869287172657 -0.052036759008031536 -3.3574861233089801 -14.462060705322905 -14.926442511891992 38.032806676752713 -3.8333326445785367 -8.9532757395894045 6.0255482859778331 11.798171156193019 -1.8506659849062057 80.437504767674625 30.488321767437334 13.515613750726075 1.6845209724310619 -7.1929885439394177 1.8610525187510985 65.863095034228763 3.0805608229665737 3.3137358536819401 24.726127518772174 -18.969976252907731 -6.9739719356998355 -26.834196201900724 25.200476915288476 3.7502653939121631 -10.951889302285123 11.469789337357305 -24.005695262647805 27.163330098028439 -0.29193791100226718 -7.4540078883945187 0.79135339473980237 3.1405142730621542 38.322082058052892 27.004140208766373 3.5595231207270928 -10.064044932910479
leaf_weight=52 52 116 126 69 60 43 179 49 76 2364 9829 76 69 42 61 48 45 43 41 79 63 85 42 47 53 17560 3296 67 51 40 53 185 105 89 1622 41 42 49 914 262 105 41 75 113 85 57 45 40 55 52 126 90 54 62 41 129 972 464 40 49 410 196
leaf_count=52 52 116 126 69 60 43 179 49 76 2364 9829 76 69 42 61 48 45 43 41 79 63 85 42 47 53 17560 3296 67 51 40 53 185 105 89 1622 41 42 49 914 262 105 41 75 113 85 57 45 40 55 52 126 90 54 62 41 129 972 464 40 49 410 196
internal_value=-0.0538669 -4.95768 0.661579 8.05352 15.8304 -7.25524 -9.11534 -4.43334 -0.772894 0.0453899 0.790851 2.03191 2.31029 27.7479 1.9158 9.16425 1.321 1.61599 1.77518 1.54224 -8.8493 1.81043 1.60674 -0.0221335 -17.5336 -0.505893 -1.9422 -0.0470095 0.490794 2.31664 14.1843 -0.950328 -3.52979 0.00775419 1.46166 3.32012 10.1762 3.10658 1.58363 2.25577 3.95273 14.1615 25.2898 2.12983 12.5099 0.444764 -0.0393123 -6.29997 0.721382 2.4728 0.153114 1.93508 -10.3942 9.18145 16.2396 -1.67927 2.52374 6.77556 19.7436 0.971279 6.065 -1.03062
internal_weight=41486 823 350 181 129 169 473 304 255 40663 17287 7458 7272 111 7161 543 6618 6573 6530 6489 186 6410 6325 110 169 23376 5660 17716 482 431 93 338 290 17649 6283 2222 449 408 1773 1721 1459 221 116 1238 198 4061 366 218 4004 2382 1040 2327 106 148 103 178 2221 594 130 1627 459 1168
internal_count=41486 823 350 181 129 169 473 304 255 40663 17287 7458 7272 111 7161 543 6618 6573 6530 6489 186 6410 6325 110 169 23376 5660 17716 482 431 93 338 290 17649 6283 2222 449 408 1773 1721 1459 221 116 1238 198 4061 366 218 4004 2382 1040 2327 106 148 103 178 2221 594 130 1627 459 1168
is_linear=0
shrinkage=0.1


Tree=44
num_leaves=63
num_cat=0
split_feature=21 24 23 35 25 35 35 33 30 19 11 24 28 24 33 22 28 22 7 3 20 14 32 30 30 20 20 25 22 25 23 33 25 33 35 23 24 25 23 19 22 35 26 33 33 22 23 26 22 24 32 22 26 26 32 20 26 18 28 24 26 26
split_gain=2.15225e+06 7.31889e+06 2.77049e+06 5.70177e+06 1.24454e+06 3.41437e+06 2.72768e+06 2.86107e+06 3.5913e+06 2.70942e+06 2.97133e+06 2.15754e+06 2.19506e+06 1.9471e+06 2.50752e+06 1.89417e+06 1.81882e+06 1.91449e+06 1.77343e+06 1.67796e+06 1.75097e+06 1.40014e+06 1.3231e+06 1.69498e+06 3.49201e+06 1.64073e+07 2.63586e+06 8.22767e+06 1.42285e+06 1.70094e+06 2.77497e+06 2.28477e+06 1.41754e+06 1.71751e+06 2.42333e+06 1.89526e+06 1.61735e+06 1.31455e+06 1.2134e+06 1.72884e+06 1.18276e+06 1.17526e+06 1.16487e+06 2.32161e+06 1.89743e+06 3.35503e+06 8.96347e+06 3.09502e+06 2.23868e+06 1.85392e+06 1.71916e+06 1.49333e+06 2.96724e+06 1.59136e+06 1.48973e+06 1.15834e+06 1.12578e+06 1.12384e+06 1.3141e+06 1.08855e+06 1.17448e+06 1.06445e+06
threshold=51.534642857142863 634.01410714285726 3657.8571428571436 110465.84000000001 -293.03785714285709 110465.84000000001 12187.885000000002 1379.2762500000001 27265.000000000004 890.0364285714287 243.89500000000001 980.43160714285716 24475.000000000004 626.77642857142871 116.96428571428574 -596.65214285714285 41110.000000000007 -1696.8382142857138 -649.43999999999994 1.0000000180025095e-35 -1359.6599999999999 2115.0000000000005 237.85714285714289 1635.0000000000002 1705.0000000000002 -591.42857142857099 -1155.2114285714285 223.82410714285706 -732.12785714285701 624.94035714285724 998.75000000000011 167.32142857142858 6.8855357142857097 703.39285714285722 12538.6 420.53571428571433 1619.464285714286 88.298214285714337 1632.3214285714287 3632.1428571428573 -1579.6828571428571 6688.7750000000005 4605.0000000000009 610.78982142857149 553.75000000000011 -1186.1992857142857 1497.6785714285718 7475.0000000000009 -1432.0046428571427 1424.464285714286 1222.1428571428573 -1087.9946428571427 4025.0000000000005 3295.0000000000005 508.86214285714294 -2748.2528571428566 6575.0000000000009 1145.0000000000002 28335.000000000004 1447.6785714285718 5035.0000000000009 12715.000000000002
decision_type=2 2 2 2 2 2 2 2 2 2 2 2 2 2 2 2 2 2 2 2 2 2 2 2 2 2 2 2 2 2 2 2 2 2 2 2 2 2 2 2 2 2 2 2 2 2 2 2 2 2 2 2 2 2 2 2 2 2 2 2 2 2
left_child=1 -1 4 -4 5 6 7 8 11 -9 -11 12 13 14 -2 -7 17 -8 -14 -18 -21 -13 23 28 25 -25 27 -26 29 30 37 -32 33 35 56 -24 40 -6 -36 -40 -37 -12 43 49 45 46 48 50 -44 51 59 52 53 -34 -45 -49 -35 -47 -59 -46 -61 -58
right_child=2 -3 3 -5 22 15 16 9 -10 10 41 21 18 -15 -16 -17 19 -19 -20 20 -22 -23 32 24 26 -27 -28 -29 -30 -31 31 -33 42 34 38 36 -38 -39 39 -41 -42 -43 44 54 47 57 -48 55 -50 -51 -52 -53 -54 -55 -56 -57 61 58 -60 60 -62 -63
leaf_value=2.660284737804588 24.897115160140359 47.347759546983845 12.881881237982647 -32.126900638221983 -6.1881688373859189 32.295492856572729 18.846615631970327 -25.222197334223594 27.002167419057191 24.819791949078095 -11.210844508965101 7.0319553810846207 0.79765505548177484 -10.916339312716886 -5.6805943197692113 4.2017009897124336 -3.8717100869494687 -0.96394359901839888 28.461578676792868 -5.5590929763180625 -33.980318252116156 24.521255951433254 -6.2923083232391104 71.546187601315694 -2.7803964812104014 -1.6569365642108349 0.89929895674636762 52.173100715607006 -0.24957978538411105 -23.193123084128068 25.373007651621936 -7.1282005433881483 -13.182860546743308 -11.255025033378413 4.587141486030391 -13.597974810568218 18.186865972476621 -27.602691056755159 -4.6045876673030826 12.915165535943945 1.558923470056983 3.8726261228473584 -12.173136065454637 -5.4300715995357383 -8.0593786244224574 -2.4376250137950817 45.702020064483818 -12.605831537918787 11.915689337418643 17.091607564718114 -16.108118160672095 -2.0436826052950128 -26.783776472195996 6.4965282460764557 -21.620060377767455 2.1769882169013375 -1.202906804239424 6.3877155803957768 -1.4222505801211316 12.056774664207801 -3.1327010759718132 -14.779231317245298
leaf_weight=342 42 41 45 75 101 56 51 52 79 40 123 688 55 198 74 42 193 1098 40 41 46 49 325 40 81 130 8410 41 12957 55 47 40 77 325 445 52 58 40 467 64 4740 89 72 130 456 767 62 56 83 49 154 4540 74 88 101 976 353 471 397 59 369 69
leaf_count=342 42 41 45 75 101 56 51 52 79 40 123 688 55 198 74 42 193 1098 40 41 46 49 325 40 81 130 8410 41 12957 55 47 40 77 325 445 52 58 40 467 64 4740 89 72 130 456 767 62 56 83 49 154 4540 74 88 101 976 353 471 397 59 369 69
internal_value=-0.0114068 7.44963 -0.0811181 -15.2502 -0.0365683 1.90455 1.29597 4.23159 6.38646 -4.45129 -0.161057 4.96419 -0.860282 -4.89 5.39656 20.2636 -1.84513 -0.0838376 12.4545 -9.07137 -20.5974 8.19634 -0.193416 0.30974 1.39386 15.5833 1.11105 15.7013 -0.402801 -7.41663 -3.60663 10.4344 -0.888689 0.189406 -2.54519 1.0999 1.59531 -12.2709 0.735773 -2.49195 1.39431 -4.87919 -1.71673 -2.71949 -0.423257 1.9021 13.5837 -2.50372 0.725692 -2.25083 -6.35915 -2.44933 -10.1529 -2.68837 -12.512 1.37424 -6.83174 0.351328 2.81576 -4.65997 -1.03765 -3.42423
internal_weight=41380 383 40997 120 40877 3056 2958 1529 1225 304 252 1146 409 314 116 98 1429 1149 95 280 87 737 37821 21942 8702 170 8532 122 13240 283 228 87 15879 6898 1723 5175 4850 141 976 531 4792 212 8981 5059 3922 1852 217 2070 155 4828 1038 4779 239 165 231 1032 747 1635 868 884 428 422
internal_count=41380 383 40997 120 40877 3056 2958 1529 1225 304 252 1146 409 314 116 98 1429 1149 95 280 87 737 37821 21942 8702 170 8532 122 13240 283 228 87 15879 6898 1723 5175 4850 141 976 531 4792 212 8981 5059 3922 1852 217 2070 155 4828 1038 4779 239 165 231 1032 747 1635 868 884 428 422
is_linear=0
shrinkage=0.1


Tree=45
num_leaves=63
num_cat=0
split_feature=34 25 35 7 22 24 24 1 1 23 25 22 30 32 22 25 19 22 21 24 24 34 23 18 35 23 22 9 21 34 25 24 34 35 35 18 25 23 24 30 18 30 18 26 28 23 23 22 21 18 22 22 29 26 28 23 22 24 30 22 31 29
split_gain=1.49405e+06 2.06119e+06 1.26916e+07 2.06838e+06 1.37012e+06 4.98189e+06 5.07862e+06 3.48811e+06 4.50936e+06 1.52426e+06 1.36206e+06 2.8116e+06 1.57489e+06 2.2693e+06 1.35867e+06 2.01087e+06 8.05046e+06 1.21847e+06 3.20803e+06 1.12369e+06 2.0927e+06 1.6595e+06 1.16917e+06 3.47705e+06 1.50128e+06 1.5999e+06 2.93699e+06 1.55137e+06 1.21275e+06 2.07941e+06 1.96356e+06 1.17619e+06 3.93113e+06 1.05584e+07 1.02879e+06 1.01972e+06 1.00282e+06 996469 2.18192e+06 1.82821e+06 1.5007e+06 1.41302e+06 1.02258e+06 996012 962704 2.1056e+06 8.2216e+06 1.45334e+07 2.71017e+06 2.26584e+06 2.09199e+06 1.64935e+06 1.49561e+06 1.29222e+06 5.81723e+06 1.25532e+06 1.2089e+06 1.12434e+06 1.1063e+06 1.02873e+06 1.5303e+06 1.79467e+06
threshold=1.0000000180025095e-35 -1475.7339285714286 0.20000000000000004 -569.6149999999999 -1840.618214285714 1578.160535714286 1435.014285714286 4.5000000000000009 5.5000000000000009 1448.0357142857144 145.33750000000001 -1432.0046428571427 11215.000000000002 967.857142857143 -761.44678571428562 310.54607142857145 1157.8571428571431 -1696.8382142857138 1736.5514285714287 2069.4642857142862 1801.2500000000002 10.500000000000002 1809.1071428571429 1956.4285714285718 19051.065000000006 1717.3214285714287 -503.48392857142852 704.99500000000012 666.06750000000011 16.500000000000004 385.83892857142865 1094.7562500000001 13.500000000000002 30501.650000000005 21330.575000000004 7026.4285714285725 242.64714285714288 1041.6071428571429 1014.6891071428573 7955.0000000000009 1932.1428571428573 6345.0000000000009 1103.5714285714287 7215.0000000000009 22885.000000000004 742.32142857142867 746.607142857143 -112.27250000000001 438.67642857142863 977.857142857143 173.42928571428573 416.04928571428576 16165.000000000002 495.00000000000006 34015.000000000007 628.03571428571433 635.87392857142868 980.43160714285716 8575.0000000000018 -182.12214285714279 1.5000000000000002 20231.420000000002
decision_type=2 2 2 2 2 2 2 2 2 2 2 2 2 2 2 2 2 2 2 2 2 2 2 2 2 2 2 2 2 2 2 2 2 2 2 2 2 2 2 2 2 2 2 2 2 2 2 2 2 2 2 2 2 2 2 2 2 2 2 2 2 2
left_child=14 2 -2 -4 5 6 -3 9 -9 -7 17 12 -12 -14 15 -1 -17 18 -6 20 22 36 24 -24 28 31 -27 -28 -13 37 -31 -26 34 -34 -33 44 -22 41 39 42 -40 -30 -39 -38 45 49 47 -47 51 57 55 -48 -50 54 -46 -51 -52 58 -19 60 61 -54
right_child=1 4 3 -5 10 7 -8 8 -10 -11 11 19 13 -15 -16 16 -18 35 -20 -21 21 -23 23 -25 25 26 27 -29 29 30 -32 32 33 -35 -36 -37 43 38 40 -41 -42 -43 -44 -45 53 46 48 -49 52 50 56 -53 59 -55 -56 -57 -58 -59 -60 -61 -62 -63
leaf_value=3.6478895583695974 58.19208084519213 1.6842573428415353 4.9963647325278906 -22.447676958297421 32.130022037798831 -25.019359720065804 50.590593494189051 38.149682716774507 -4.6255055951577786 -3.3917803527082384 -1.2389866982787288 -0.30673093444083388 -34.375940923508168 -5.5290308507410559 1.1277139438504526 -7.6878984179382641 52.235706300315911 0.072895597490251443 -6.3205953761627827 -10.911535639846392 14.735907018518558 25.680841837598372 -10.005438676139677 2.4913420192643532 -1.1283455007525978 31.286816591057484 -2.0036164793126168 18.144185816179181 -4.8649226677879742 -24.43690629261852 0.18044104409384565 12.090487773359756 54.045212376839153 -3.6762924121126286 -0.88427177434096815 -15.24449763073418 -7.6288325369038947 -4.6254355944331129 -3.8030465306282757 17.625245844631692 -22.606337999159706 -20.433827221989191 5.7215755685328631 7.2416436741734094 14.971122894572856 74.986306169398773 31.567253635993616 -0.45951496612833242 0.24619670628504903 -21.01244193785401 -5.2958260559085177 5.5730537909252158 5.8698184765069721 -0.79998649854797865 -36.887089108457985 -2.5279328687669618 2.9848048932122109 13.0656439636965 -5.3366149557000178 1.133929111081025 4.3371427070173407 30.90421693060663
leaf_weight=375 42 41 68 46 41 40 44 46 53 175 61 1468 60 50 3607 48 42 10592 46 117 66 42 526 386 2766 45 152 51 447 92 50 67 52 81 690 44 84 178 735 79 45 67 206 97 40 42 46 65 5640 115 622 52 67 8085 47 54 246 65 392 896 803 50
leaf_count=375 42 41 68 46 41 40 44 46 53 175 61 1468 60 50 3607 48 42 10592 46 117 66 42 526 386 2766 45 152 51 447 92 50 67 52 81 690 44 84 178 735 79 45 67 206 97 40 42 46 65 5640 115 622 52 67 8085 47 54 246 65 392 896 803 50
internal_value=-0.0353086 -0.233535 11.2353 -6.08249 -0.281634 5.54643 27.0154 -0.268593 15.259 -7.42042 -0.344815 -1.43331 -14.1283 -21.2722 1.78362 6.87076 20.2899 -0.00487467 11.8078 -1.18048 -1.04603 7.31634 -1.34141 -4.71638 -0.91806 0.416384 8.1882 3.06134 -2.46532 -4.13393 -15.7718 -0.110911 3.05102 18.9033 0.264805 -0.0416481 4.18905 -3.19294 -1.6614 3.77637 -4.88924 -6.89613 0.925314 0.3402 -0.0176612 0.360094 1.65708 29.1759 1.26709 -0.462033 -4.93127 17.7843 1.04987 -0.930473 -13.0493 -15.1087 -2.94897 -0.0425535 -0.120183 3.5458 5.89455 16.577
internal_weight=41437 37365 156 114 37209 399 85 314 99 215 36810 8760 171 110 4072 465 90 28050 87 8589 8472 289 8183 912 7271 3904 248 203 3367 1899 142 3656 890 133 757 27963 247 1757 1243 463 780 514 384 181 27919 19747 7661 107 7554 12086 1037 98 7456 8172 87 169 868 11049 10984 1816 920 117
internal_count=41437 37365 156 114 37209 399 85 314 99 215 36810 8760 171 110 4072 465 90 28050 87 8589 8472 289 8183 912 7271 3904 248 203 3367 1899 142 3656 890 133 757 27963 247 1757 1243 463 780 514 384 181 27919 19747 7661 107 7554 12086 1037 98 7456 8172 87 169 868 11049 10984 1816 920 117
is_linear=0
shrinkage=0.1


Tree=46
num_leaves=63
num_cat=0
split_feature=35 28 28 24 33 24 24 29 19 35 27 26 6 22 28 22 33 21 23 23 22 23 18 18 18 31 23 10 29 29 22 33 30 31 30 24 33 24 35 6 30 23 26 28 33 0 22 15 31 30 30 18 30 30 30 30 28 35 31 35 22 23
split_gain=1.63548e+06 8.48286e+06 5.45616e+06 1.35947e+07 1.61449e+06 3.49565e+06 2.28755e+06 3.13372e+06 1.67581e+06 5.01134e+06 1.57218e+06 1.58465e+06 1.64592e+06 2.17581e+06 1.82357e+06 1.36575e+06 1.35521e+06 1.20552e+06 1.12111e+06 1.56751e+07 3.02535e+07 3.55849e+06 4.05822e+06 2.47143e+06 5.47338e+06 2.96603e+06 2.29322e+06 1.76027e+06 1.65853e+06 1.40323e+06 4.29685e+06 1.26107e+06 1.44052e+06 1.40805e+06 1.13781e+06 1.65969e+06 1.11449e+06 1.36103e+06 1.9515e+06 1.3444e+06 1.2094e+06 1.13349e+06 1.09181e+06 1.05486e+06 1.00145e+06 987878 2.17309e+06 2.96629e+06 1.11193e+06 1.52967e+06 2.29903e+06 1.34732e+06 1.0838e+06 1.21782e+06 1.2985e+06 965248 960347 955812 954885 950073 1.21922e+06 1.98562e+06
threshold=1.0000000180025095e-35 40525.000000000007 34790.000000000007 957.32142857142867 740.53571428571433 1801.2500000000002 1549.1071428571429 37425.000000000007 2407.4300000000007 8109.5100000000011 1.0000000180025095e-35 19528.400000000005 -758.68999999999994 -2557.5557142857137 65425.000000000007 -881.76964285714268 810.08785714285727 697.60607142857145 1508.7500000000002 1497.6785714285718 29.551071428571387 1485.1785714285718 1196.4285714285718 1297.8571428571431 747.857142857143 3.5000000000000004 1514.8214285714287 95.000000000000014 22308.710000000003 13544.990000000002 1189.7203571428574 703.39285714285722 15075.000000000002 1.5000000000000002 10061.740000000002 1514.1071428571429 630.72125000000005 1145.1785714285718 76700.345000000016 -718.2349999999999 11215.000000000002 1873.3928571428576 8285.0000000000018 34945.000000000007 941.96428571428589 28.500000000000004 -534.14607142857142 1521.6666666666667 1.5000000000000002 22075.000000000004 24050.000000000004 2113.5714285714289 28261.195000000003 29655.000000000004 32345.000000000004 13435.000000000002 11585.000000000002 33638.230000000003 2.5000000000000004 96433.185000000012 -623.6039285714287 1339.8214285714287
decision_type=2 2 2 2 2 2 2 2 2 2 2 2 2 2 2 2 2 2 2 2 2 2 2 2 2 2 2 2 2 2 2 2 2 2 2 2 2 2 2 2 2 2 2 2 2 2 2 2 2 2 2 2 2 2 2 2 2 2 2 2 2 2
left_child=1 2 3 56 5 8 7 15 18 -10 11 12 14 -14 42 16 -6 44 19 21 -21 59 -23 24 25 26 -20 -28 -26 30 -29 32 33 57 -35 55 37 38 39 -31 -39 -41 -8 -11 -17 48 -47 -48 -15 51 58 -50 -52 -54 -55 -36 -1 -25 -51 -2 61 -61
right_child=4 -3 -4 -5 6 -7 10 -9 9 43 -12 -13 13 45 -16 17 -18 -19 23 20 -22 22 -24 31 28 -27 27 29 -30 36 -32 -33 -34 34 35 -37 -38 40 -40 41 -42 -43 -44 -45 -46 46 47 -49 49 50 52 -53 53 54 -56 -57 -58 -59 -60 60 -62 -63
leaf_value=0.29214741416496809 0.09407129605026153 46.356348730868035 -29.794551226487769 46.14186142383496 21.169189001171485 28.294580218632298 -5.6845215437892769 -22.440739300901853 39.279176976650305 9.8444116762760547 -8.0691848435084079 -16.25216638321373 20.015035540828304 2.7585842764337727 -22.752900915520861 15.810900099031407 -3.6258600532461749 -7.0887878974636314 -24.92915265858818 107.20138216721135 -1.7737996337642175 -43.243461316474225 -3.4302661658172284 4.4064933655521399 -32.636220558370283 15.89713350471779 16.648451341771914 -35.578580472030431 -9.7705887484860128 -15.797555321262019 -3.2086986970424789 9.817575885074536 8.6886034024657413 -13.317039753979262 -1.610226443421378 16.416439223557376 11.006305658769262 -3.1223487556876304 19.197386987382352 11.021323893915691 -17.563171200802568 -9.3417758209886674 1.145311429500302 -4.273127566542029 -5.9242326822173732 25.626898871697154 -18.820317036552314 11.72032325215824 -2.0275748809058269 25.39606900101488 -7.4298478691679355 -11.490093963206446 17.073137256980068 -12.284864736403646 4.8471438576899306 -17.298009401686652 -13.557527081074159 -2.311418088483236 8.1156243671315806 25.958489986112244 0.033315654694261662 -1.456340020590833
leaf_weight=409 32308 46 50 69 40 44 515 106 43 94 276 61 60 1082 47 45 49 639 52 40 70 40 71 400 87 77 42 54 50 54 170 136 159 148 143 40 62 163 53 72 90 44 429 121 40 50 48 94 825 44 168 184 49 64 143 54 57 450 117 62 135 46
leaf_count=409 32308 46 50 69 40 44 515 106 43 94 276 61 60 1082 47 45 49 639 52 40 70 40 71 400 87 77 42 54 50 54 170 136 159 148 143 40 62 163 53 72 90 44 429 121 40 50 48 94 825 44 168 184 49 64 143 54 57 450 117 62 135 46
internal_value=-0.019679 5.0323 1.7792 4.73253 -0.0977238 0.141722 -1.74834 -6.27272 0.106916 8.1363 -0.77132 -0.26514 -0.0160938 1.17616 -3.53861 -4.16345 7.52356 -5.60054 0.0483385 0.206913 37.8842 0.0799642 -17.7904 -1.95039 -5.637 -2.89573 -4.58705 -3.26992 -24.2977 -4.36881 -11.0184 0.627923 -0.268945 -1.42249 -6.4392 -2.14226 -1.59944 -3.24235 2.45299 -2.7714 -8.26188 3.29665 -2.58081 1.90002 5.58507 0.7817 7.70948 1.3937 0.284503 -1.39492 2.67332 -3.75364 -1.18997 2.90559 -0.451372 -5.91375 -1.40317 0.850019 12.8447 0.14093 6.36971 14.2865
internal_weight=41480 631 585 535 40849 35674 5175 919 35630 258 4256 3980 3919 2928 991 813 89 724 35372 32772 110 32662 111 2600 1070 933 856 804 137 762 224 1530 1394 1235 385 237 538 476 223 170 253 116 944 215 85 2868 192 142 2676 1594 585 1009 424 256 207 197 466 850 161 32551 243 108
internal_count=41480 631 585 535 40849 35674 5175 919 35630 258 4256 3980 3919 2928 991 813 89 724 35372 32772 110 32662 111 2600 1070 933 856 804 137 762 224 1530 1394 1235 385 237 538 476 223 170 253 116 944 215 85 2868 192 142 2676 1594 585 1009 424 256 207 197 466 850 161 32551 243 108
is_linear=0
shrinkage=0.1


Tree=47
num_leaves=63
num_cat=0
split_feature=23 33 4 28 30 34 26 30 28 28 23 28 22 30 30 6 26 7 25 35 35 33 21 30 32 22 25 22 8 9 28 26 30 33 23 31 20 13 17 23 7 22 25 33 22 26 20 4 26 33 21 4 26 32 25 27 31 30 23 32 22 9
split_gain=1.79289e+06 2.98109e+06 9.14815e+06 2.00928e+06 1.72318e+06 1.88811e+06 1.61036e+06 1.2937e+06 1.2771e+06 7.94948e+06 3.67514e+07 3.15326e+06 6.50012e+06 2.00481e+06 3.58964e+06 1.52071e+06 1.34346e+06 1.2648e+06 1.15373e+06 1.40386e+06 1.1188e+06 964557 2.67302e+06 939187 879084 861013 1.08993e+06 1.05856e+06 844868 814493 831885 798535 1.99656e+06 1.32626e+06 1.34101e+06 1.27624e+06 1.55347e+06 1.17788e+06 1.07463e+06 955020 2.08009e+06 1.58336e+06 988282 1.39535e+06 2.2012e+06 853980 1.59912e+06 1.21859e+06 852356 897798 2.56825e+06 4.98624e+06 2.03133e+06 1.77696e+06 1.58942e+06 1.27747e+06 1.38464e+06 1.98058e+06 1.00625e+06 949990 852141 1.38341e+06
threshold=1.0000000180025095e-35 941.96428571428589 1.0000000180025095e-35 4055.0000000000005 19545.000000000004 1.0000000180025095e-35 5505.0000000000009 11825.000000000002 41980.000000000007 41575.000000000007 1497.6785714285718 42325.000000000007 -470.34214285714285 41665.000000000007 32345.000000000004 165.00000000000003 1191.9550000000002 -1109.8949999999998 -898.20660714285702 340.00500000000005 183683.19000000003 18.750000000000004 555.07392857142861 6415.0000000000009 1792.1428571428576 -1840.618214285714 -810.40696428571437 -663.3453571428571 -596.87499999999989 -6387.1899999999987 47855.000000000007 2532.4050000000002 22345.000000000004 1.0000000180025095e-35 2477.1428571428573 4.5000000000000009 -448.45642857142849 431.00500000000005 -1572.9449999999999 2153.7500000000005 -589.52499999999986 1352.9978571428576 526.83160714285725 216.60714285714286 597.03107142857164 835.00000000000011 -778.15071428571412 13.500000000000002 2675.0000000000005 703.39285714285722 1963.214285714286 19.500000000000004 7095.6800000000012 207.85714285714289 1.5026785714285733 1.0000000180025095e-35 2.5000000000000004 22075.000000000004 1758.0357142857144 1320.714285714286 1620.2642857142862 -538.59999999999991
decision_type=2 2 2 2 2 2 2 2 2 2 2 2 2 2 2 2 2 2 2 2 2 2 2 2 2 2 2 2 2 2 2 2 2 2 2 2 2 2 2 2 2 2 2 2 2 2 2 2 2 2 2 2 2 2 2 2 2 2 2 2 2 2
left_child=1 3 -3 -1 5 23 7 21 9 13 -11 12 -10 14 20 18 -17 -8 -13 -20 25 22 -7 -5 -18 28 27 -27 -2 30 -21 32 35 -33 37 38 -37 -35 -28 42 -41 -42 -40 45 -45 47 -47 -44 -39 50 54 -52 53 -51 -50 56 57 -54 59 -58 61 -48
right_child=8 2 -4 4 -6 6 17 -9 11 10 -12 15 -14 -15 -16 16 24 -19 19 29 -22 -23 -24 -25 -26 26 31 -29 -30 -31 -32 33 -34 34 -36 36 -38 48 39 40 41 -43 43 44 -46 46 60 -49 49 52 51 -53 55 -55 -56 -57 58 -59 -60 -61 -62 -63
leaf_value=20.066112208737401 0.32443316513960896 -13.393193996681854 51.966009330956616 7.3687629587993246 -17.498811320450873 4.7891947327890225 -1.8720761848261469 -13.1119346311205 -45.520993054949209 -25.71240182259864 79.098153091351762 10.895852476147924 1.5335564265361898 -22.400457739859789 27.589070332189682 14.558842782917734 -0.75553881425970126 19.746463227491489 -20.66342885683207 -2.0648549760593133 -15.97729641722767 2.1081988489528114 -23.539794723283403 27.28877108748933 7.9307059708467378 -20.15607049574546 16.230222793198088 -3.2859029080487812 18.994141924672629 -2.5176544906012359 -21.652122550782117 -13.603026890678334 18.719482257666982 -1.8548549886581274 -11.476940482563665 23.94496551727082 -2.3064945982957439 -4.0968871832912885 0.26870093070563472 -12.72931339462907 6.3610781155901561 28.561556504095087 -17.679058237435211 -24.234883942118017 -2.5021982058912986 -11.007121769874699 2.2146023974753026 2.2752263498342375 2.5299698515004048 11.083563800288351 43.667200201060105 -0.23012878614013152 3.3491952358939852 -5.7546919713544833 -0.55081113458368092 -8.3570210267570797 8.1964747886262526 25.879314207014307 -13.147209989605386 -6.4557459518972751 -0.6243296116879411 25.169468104356199
leaf_weight=61 50 40 46 58 46 80 42 73 50 70 64 58 71 40 47 78 648 76 46 41 44 765 57 40 142 49 42 154 47 1755 46 78 59 4157 111 50 41 450 21461 45 148 41 57 75 123 58 52 66 2772 67 41 70 789 961 4230 121 82 41 81 96 67 53
leaf_count=61 50 40 46 58 46 80 42 73 50 70 64 58 71 40 47 78 648 76 46 41 44 765 57 40 142 49 42 154 47 1755 46 78 59 4157 111 50 41 450 21461 45 148 41 57 75 123 58 52 66 2772 67 41 70 789 961 4230 121 82 41 81 96 67 53
internal_value=0.0125892 3.55118 21.5762 2.35613 1.48202 2.21582 1.02326 -0.312307 -0.10959 0.0490626 24.3572 -2.11772 -17.9212 -0.0389667 -0.0147461 -1.43788 2.04279 12.0542 -2.99042 -3.41729 -0.0499152 0.724247 -7.00157 15.5092 0.806183 -0.0308938 -0.0557094 -7.362 9.37576 -2.98605 -12.4279 -0.0151587 0.355808 -0.603534 -0.531415 0.307352 12.1226 -0.444331 0.259085 0.228895 6.58301 11.1834 0.161332 -4.02024 -10.7383 -0.251015 3.34571 -6.97527 0.153936 0.35852 0.908142 15.9965 -1.38831 -4.65677 0.668838 1.3886 2.47178 4.46363 -3.91096 0.294532 8.18744 13.8079
internal_weight=41469 1384 86 1298 1237 1191 1093 975 40085 37150 134 2935 121 37016 36976 2814 868 118 1946 1888 36929 902 137 98 790 36885 36788 203 97 1842 87 36585 22438 14147 14069 22379 91 13958 22288 22246 234 189 22012 551 198 353 230 123 9801 9351 7113 111 2238 1028 7002 1210 1089 830 259 178 172 105
internal_count=41469 1384 86 1298 1237 1191 1093 975 40085 37150 134 2935 121 37016 36976 2814 868 118 1946 1888 36929 902 137 98 790 36885 36788 203 97 1842 87 36585 22438 14147 14069 22379 91 13958 22288 22246 234 189 22012 551 198 353 230 123 9801 9351 7113 111 2238 1028 7002 1210 1089 830 259 178 172 105
is_linear=0
shrinkage=0.1


Tree=48
num_leaves=63
num_cat=0
split_feature=21 24 30 23 0 23 2 32 32 21 34 34 28 21 7 33 29 23 28 29 24 23 22 22 30 24 33 25 22 23 23 23 24 17 33 30 28 23 20 20 23 24 33 25 30 23 24 33 31 25 29 20 33 19 21 26 32 23 23 33 23 7
split_gain=1.60347e+06 6.25573e+06 1.39966e+06 2.83899e+06 1.9305e+06 1.46827e+06 2.1378e+06 1.24889e+06 1.23617e+06 1.1419e+06 1.12807e+06 1.05442e+06 1.07181e+06 1.30598e+06 984870 1.66283e+06 4.11822e+06 1.90388e+06 3.85059e+06 3.45291e+06 1.69776e+06 1.92733e+06 2.02746e+06 1.68847e+06 1.56875e+06 1.2374e+06 2.76157e+06 2.91853e+06 1.15576e+06 2.49749e+06 2.799e+07 4.17206e+06 1.95738e+06 2.10338e+06 1.56833e+06 1.06781e+07 4.55537e+06 4.94606e+06 1.82579e+06 2.17545e+06 1.63497e+06 1.55861e+06 1.40922e+06 1.26602e+06 1.1228e+06 1.52822e+06 1.51586e+06 1.19694e+06 1.46016e+06 2.45865e+06 1.44739e+06 1.22422e+06 1.18994e+06 1.07288e+06 1.06918e+06 1.25583e+06 1.02874e+06 996512 1.21919e+06 1.09032e+06 1.1707e+06 990326
threshold=81.786071428571447 884.25303571428583 38544.735000000008 1534.1071428571429 24.500000000000004 2666.9642857142862 1.0000000180025095e-35 1630.714285714286 1176.4285714285718 3102.5000000000005 1.0000000180025095e-35 20.500000000000004 82525.000000000015 1809.6428571428573 781.84500000000014 602.19500000000005 39762.455000000009 865.53571428571433 11925.000000000002 10444.200000000003 1404.3982142857146 1364.464285714286 -675.90999999999985 -1696.8382142857138 21725.000000000004 1754.3467857142857 887.69803571428577 -67.861428571428561 -272.07928571428567 1497.6785714285718 1514.8214285714287 1461.964285714286 1414.2994642857145 -951.27666666666653 61.250000000000007 1635.0000000000002 15905.000000000002 294.10714285714295 -778.15071428571412 -485.95214285714275 975.17857142857156 562.4623214285715 50.892857142857146 400.37482142857158 11825.000000000002 1380.1785714285718 1063.3928571428576 289.82142857142861 3.5000000000000004 130.36678571428567 26504.085000000003 -1580.7792857142854 266.25000000000006 1384.3485714285719 2254.013928571429 7825.0000000000009 329.28571428571433 1084.8214285714287 947.32142857142867 345.1785714285715 1185.5357142857144 -669.43999999999994
decision_type=2 2 2 2 2 2 2 2 2 2 2 2 2 2 2 2 2 2 2 2 2 2 2 2 2 2 2 2 2 2 2 2 2 2 2 2 2 2 2 2 2 2 2 2 2 2 2 2 2 2 2 2 2 2 2 2 2 2 2 2 2 2
left_child=1 -1 5 8 9 10 11 -6 -4 -5 -2 12 13 -7 15 16 28 18 19 -17 21 -19 -23 -20 -25 -16 27 -27 29 31 -31 34 33 53 35 36 37 -12 -39 40 -40 -38 -43 44 46 56 47 48 50 -50 52 -49 -36 -32 -22 -56 -46 58 -48 60 -59 -60
right_child=2 -3 3 4 7 6 -8 -9 -10 -11 14 -13 -14 -15 25 17 -18 20 23 -21 54 22 -24 24 -26 26 -28 -29 -30 30 32 -33 -34 -35 43 -37 41 38 39 -41 -42 42 -44 -45 45 -47 57 51 49 -51 -52 -53 -54 -55 55 -57 -58 59 61 -61 -62 -63
leaf_value=2.2595183638958658 1.5499905918845145 42.843984640356112 -34.963124610243675 23.171431552634559 -18.017938918238514 -21.653706344484135 -22.385359066393409 2.4825516691260821 -11.261266406425765 0.19117574448539909 34.289279512743029 12.157001722338139 7.0235688000612981 1.273705328119735 0.30079547764447634 5.3182957565406559 22.955730523264776 -3.2328695933850491 14.894026487217923 44.120838090243794 -0.6032007549451166 -26.35236185198864 -8.1064165828810015 0.11653498030758298 -20.719925752863858 40.272314871301319 2.356521020743052 6.4998913103127469 -0.58679543542833767 87.889399961169147 -23.39935409965166 -29.857807716598263 20.304288459657585 2.8699763479767579 -0.73782094988914049 55.090061669224667 13.308956507772519 -12.885647508735929 33.914604455502612 -0.17346374535377942 8.9286040003845528 -9.8315648136777689 4.9123807888507551 -13.500881058008336 -16.723451978671282 13.364221419466569 2.2922395810268794 -17.112543531962114 25.540176141584244 -4.2019951102082107 14.04478081278131 -2.2979100833117245 6.4374907709802187 -2.972880201149199 -11.371510190153751 -1.9850867839349426 -4.0054387234122357 8.2826060477864871 23.431143349002234 4.0380873120070175 -11.245604847659024 8.0775140026597843
leaf_weight=508 3980 41 40 40 66 57 71 54 49 47 70 41 44 44 4432 52 77 830 46 41 2609 77 291 109 54 41 891 68 19366 40 60 45 40 197 2374 40 43 49 43 137 67 309 82 68 86 40 162 59 61 51 75 1008 256 45 216 419 244 43 71 516 107 103
leaf_count=508 3980 41 40 40 66 57 71 54 49 47 70 41 44 44 4432 52 77 830 46 41 2609 77 291 109 54 41 891 68 19366 40 60 45 40 197 2374 40 43 49 43 137 67 309 82 68 86 40 162 59 61 51 75 1008 256 45 216 419 244 43 71 516 107 103
internal_value=-0.0740061 5.29405 -0.146346 -6.99722 -0.574148 -0.0962008 -7.62993 -8.79548 -21.9275 10.7641 -0.0480159 -1.99295 -5.99682 -11.6698 -0.223662 -0.442758 -0.128991 -2.16462 5.51781 22.4394 -2.68699 -5.90399 -11.9273 -2.01542 -6.79055 1.01774 4.19507 19.216 -0.197515 0.946284 8.79368 0.463416 -0.468759 -3.22308 0.685016 4.70064 2.17787 10.3943 4.73862 8.23685 18.7069 -4.75158 -6.73924 0.0514077 0.226869 -5.08402 0.629094 -0.265556 0.81485 12.001 0.351475 -3.11786 -0.0392766 -14.6508 -1.49888 -5.1786 -7.32188 4.09682 8.53634 1.85659 -5.64659 14.3475
internal_weight=41292 549 40743 296 207 40447 257 120 89 87 40190 186 145 101 36210 30778 26034 4744 302 93 4442 1198 368 209 163 5432 1000 109 25957 6591 382 6209 342 302 6164 840 800 366 296 247 110 434 391 5324 5256 370 4886 3884 2817 112 2705 1067 2630 105 3244 635 330 1002 336 666 150 174
internal_count=41292 549 40743 296 207 40447 257 120 89 87 40190 186 145 101 36210 30778 26034 4744 302 93 4442 1198 368 209 163 5432 1000 109 25957 6591 382 6209 342 302 6164 840 800 366 296 247 110 434 391 5324 5256 370 4886 3884 2817 112 2705 1067 2630 105 3244 635 330 1002 336 666 150 174
is_linear=0
shrinkage=0.1


Tree=49
num_leaves=63
num_cat=0
split_feature=21 24 17 30 23 35 20 18 0 26 25 26 25 34 26 30 35 28 28 25 23 9 20 30 26 4 9 0 20 0 7 35 20 24 25 28 24 23 8 35 28 34 17 20 25 35 24 30 23 18 21 24 30 35 14 25 28 29 35 20 7 35
split_gain=1.55803e+06 5.98578e+06 933326 1.28993e+06 1.11178e+06 2.8732e+06 2.16126e+06 3.08691e+06 2.09871e+06 893262 2.11772e+06 1.93409e+06 2.86567e+06 1.59479e+06 1.43461e+06 1.84401e+06 1.90674e+06 1.78668e+06 1.25188e+06 1.06719e+06 998691 985705 952902 905137 1.55591e+06 891247 3.40635e+06 2.86446e+06 5.75591e+06 1.83991e+06 3.63137e+06 4.11808e+06 1.89653e+06 5.4644e+06 1.46734e+06 1.19313e+06 1.52471e+06 1.84669e+06 1.98221e+06 1.61679e+06 2.15004e+06 1.26774e+06 1.2641e+06 2.25498e+06 1.19214e+06 1.10728e+06 2.66913e+06 1.02345e+06 1.82538e+06 1.01609e+06 994855 975324 1.03661e+06 1.54779e+06 1.61646e+06 1.64719e+06 1.45913e+06 1.43813e+06 1.937e+06 2.30946e+06 1.86825e+06 1.69023e+06
threshold=51.534642857142863 634.01410714285726 -5219.1216666666651 52175.000000000007 2666.9642857142862 110465.84000000001 -552.75714285714275 2869.2857142857147 16.500000000000004 3355.0000000000005 -1475.7339285714286 3295.0000000000005 194.71625000000003 18.500000000000004 4605.0000000000009 14000.000000000002 26373.060000000005 49540.000000000007 1095.0000000000002 47.587857142857153 2079.4642857142862 -918.97499999999991 -1580.7792857142854 10665.000000000002 3685.0000000000005 13.500000000000002 11080.000000000002 15.500000000000002 -222.04357142857143 18.500000000000004 -689.89499999999987 27908.945000000003 -1215.347857142857 1107.6594642857146 -65.547142857142831 10995.000000000002 551.57875000000013 525.53571428571433 -315.88499999999993 31756.850000000002 10835.000000000002 19.500000000000004 1545.0000000000002 418.29785714285714 -83.409642857142941 25225.705000000005 844.05982142857158 27265.000000000004 1632.3214285714287 727.857142857143 212.92035714285717 1754.3467857142857 7813.0900000000011 38971.245000000003 1.0000000180025095e-35 269.74196428571435 42325.000000000007 23490.960000000003 6850.1550000000016 -386.64928571428567 -579.15999999999997 18667.950000000001
decision_type=2 2 2 2 2 2 2 2 2 2 2 2 2 2 2 2 2 2 2 2 2 2 2 2 2 2 2 2 2 2 2 2 2 2 2 2 2 2 2 2 2 2 2 2 2 2 2 2 2 2 2 2 2 2 2 2 2 2 2 2 2 2
left_child=1 -1 -2 4 9 6 8 -8 -6 10 -4 20 -13 14 15 17 -17 19 21 22 25 -16 -11 -21 -25 26 27 28 -12 30 31 34 33 -31 -29 36 49 38 -38 40 42 -37 45 -44 -43 -39 -47 51 -49 -27 -51 52 57 54 55 -54 -57 -34 59 60 -59 -60
right_child=2 -3 3 -5 5 -7 7 -9 -10 13 11 12 -14 -15 18 16 -18 -19 -20 23 -22 -23 -24 24 -26 35 -28 29 -30 32 -32 -33 47 -35 -36 41 37 39 -40 -41 -42 44 43 -45 -46 46 -48 48 -50 50 -52 -53 53 -55 -56 56 -58 58 61 -61 -62 -63
leaf_value=2.1363918149442824 -7.7363928643050217 42.913204505529905 23.024863669875192 17.09058721587823 -4.8821636566657407 -23.047866295465706 -28.99357899063568 7.827480739050916 26.585405930192042 -14.175265707760657 -44.348493920665298 4.2123709888647403 31.900659700149038 -20.362132923786014 -19.954432584330462 -6.1971136047628654 -28.135775573444672 18.462405261495462 0.36837175352771984 -4.4471307121028421 5.1006602957364402 -3.8270610031713703 -0.085620925430752864 19.99906048610293 -2.5596149515222621 -0.085623500779559325 29.217073036600951 25.2918748040371 -1.2594230581571975 -3.5287480767959276 1.8316843900903892 40.704263022515214 0.42491731323899817 42.905289711160464 4.6095068100111538 -1.0082752035296279 24.484315645123921 0.87332938482692313 2.7715081926267491 -5.8945385329891877 21.60789725487151 -16.487602720559753 31.019951857758528 1.5608632703957568 -3.8780832609644196 27.461516812259021 0.28228371164111138 -26.134318343887617 3.7011633286719943 -0.28957242253099053 -6.3970919469293062 11.94740530314502 -3.3752742333368846 13.399147221141474 0.70402568520947861 -24.355563923310953 -3.3956811069937509 11.691952097460572 -1.0064932446669517 2.7363475589919291 42.266273345423407 15.236046994599569
leaf_weight=356 157 40 41 44 40 75 45 46 45 49 42 247 44 41 45 226 48 44 8114 1521 411 239 2244 42 112 3570 42 43 118 69 1125 50 6798 40 169 5979 72 3734 101 293 54 94 40 74 370 54 109 40 42 493 581 72 923 66 1013 76 59 40 338 77 40 79
leaf_count=356 157 40 41 44 40 75 45 46 45 49 42 247 44 41 45 226 48 44 8114 1521 411 239 2244 42 112 3570 42 43 118 69 1125 50 6798 40 169 5979 72 3734 101 293 54 94 40 74 370 54 109 40 42 493 581 72 923 66 1013 76 59 40 338 77 40 79
internal_value=0.0182319 6.26017 -0.0422124 -0.0125532 -0.0310651 -6.66523 0.320543 -10.3866 11.7829 0.0101123 0.328505 0.294846 8.40369 -0.683519 -0.619829 -2.10849 -10.0448 -1.56636 0.139934 -1.78869 0.20868 -6.38553 -0.387013 -3.70744 3.59721 0.134146 0.808036 0.702493 -12.5807 0.893006 4.30125 14.9029 0.409232 13.5231 8.80951 -0.356063 0.376375 1.68146 11.8125 1.27915 1.79629 -1.39907 1.5293 11.9065 -6.43411 1.22558 9.29214 0.261236 -10.8597 -0.896953 -3.5937 0.356473 0.268646 -1.67056 -2.15113 -4.88475 -15.2 0.830793 5.6372 15.1027 26.996 2.07208
internal_weight=41295 396 40899 40742 40698 251 176 91 85 40447 27722 27681 291 12725 12684 4286 274 4012 8398 3968 27390 284 2293 1675 154 26979 11361 11319 160 11159 1387 262 9772 109 212 15618 9175 4531 173 4358 4065 6443 4011 114 464 3897 163 9663 82 4644 1074 9581 9509 2137 2071 1058 135 7372 574 157 80 417
internal_count=41295 396 40899 40742 40698 251 176 91 85 40447 27722 27681 291 12725 12684 4286 274 4012 8398 3968 27390 284 2293 1675 154 26979 11361 11319 160 11159 1387 262 9772 109 212 15618 9175 4531 173 4358 4065 6443 4011 114 464 3897 163 9663 82 4644 1074 9581 9509 2137 2071 1058 135 7372 574 157 80 417
is_linear=0
shrinkage=0.1


Tree=50
num_leaves=63
num_cat=0
split_feature=28 28 17 29 16 25 28 22 16 35 29 30 26 23 21 21 30 32 9 8 25 35 35 33 11 22 22 23 16 30 5 33 24 26 28 21 35 23 23 31 7 24 28 22 20 22 23 26 30 24 33 25 31 23 30 24 29 21 20 31 17 25
split_gain=1.50457e+06 1.35204e+07 5.19821e+07 3.7102e+06 2.64936e+07 2.81836e+06 2.19956e+06 5.24467e+06 2.13158e+06 1.76381e+06 1.41312e+06 1.43039e+06 2.56107e+06 1.32909e+06 1.295e+06 1.21034e+06 1.90314e+06 1.34916e+06 1.15393e+06 1.10631e+06 1.07321e+06 1.05719e+06 1.35097e+06 1.12391e+06 1.0936e+06 1.03517e+06 1.03496e+06 997320 830355 993162 807090 768492 1.67026e+06 1.85364e+06 1.71992e+06 1.56852e+06 1.58039e+06 2.36447e+06 3.55413e+06 1.39664e+06 1.1582e+06 1.13903e+06 3.65239e+06 2.3482e+06 1.54742e+06 3.5946e+06 3.27717e+06 1.74397e+06 1.59189e+06 2.62276e+06 1.97831e+06 1.89342e+06 1.54963e+06 1.93341e+06 1.45043e+06 1.34147e+06 1.59368e+06 2.12738e+06 1.4803e+06 1.32471e+06 1.26972e+06 1.12976e+06
threshold=41980.000000000007 41575.000000000007 -1278.843333333333 40732.455000000009 1.0000000180025095e-35 -898.20660714285702 42325.000000000007 -470.34214285714285 115.00000000000001 340.00500000000005 46340.000000000007 24730.615000000002 7570.0000000000009 1809.1071428571429 1607.5000000000002 1736.5514285714287 27265.000000000004 2023.5714285714287 -5678.4999999999991 341.55500000000006 -1097.8932142857141 183683.19000000003 96433.185000000012 2123.3928571428573 395.00000000000006 367.17750000000007 -1500.8071428571427 1380.1785714285718 683.85833333333346 38544.735000000008 201.39500000000001 301.96428571428578 873.63107142857154 495.00000000000006 21675.000000000004 592.91535714285726 11956.015000000001 828.39285714285722 731.607142857143 4.5000000000000009 625.00000000000011 534.34500000000014 17085.000000000004 -862.2032142857139 -778.15071428571412 -337.12821428571425 546.607142857143 2101.6900000000005 1835.0000000000002 1063.3928571428576 158.36446428571432 101.06910714285719 1.5000000000000002 833.39285714285722 3125.0000000000005 1138.9982142857145 19451.420000000002 502.88464285714292 -397.14285714285705 2.5000000000000004 1615.0000000000002 373.61000000000007
decision_type=2 2 2 2 2 2 2 2 2 2 2 2 2 2 2 2 2 2 2 2 2 2 2 2 2 2 2 2 2 2 2 2 2 2 2 2 2 2 2 2 2 2 2 2 2 2 2 2 2 2 2 2 2 2 2 2 2 2 2 2 2 2
left_child=1 3 -3 21 -5 -6 7 -2 -8 -10 14 12 30 27 20 19 -17 28 -16 -13 -11 22 23 31 -24 -4 -22 -7 -18 -30 -12 39 35 34 -34 36 -33 38 -38 41 61 -1 43 -43 47 46 -46 -45 60 50 54 52 53 -52 -50 56 -44 -58 -57 -56 -47 -35
right_child=6 2 25 4 5 13 8 -9 9 10 11 15 -14 -15 18 16 17 -19 -20 -21 26 -23 24 -25 -26 -27 -28 -29 29 -31 -32 32 33 40 -36 -37 37 -39 -40 -41 -42 42 55 44 45 48 -48 -49 49 -51 51 -53 -54 -55 59 58 57 -59 -60 -61 -62 -63
leaf_value=-0.54033163099682691 -37.816516949511559 111.94994313221838 -25.060958285564197 85.827407551624901 -24.164251780426881 -0.096867820570909813 -17.687030077071075 2.8530061458088944 -21.63324575639091 13.848596346962351 -9.6529579186707419 20.112711836716858 27.630430968298114 -6.9600643217522267 -17.892576788824766 -20.917996067448456 7.0082403529274364 7.30598203244966 -4.1684019285158369 2.7604225267748124 14.638250167134544 -15.620965171663327 17.38328749685536 -16.535559030920812 3.4168264472513714 -3.9553201186210347 -1.3098342149044844 17.398912499657907 -3.164130385323551 -19.380583312628158 9.6618177426102072 -1.6694945081845631 -1.9990733907957932 -0.32301711576562009 -29.382536724801483 -4.0420111154337706 0.73616515487326173 0.17610132629404343 41.624850064232248 13.673014464233589 1.5315655990411043 26.275512600498889 -0.96434478127437484 -24.393971812738602 37.909532710143857 0.44800422744770219 9.1472765980994151 3.2969902176406003 5.3585928681554522 29.506022621914475 6.8973747506182264 -3.4818806539364537 1.9836150916959632 27.943208152264152 11.066900486335593 -18.154280051746404 24.162566258228061 1.9052483446854929 -1.3082416531072376 30.228785768646642 14.923201304611712 -6.2523266091084091
leaf_weight=8557 56 51 42 41 43 57 79 73 41 52 40 52 60 72 67 47 52 166 711 125 42 43 71 41 266 52 1260 76 154 50 47 545 52 8452 41 2165 42 136 43 79 3850 43 5963 44 48 2590 226 47 239 41 342 406 849 50 105 88 44 1711 128 55 62 334
leaf_count=8557 56 51 42 41 43 57 79 73 41 52 40 52 60 72 67 47 52 166 711 125 42 43 71 41 266 52 1260 76 154 50 47 545 52 8452 41 2165 42 136 43 79 3850 43 5963 44 48 2590 226 47 239 41 342 406 849 50 105 88 44 1711 128 55 62 334
internal_value=0.069572 0.243259 30.7159 0.127207 11.4137 -0.903397 -2.02252 -14.8098 -1.48056 -1.0486 -0.759701 2.84417 11.7456 3.98039 -2.1002 0.817848 -1.84135 0.285511 -5.35138 7.86254 -0.231962 0.0408965 0.0587549 0.00198179 6.36147 -13.3939 -0.794834 9.90346 -4.26734 -7.14255 0.78096 0.0201446 -0.51383 -0.0182541 -14.0807 -2.66602 1.22304 8.35501 21.4334 0.405191 0.0852994 0.356719 0.943529 3.01813 2.82193 3.05657 14.1919 -10.098 2.4126 4.4786 3.97636 2.44569 4.385 9.58503 10.2936 -0.40233 -0.184773 2.46394 -8.17408 17.6612 0.786691 -0.548455
internal_weight=41406 38232 145 38087 289 248 3174 129 3045 2966 2925 793 147 205 2132 646 469 422 778 177 1354 37798 37755 37418 337 94 1302 133 256 204 87 37377 15660 12729 93 2931 766 221 85 21717 12636 21638 13081 5147 5104 5013 274 91 4739 2087 2046 1647 1241 392 399 7934 7718 1755 216 160 2652 8786
internal_count=41406 38232 145 38087 289 248 3174 129 3045 2966 2925 793 147 205 2132 646 469 422 778 177 1354 37798 37755 37418 337 94 1302 133 256 204 87 37377 15660 12729 93 2931 766 221 85 21717 12636 21638 13081 5147 5104 5013 274 91 4739 2087 2046 1647 1241 392 399 7934 7718 1755 216 160 2652 8786
is_linear=0
shrinkage=0.1


Tree=51
num_leaves=63
num_cat=0
split_feature=21 25 23 35 33 23 34 23 28 29 32 0 18 25 35 23 23 30 33 12 19 18 18 17 25 13 24 30 23 24 21 12 25 19 21 33 25 4 30 30 31 35 32 23 33 12 34 23 2 15 34 28 24 5 29 23 23 23 21 16 11 28
split_gain=1.1962e+06 4.01249e+06 1.09951e+06 2.45996e+06 735815 1.87143e+06 2.39684e+06 1.77531e+06 1.78915e+06 1.75074e+06 7.7525e+06 2.25375e+06 1.59598e+06 2.02119e+06 1.55391e+06 1.5707e+06 1.77316e+06 1.55998e+06 1.44125e+06 1.36294e+06 1.24875e+06 1.2378e+06 1.21537e+06 1.20917e+06 1.18855e+06 1.15101e+06 1.10516e+06 1.09673e+06 3.02808e+06 1.06866e+06 1.05423e+06 1.02254e+06 1.07151e+06 1.00663e+06 1.00318e+06 933160 892263 961166 885511 1.82185e+06 935595 1.63975e+06 2.5512e+06 857256 745422 733526 898667 1.22531e+06 1.61264e+06 1.81423e+06 1.21108e+06 1.13207e+06 1.0138e+06 977353 827231 807892 1.4008e+06 1.20888e+06 995660 1.00544e+06 1.67535e+06 924122
threshold=133.21428571428575 -425.61160714285705 3657.8571428571436 110465.84000000001 740.53571428571433 2037.5000000000002 13.500000000000002 2288.0357142857147 69245.000000000015 36705.000000000007 1284.2857142857144 24.500000000000004 1660.714285714286 120.65053571428582 110465.84000000001 1758.0357142857144 1534.1071428571429 34640.000000000007 975.38107142857154 1001.1750000000001 975.71428571428589 2926.428571428572 1873.5714285714287 640.22333333333347 -38.214285714285694 813.74500000000012 1983.0357142857144 26290.435000000001 1219.464285714286 1983.0357142857144 2156.7857142857151 1022.0050000000001 553.34839285714281 1351.7800000000002 1496.0582142857145 1125.1785714285718 -810.40696428571437 13.500000000000002 16540.000000000004 17340.000000000004 4.5000000000000009 15690.185000000003 270.71428571428578 2116.6071428571436 1489.8214285714287 755.00000000000011 19.500000000000004 905.89285714285722 1.0000000180025095e-35 411.66666666666669 17.500000000000004 6455.0000000000009 686.00964285714292 -518.41999999999996 35421.950000000004 1508.7500000000002 1497.6785714285718 1485.1785714285718 1470.9582142857146 856.76166666666666 791.82000000000005 27665.000000000004
decision_type=2 2 2 2 2 2 2 2 2 2 2 2 2 2 2 2 2 2 2 2 2 2 2 2 2 2 2 2 2 2 2 2 2 2 2 2 2 2 2 2 2 2 2 2 2 2 2 2 2 2 2 2 2 2 2 2 2 2 2 2 2 2
left_child=1 -1 4 -4 9 14 7 12 21 38 11 -11 13 -7 15 16 17 24 19 -14 -19 31 25 -13 27 33 -24 36 -29 -27 -16 32 35 -17 -18 -9 37 -6 40 -40 45 -42 -43 -20 -36 55 50 51 49 53 54 52 -48 -49 -47 56 57 -2 -57 60 61 -60
right_child=2 -3 3 -5 5 6 -8 8 -10 10 -12 23 18 -15 30 22 34 20 43 -21 -22 -23 26 -25 -26 29 -28 28 -30 -31 -32 -33 -34 -35 44 -37 -38 -39 39 -41 41 42 -44 -45 -46 46 47 48 -50 -51 -52 -53 -54 -55 -56 58 -58 -59 59 -61 -62 -63
leaf_value=34.46619264243099 -0.21004724702907729 2.0799500616077911 9.4293101721662822 -20.417887620474133 -21.925676892971246 -25.130705416884993 24.613069877343069 11.221950326173769 12.583754770075348 22.523482725994896 38.719605735883327 -2.1724551513663819 -9.1458708455178179 4.1894457746483216 -0.26321128576530189 7.8160899920520528 5.7670090916458063 -29.734708238808857 15.008350381307517 7.5490419526299197 -7.2118114277871674 8.2268849990809549 -6.6121874350418937 9.4065565316433428 -11.556291118576635 -10.902956987665219 7.6829553509677204 26.876015860444308 -8.8633670184281197 -26.17814633983183 18.734146333634058 -11.707317042735045 -17.730038259438853 -9.0354489126827602 -1.4541323093830454 -3.4046325962874358 -1.9424737365383735 -5.3796850218518451 -16.256627901337321 0.18170025709255389 -1.0721938312304238 35.691559676552536 -0.012687489513154335 5.7834125559169465 10.353073370362665 0.80795924654912143 0.5427343893514418 -2.7202017616017837 -21.947801617809244 -15.128239244255736 14.294007047951707 -3.1373595051914656 18.478607228693424 16.324773815478462 12.493044753156658 -4.3342710051875253 17.407826851687076 -15.925258697136464 10.681629981613506 -4.2094725084867282 23.411351097244516 -6.9233320068341788
leaf_weight=40 23768 854 43 77 46 41 44 55 66 48 62 480 115 55 61 46 324 40 128 85 64 65 155 111 154 145 83 45 50 67 56 214 41 154 852 210 1080 148 103 195 107 40 40 473 57 7955 72 72 64 81 68 254 56 43 61 979 45 49 55 134 47 65
leaf_count=40 23768 854 43 77 46 41 44 55 66 48 62 480 115 55 61 46 324 40 128 85 64 65 155 111 154 145 83 45 50 67 56 214 41 154 852 210 1080 148 103 195 107 40 40 473 57 7955 72 72 64 81 68 254 56 43 61 979 45 49 55 134 47 65
internal_value=-0.0871377 3.53085 -0.167217 -9.72313 -0.138732 -1.2465 1.61168 0.957118 -3.01793 0.0261996 4.97328 1.69621 3.84203 -8.33921 -2.50105 -2.879 -1.87044 -4.03799 5.30239 -2.05039 -15.8846 -4.77905 -7.31614 0.0028864 -3.22853 -10.6024 -1.62632 -2.29134 8.07099 -15.7356 8.83362 -6.40544 -2.69627 -5.15859 0.98978 -0.367364 -3.06434 -9.30763 -0.0747565 -5.50176 -0.0272591 7.02566 17.8505 7.74922 -0.713212 -0.0662118 0.723746 -2.87723 -8.17195 -3.66923 1.00974 0.727087 8.39387 4.40492 0.896958 -0.340382 -0.20909 -0.242413 -2.78785 2.24175 7.41793 1.14666
internal_weight=41287 894 40393 120 40273 5219 1592 1548 651 35054 701 639 897 96 3627 3510 2860 1627 801 200 104 585 650 591 1523 412 238 1369 95 212 117 520 306 200 1233 265 1274 194 34353 298 34055 187 80 601 909 33868 8726 642 260 196 8084 382 128 115 8016 25142 23862 23817 1280 301 167 120
internal_count=41287 894 40393 120 40273 5219 1592 1548 651 35054 701 639 897 96 3627 3510 2860 1627 801 200 104 585 650 591 1523 412 238 1369 95 212 117 520 306 200 1233 265 1274 194 34353 298 34055 187 80 601 909 33868 8726 642 260 196 8084 382 128 115 8016 25142 23862 23817 1280 301 167 120
is_linear=0
shrinkage=0.1


Tree=52
num_leaves=63
num_cat=0
split_feature=29 19 30 35 22 0 18 28 28 23 28 22 23 22 29 30 31 21 21 28 14 34 30 22 23 25 22 28 33 24 21 35 33 25 23 25 19 21 19 14 34 19 30 25 28 33 0 30 35 23 30 18 23 22 29 23 33 22 30 30 28 24
split_gain=1.40547e+06 8.41398e+06 6.9057e+06 2.28165e+06 1.69677e+06 1.78873e+06 1.45115e+06 1.29431e+06 9.37606e+06 3.03706e+07 1.65819e+06 4.53801e+06 1.06266e+06 2.08825e+06 869314 1.21788e+06 2.47744e+06 3.03682e+06 1.31643e+06 981609 797460 772124 987601 741496 729532 1.14824e+06 841029 2.37296e+06 724839 1.83129e+06 1.93167e+06 1.22838e+06 1.87754e+06 1.10143e+06 960246 956469 1.16632e+06 970019 977276 914918 977612 1.73396e+06 817466 1.10948e+06 1.17577e+06 878742 1.28979e+06 1.16015e+06 1.05084e+06 3.01873e+06 1.4708e+06 876301 1.28753e+06 2.40244e+06 909012 954436 934804 890562 788982 776665 772468 3.54027e+06
threshold=39762.455000000009 1.0000000180025095e-35 15298.660000000002 2747.7900000000004 -2063.4671428571423 28.500000000000004 2702.1428571428573 41980.000000000007 41575.000000000007 1497.6785714285718 42325.000000000007 -470.34214285714285 2346.9642857142862 -663.3453571428571 43125.000000000007 24730.615000000002 3.5000000000000004 1833.9285714285718 1433.7617857142861 38125.000000000007 1625.0000000000002 1.0000000180025095e-35 2205.0000000000005 -440.00357142857138 188.21428571428575 -469.73107142857151 -761.44678571428562 23625.000000000004 285.1785714285715 755.17857142857156 683.0907142857144 22607.355000000007 349.87214285714293 -898.20660714285702 998.75000000000011 823.29053571428574 851.72928571428577 438.67642857142863 179.28571428571431 1545.0000000000002 12.500000000000002 914.45571428571441 4275.0000000000009 457.18857142857149 21845.000000000004 758.75000000000011 15.500000000000002 5325.0000000000009 2144.8700000000003 793.03571428571433 12939.835000000001 1013.5714285714288 1112.3214285714287 886.83464285714297 13281.660000000002 850.89285714285722 558.46464285714296 247.00678571428574 22075.000000000004 4391.1650000000009 8835.0000000000018 637.87071428571437
decision_type=2 2 2 2 2 2 2 2 2 2 2 2 2 2 2 2 2 2 2 2 2 2 2 2 2 2 2 2 2 2 2 2 2 2 2 2 2 2 2 2 2 2 2 2 2 2 2 2 2 2 2 2 2 2 2 2 2 2 2 2 2 2
left_child=7 -2 -3 4 -4 -6 12 8 21 -10 11 -9 14 -14 19 16 20 18 -18 -5 -16 22 23 -1 -24 -26 27 -27 33 30 31 -30 -33 -23 -32 37 -37 -31 -39 42 58 -42 51 44 45 48 47 -47 49 -44 59 52 54 -54 55 56 -40 -57 -41 -50 61 -35
right_child=1 2 3 6 5 -7 -8 10 9 -11 -12 -13 13 -15 15 -17 17 -19 -20 -21 -22 28 24 -25 25 26 -28 -29 29 35 34 32 -34 60 -36 36 -38 38 39 40 41 -43 43 -45 -46 46 -48 -49 50 -51 -52 -53 53 -55 -56 57 -58 -59 -60 -61 -62 -63
leaf_value=-11.521596036932907 35.757696033506122 40.876112088813748 2.220125428691802 11.271976140679349 -6.6059079953902611 -33.959864676091307 15.871652425286667 -38.200521526275871 -19.952811903198199 83.892714616737763 -1.953623488373134 2.4435388483484979 11.691271929909339 -15.018805559635865 5.2287314402226581 0.88322903065624514 21.86192275057045 37.794454991780263 0.18655012484729327 -4.7352307023452349 -10.570602481391902 13.082776054047351 11.66739566376544 -0.93674226993841847 -12.568755270395977 29.972638068752794 1.5950863314332977 3.4500316171271863 -2.1627907469559511 6.3821854449270816 -6.8428392435083243 -2.7282894478980224 25.687044260362956 0.0084194997796246691 -20.503858209315634 -1.1329402020678572 -22.780409490197513 -14.350827515685001 -1.3383719855890548 0.50923841604200526 2.3436181629632626 25.987881506943125 1.1275361761430642 14.050777101300177 -1.2337894357273054 -16.002906962491455 12.726125859540101 -1.6602515809663512 13.781195001281368 30.509830945525888 20.366329938591452 -0.52731880230396067 -15.319971481869203 -1.0036011315406901 7.4674669783971996 -8.505442644476096 10.995060819391817 -0.62935042040736511 11.488364541041683 0.9875306244567178 -0.40818660789755701 5.8682424188110183
leaf_weight=74 74 43 58 44 51 45 67 47 60 53 1658 66 41 102 71 674 44 48 77 294 58 66 78 623 54 40 2520 214 735 214 630 52 42 6903 56 61 42 50 634 2749 111 43 111 55 3991 66 53 386 49 51 42 2140 230 239 95 382 68 230 67 1456 10775 1212
leaf_count=74 74 43 58 44 51 45 67 47 60 53 1658 66 41 102 71 674 44 48 77 294 58 66 78 623 54 40 2520 214 735 214 630 52 42 6903 56 61 42 50 634 2749 111 43 111 55 3991 66 53 386 49 51 42 2140 230 239 95 382 68 230 67 1456 10775 1212
internal_value=0.013495 2.75345 1.33002 0.313008 -11.2836 -19.4391 1.48827 -0.110514 0.0132738 28.769 -2.75269 -14.4709 0.824502 -7.35923 1.71809 3.23713 8.55998 16.5243 8.07432 -2.65008 -1.87615 -0.0729802 1.31918 -2.06128 2.13 1.86674 2.14798 7.63192 -0.220138 -0.7363 -4.03433 -0.785992 9.97478 0.191845 -7.95944 -0.3693 -9.96688 -0.296102 -0.403597 -0.350904 1.19502 8.95191 -0.797628 -0.0831304 -0.208524 1.63962 -2.02517 -3.75608 2.72258 10.3841 1.91996 -1.91079 -3.48722 -8.02532 -1.97643 -2.65947 -0.142975 -5.54577 0.770662 1.40452 0.14677 0.883633
internal_weight=41364 1791 1717 1674 154 96 1520 39573 37802 113 1771 113 1453 143 1310 972 298 169 121 338 129 37689 3603 697 2906 2828 2774 254 34086 15130 1515 829 94 18956 686 13615 103 13512 13298 13248 2970 154 10278 6260 6205 2214 505 452 1709 162 1547 4018 1878 469 1409 1314 702 612 2816 1505 18890 8115
internal_count=41364 1791 1717 1674 154 96 1520 39573 37802 113 1771 113 1453 143 1310 972 298 169 121 338 129 37689 3603 697 2906 2828 2774 254 34086 15130 1515 829 94 18956 686 13615 103 13512 13298 13248 2970 154 10278 6260 6205 2214 505 452 1709 162 1547 4018 1878 469 1409 1314 702 612 2816 1505 18890 8115
is_linear=0
shrinkage=0.1


Tree=53
num_leaves=63
num_cat=0
split_feature=30 24 34 13 19 29 15 9 22 28 23 34 18 7 25 17 32 17 26 32 26 26 26 22 29 30 30 28 30 2 28 19 28 9 24 26 8 6 9 1 28 28 30 34 11 28 20 34 32 23 30 21 21 28 26 32 27 25 32 32 28 9
split_gain=837517 2.34673e+06 4.54094e+06 3.75341e+06 2.64309e+06 2.27409e+06 1.3268e+06 971273 1.74815e+06 1.08405e+06 1.17134e+06 2.75802e+06 1.64981e+06 1.57625e+06 846012 1.63751e+06 1.90748e+06 856182 828420 718601 721340 946253 1.31002e+06 708595 1.42555e+06 8.08734e+06 5.60294e+06 2.39803e+06 2.59521e+06 1.82198e+06 2.96148e+06 1.78587e+06 1.71714e+06 1.73062e+06 1.56449e+06 1.6026e+06 1.3359e+06 1.12594e+06 1.32284e+06 1.05781e+06 1.34945e+06 1.49852e+06 1.28754e+06 1.02997e+06 860419 863841 819314 1.30725e+06 1.24188e+06 1.33459e+06 799479 936019 791329 1.28624e+06 744883 1.3418e+06 1.0614e+06 975715 939318 929355 1.37641e+06 769222
threshold=24730.615000000002 1670.5062500000001 10.500000000000002 305.00000000000006 687.41071428571433 48160.000000000007 1885.0000000000002 -6051.9799999999987 -1696.8382142857138 82525.000000000015 2666.9642857142862 15.500000000000002 2612.8571428571436 -579.15999999999997 -521.45321428571424 -5219.1216666666651 2282.8571428571436 1371.6666666666667 10440.000000000002 796.20214285714292 8205.0000000000018 9945.0000000000018 10840.000000000002 -901.79678571428565 27122.510000000006 8873.1300000000028 8005.0000000000009 48925.000000000007 16540.000000000004 1.0000000180025095e-35 865.00000000000011 1272.1428571428573 29355.000000000004 -2798.7649999999999 1288.6335714285717 5085.0000000000009 -639.89999999999986 -6259.4049999999988 -689.89499999999987 4.5000000000000009 40525.000000000007 42325.000000000007 13575.000000000002 13.500000000000002 683.47000000000014 41575.000000000007 -948.80714285714282 17.500000000000004 1525.4514285714288 1134.1071428571429 22075.000000000004 2513.9500000000003 1175.674642857143 43280.000000000007 7945.0000000000009 977.857142857143 1.0000000180025095e-35 -162.97946428571427 1439.2857142857144 959.28571428571433 17085.000000000004 1732.0550000000001
decision_type=2 2 2 2 2 2 2 2 2 2 2 2 2 2 2 2 2 2 2 2 2 2 2 2 2 2 2 2 2 2 2 2 2 2 2 2 2 2 2 2 2 2 2 2 2 2 2 2 2 2 2 2 2 2 2 2 2 2 2 2 2 2
left_child=5 3 4 -2 -3 7 -7 8 -1 10 23 12 -12 -13 15 -6 18 19 -17 -16 -21 -22 -23 24 29 26 31 32 -29 30 -9 -26 -27 36 -31 -36 -34 -35 44 40 -40 -42 -41 -32 52 -46 47 50 54 -50 51 -25 -39 -54 55 59 58 -56 -57 -48 -61 -59
right_child=1 2 -4 -5 14 6 -8 9 -10 -11 11 13 -14 -15 17 16 -18 -19 -20 20 21 22 -24 46 25 27 -28 28 -30 34 43 -33 33 37 35 -37 -38 38 39 42 41 -43 -44 -45 45 -47 48 -49 49 -51 -52 -53 53 -55 57 56 -58 61 -60 60 -62 -63
leaf_value=-23.726832730478119 -35.367700238364591 -25.588769480440302 23.301123059449473 -3.1358398159836915 -12.767742567767787 4.7148484827683079 27.773293843835631 24.378908820762948 -2.5521827928967227 13.351326593622431 -34.577529234227136 -8.97160382026739 -7.0321071447227386 19.085566067546793 -12.310252056882668 7.8594307449147536 19.883922767289718 5.1444978239363088 -7.3581618510874343 6.5699371535176887 -15.481593693209076 13.648124744003244 -5.2005593370496248 -1.4919345949608613 26.244965740880868 15.665402581368433 58.698465281092425 35.492915228987755 4.1044369427125842 -2.7650659915041182 0.035945602335574957 -1.6579267905814061 25.529835908630222 12.104211940626449 -31.648317732964063 -5.1534657458325368 0.0027261884827676202 6.681010783775867 1.5042895435238313 -1.3283405969662567 -25.461906135550979 -3.478386386431946 19.502532364793062 14.418076780321048 -7.8289580255207021 -23.706071146640255 0.14410398279953957 -16.496364049564271 -21.465915290840993 -3.3323246132570166 8.5854089000331832 -16.041293238852585 -17.251202639551618 5.4654109283332968 -3.2862357299052256 -5.2234171239698881 8.2178654596220024 3.7985808260436573 8.999160720327458 21.908394721643489 -2.5689458104457277 14.58880858803799
leaf_weight=42 54 48 72 109 52 56 45 55 536 61 43 40 44 40 109 71 75 97 72 64 69 43 257 2396 52 63 40 40 77 390 1149 41 40 48 42 50 42 49 233 69 47 91 52 52 80 60 31517 59 45 410 77 45 66 40 176 873 71 504 49 48 44 76
leaf_count=42 54 48 72 109 52 56 45 55 536 61 43 40 44 40 109 71 75 97 72 64 69 43 257 2396 52 63 40 40 77 390 1149 41 40 48 42 50 42 49 233 69 47 91 52 52 80 60 31517 59 45 410 77 45 66 40 176 873 71 504 49 48 44 76
internal_value=-0.0629036 -2.67515 -0.908912 -13.8215 -2.73148 0.0144321 14.9971 -0.0232632 -4.09275 0.0361609 0.0155942 -8.34042 -20.6586 5.06008 -1.52315 3.16971 6.97338 -3.50615 0.197497 -5.05467 -3.22699 -4.92686 -2.49707 0.0510603 1.53678 4.14185 27.4248 1.31791 14.8462 -0.306912 1.69884 13.9494 -0.297868 -1.39538 -5.53317 -17.2596 12.463 -2.757 -3.66411 -0.489239 -3.13735 -10.9721 7.62809 0.659231 -8.95816 -14.6395 -0.0701183 -1.78887 0.0608761 -5.12793 -1.44394 -1.76048 -3.82353 -8.68031 0.131659 0.0596974 -3.55975 3.23472 -4.4671 0.173408 10.2067 5.21362
internal_weight=41457 1192 1029 163 957 40265 101 40164 578 39586 39525 167 87 80 909 270 218 639 143 542 433 369 300 39358 2968 1230 133 1097 117 1738 1256 93 980 917 482 92 82 835 787 492 371 138 121 1201 295 140 36390 2577 33813 455 2518 2441 155 106 33358 32602 993 756 922 31609 92 580
internal_count=41457 1192 1029 163 957 40265 101 40164 578 39586 39525 167 87 80 909 270 218 639 143 542 433 369 300 39358 2968 1230 133 1097 117 1738 1256 93 980 917 482 92 82 835 787 492 371 138 121 1201 295 140 36390 2577 33813 455 2518 2441 155 106 33358 32602 993 756 922 31609 92 580
is_linear=0
shrinkage=0.1


end of trees

feature_importances:
roll_28_inflow=507
mtd_inflow=330
roll_28_net=244
mtd_cash_out_bdt=231
roll_14_net=203
balance_end_bdt=200
roll_28_cash_out_bdt=169
roll_28_outflow=161
roll_7_inflow=160
days_to_month_end=135
roll_14_outflow=124
mtd_outflow=95
max_7_outflow=91
roll_7_net=90
day_of_month=78
days_since_cash_out=68
roll_7_outflow=61
lag_14_net=55
mtd_cash_out_count=47
roll_7_cash_out_bdt=45
roll_3_outflow=42
roll_3_net=30
weekday=22
lag_1_inflow=21
lag_3_net=20
roll_3_inflow=20
lag_7_outflow=18
lag_7_net=17
lag_1_net=15
is_weekend=12
lag_2_outflow=9
lag_2_net=8
shortfall_last_7=7
lag_1_outflow=6
lag_3_outflow=6
is_month_end=1

parameters:
[boosting: gbdt]
[objective: regression]
[metric: l1]
[tree_learner: serial]
[device_type: cpu]
[data_sample_strategy: bagging]
[data: ]
[valid: ]
[num_iterations: 800]
[learning_rate: 0.1]
[num_leaves: 63]
[num_threads: 1]
[seed: 7]
[deterministic: 1]
[force_col_wise: 0]
[force_row_wise: 0]
[histogram_pool_size: -1]
[max_depth: -1]
[min_data_in_leaf: 40]
[min_sum_hessian_in_leaf: 0.001]
[bagging_fraction: 0.85]
[pos_bagging_fraction: 1]
[neg_bagging_fraction: 1]
[bagging_freq: 1]
[bagging_seed: 17422]
[bagging_by_query: 0]
[feature_fraction: 0.85]
[feature_fraction_bynode: 1]
[feature_fraction_seed: 7040]
[extra_trees: 0]
[extra_seed: 6516]
[early_stopping_round: 0]
[early_stopping_min_delta: 0]
[first_metric_only: 0]
[max_delta_step: 0]
[lambda_l1: 0.05]
[lambda_l2: 0.05]
[linear_lambda: 0]
[min_gain_to_split: 0]
[drop_rate: 0.1]
[max_drop: 50]
[skip_drop: 0.5]
[xgboost_dart_mode: 0]
[uniform_drop: 0]
[drop_seed: 15215]
[top_rate: 0.2]
[other_rate: 0.1]
[min_data_per_group: 100]
[max_cat_threshold: 32]
[cat_l2: 10]
[cat_smooth: 10]
[max_cat_to_onehot: 4]
[top_k: 20]
[monotone_constraints: ]
[monotone_constraints_method: basic]
[monotone_penalty: 0]
[feature_contri: ]
[forcedsplits_filename: ]
[refit_decay_rate: 0.9]
[cegb_tradeoff: 1]
[cegb_penalty_split: 0]
[cegb_penalty_feature_lazy: ]
[cegb_penalty_feature_coupled: ]
[path_smooth: 0]
[interaction_constraints: ]
[verbosity: -1]
[saved_feature_importance_type: 0]
[use_quantized_grad: 0]
[num_grad_quant_bins: 4]
[quant_train_renew_leaf: 0]
[stochastic_rounding: 1]
[linear_tree: 0]
[max_bin: 255]
[max_bin_by_feature: ]
[min_data_in_bin: 3]
[bin_construct_sample_cnt: 200000]
[data_random_seed: 61]
[is_enable_sparse: 1]
[enable_bundle: 1]
[use_missing: 1]
[zero_as_missing: 0]
[feature_pre_filter: 1]
[pre_partition: 0]
[two_round: 0]
[header: 0]
[label_column: ]
[weight_column: ]
[group_column: ]
[ignore_column: ]
[categorical_feature: ]
[forcedbins_filename: ]
[precise_float_parser: 0]
[parser_config_file: ]
[objective_seed: 15521]
[num_class: 1]
[is_unbalance: 0]
[scale_pos_weight: 1]
[sigmoid: 1]
[boost_from_average: 1]
[reg_sqrt: 0]
[alpha: 0.9]
[fair_c: 1]
[poisson_max_delta_step: 0.7]
[tweedie_variance_power: 1.5]
[lambdarank_truncation_level: 30]
[lambdarank_norm: 1]
[label_gain: ]
[lambdarank_position_bias_regularization: 0]
[eval_at: ]
[multi_error_top_k: 1]
[auc_mu_weights: ]
[num_machines: 1]
[local_listen_port: 12400]
[time_out: 120]
[machine_list_filename: ]
[machines: ]
[gpu_platform_id: -1]
[gpu_device_id: -1]
[gpu_device_id_list: ]
[gpu_use_dp: 0]
[num_gpu: 1]

end of parameters

pandas_categorical:[]
